file	line	kind	marker	status	assessment	context	source
CONTRIBUTING.md	187	doc-progress	explicitly; describe them as UNRUN. Tests must assert rows, authenticated sessions,	STILL TRUE — behavior/policy, not open work	Pending means operation/queue/phase state or a reporting rule. Read linked context; no missing implementation inferred.	if a required connection/certificate variable is absent, a service is unavailable, or a requested capability is missing. Without that flag local tests may be ignored explicitly; describe them as UNRUN. Tests must assert rows, authenticated sessions, round trips, replicated writes, cluster redirections, etc., not merely open sockets. 	https://github.com/PerryTS/turnloop/blob/a0fbb1bf9a100bb3215219f54301b9ee82ffe71f/CONTRIBUTING.md#L187
CONTRIBUTING.md	242	doc-progress	MySQL initialization crashes. Those real-server tests are **UNRUN (sandbox)**;	STILL TRUE — historical local; STALE as current coverage	P: real native and WASI 0.2 services; PW2/PW3: selected portable suites. Browser raw database TCP is unavailable; p3 real DB service run absent.	 In the managed macOS sandbox PostgreSQL initialization fails at `shmget` and MySQL initialization crashes. Those real-server tests are **UNRUN (sandbox)**; run the full command outside the sandbox. 	https://github.com/PerryTS/turnloop/blob/a0fbb1bf9a100bb3215219f54301b9ee82ffe71f/CONTRIBUTING.md#L242
CONTRIBUTING.md	248	doc-progress	effective TLS settings and pending restarts and print versions, roles and timeout	STILL TRUE — behavior/policy, not open work	Pending means operation/queue/phase state or a reporting rule. Read linked context; no missing implementation inferred.	`POSTGRES_USER`; a `postgres` database exists but a `postgres` role is not assumed. Both paths apply the same three SSL `ALTER SYSTEM` settings and reload, then check effective TLS settings and pending restarts and print versions, roles and timeout settings. The optional loopback TCP proxy preserves bytes and half-closes, opens one upstream connection per client, and reports forwarded bytes, connection counts	https://github.com/PerryTS/turnloop/blob/a0fbb1bf9a100bb3215219f54301b9ee82ffe71f/CONTRIBUTING.md#L248
CONTRIBUTING.md	282	doc-progress	required protocol job, independent of the pending production backend contracts.	STALE — current coverage/implementation	W2/W3 and PW2/PW3 execute. p3 bounded-host questions I04, files I06, p3 DNS I05 and compressed Mongo allocations I03 remain.	libtest CLI-argument lowering calling the generated allocator shim without a valid stack; these targets always run their full list, regardless of test filters. Both WASI 0.2 and 0.3 have a required protocol job, independent of the pending production backend contracts. For ring, install the same pinned C toolchain used by CI on Linux x86_64 or macOS arm64 (no system installation required):	https://github.com/PerryTS/turnloop/blob/a0fbb1bf9a100bb3215219f54301b9ee82ffe71f/CONTRIBUTING.md#L282
CONTRIBUTING.md	350	doc-progress	path is **UNRUN locally** because the development sandbox has no Docker.	STILL TRUE — historical local; STALE as current coverage	P: real native and WASI 0.2 services; PW2/PW3: selected portable suites. Browser raw database TCP is unavailable; p3 real DB service run absent.	suites. Mongo containers run with the host UID/GID, and their ownership labels are checked during cleanup. The Docker path is **UNRUN locally** because the development sandbox has no Docker.  Private server stdout and stderr are captured together under `.tools/`: Redis	https://github.com/PerryTS/turnloop/blob/a0fbb1bf9a100bb3215219f54301b9ee82ffe71f/CONTRIBUTING.md#L350
CONTRIBUTING.md	371	doc-progress	## Pending platform and measurement gates	MIXED — superseded execution and live limits	WEB: 13 production tests each Chrome/Firefox/Node. Historical standalone spike command was not rerun by these jobs. Historical host limits and remaining requirements stay valid; not a blanket pass.	are chained beneath the original startup/test error so both remain visible.  ## Pending platform and measurement gates  The `wasi` and `web` jobs run the production revision-2 providers and remain	https://github.com/PerryTS/turnloop/blob/a0fbb1bf9a100bb3215219f54301b9ee82ffe71f/CONTRIBUTING.md#L371
CONTRIBUTING.md	386	doc-progress	lifetime tests. The pending-contract metadata has been removed; zero counts fail	STILL TRUE — behavior/policy, not open work	Pending means operation/queue/phase state or a reporting rule. Read linked context; no missing implementation inferred.	The production IOCP backend implements revision 2 and runs the shared contracts, including no-spin and allocation gates, plus Windows process, console, GUI and lifetime tests. The pending-contract metadata has been removed; zero counts fail on Windows just as on Unix. Cross-compilation does not establish runtime coverage. 	https://github.com/PerryTS/turnloop/blob/a0fbb1bf9a100bb3215219f54301b9ee82ffe71f/CONTRIBUTING.md#L386
CONTRIBUTING.md	399	manual-doc-claim	These remain failing gates until the strict requirements pass.	STALE — current coverage	These gates now pass GATE/W2/W3/WEB; p3 bounded-host limitations remain I04.	  for setup, explicit platform exclusions and outstanding p3 runtime limitations.   These remain failing gates until the strict requirements pass. - **Linux instruction regression:** run against the committed baseline on Ubuntu   24.04 x86_64. Use the candidate command below only for a reviewed rebaseline;	https://github.com/PerryTS/turnloop/blob/a0fbb1bf9a100bb3215219f54301b9ee82ffe71f/CONTRIBUTING.md#L399
DESIGN.md	32	doc-progress	- **`fast`** does the same with a 1 ms timeout on every JS-work iteration while native work is pending (`async_bridge.rs:381`).	STILL TRUE — behavior/policy, not open work	Pending means operation/queue/phase state or a reporting rule. Read linked context; no missing implementation inferred.	 - **`sleep`** runs `RUNTIME.block_on(async { EVENT_READY.notified(); timeout(max(budget, 1 ms), notified) })` (`perry-stdlib/src/common/async_bridge.rs:314`). Every loop turn builds and tears down a `block_on`, a `Notify` registration and a timer-wheel entry, and never waits less than 1 ms. - **`fast`** does the same with a 1 ms timeout on every JS-work iteration while native work is pending (`async_bridge.rs:381`). - **Several ext crates** (pg, mysql2, mongodb, ioredis, fetch, nodemailer, axios) hand each request to a blocking-pool thread that calls `Handle::current().block_on`. 	https://github.com/PerryTS/turnloop/blob/a0fbb1bf9a100bb3215219f54301b9ee82ffe71f/DESIGN.md#L32
DESIGN.md	449	doc-progress	- A handle, pending operation or timer is **referenced** by default. `set_ref(h, false)` excludes it from `alive()`, but it still produces completions while something else keeps the loop running.	STILL TRUE — behavior/policy, not open work	Pending means operation/queue/phase state or a reporting rule. Read linked context; no missing implementation inferred.	## 8. Loop liveness and ref/unref  - A handle, pending operation or timer is **referenced** by default. `set_ref(h, false)` excludes it from `alive()`, but it still produces completions while something else keeps the loop running. - This is exactly Node's `ref()`/`unref()`. Perry implements it today in five places: timers (`timer.rs:916, 921`), dgram, child_process, ext-net (`option_setters.rs:60`) and the HTTP server. Bundled stdlib net has none (`net/mod.rs:1966–1974`). One mechanism replaces those. - `alive()` is O(1): a counter maintained on submit, complete and ref changes.	https://github.com/PerryTS/turnloop/blob/a0fbb1bf9a100bb3215219f54301b9ee82ffe71f/DESIGN.md#L449
DESIGN.md	459	doc-progress	| Event-loop phase order | Perry | Today one iteration runs microtasks → timers and immediates in the same batch → nextTick → intervals → cron → all I/O pumps → park (`promise/microtasks.rs:1192–1221`), which is **not** Node's order. Moving to turnloop is the opportunity to implement timers → pending → poll (`turn`) → check → close; gated by gap tests |	STILL TRUE — behavior/policy, not open work	Pending means operation/queue/phase state or a reporting rule. Read linked context; no missing implementation inferred.	| JS values, promises, callbacks | Perry | Tokens map to Perry-side records. Results convert to JS values on the main thread, as `spawn_for_promise_deferred` does today | | GC rooting and pinning | Perry | Root Buffers and pin promises from submit to completion; exactly-once completion (D4) gives the release point. `gc_register_mutable_root_scanner` stays Perry's | | Event-loop phase order | Perry | Today one iteration runs microtasks → timers and immediates in the same batch → nextTick → intervals → cron → all I/O pumps → park (`promise/microtasks.rs:1192–1221`), which is **not** Node's order. Moving to turnloop is the opportunity to implement timers → pending → poll (`turn`) → check → close; gated by gap tests | | Microtasks, nextTick | Perry | unchanged | | Error text and codes | Perry | Map `Error { kind, os }` to Node's `code`/`errno`/`syscall` |	https://github.com/PerryTS/turnloop/blob/a0fbb1bf9a100bb3215219f54301b9ee82ffe71f/DESIGN.md#L459
DESIGN.md	520	doc-progress	- GC stress with `PERRY_GC_SCHEDULE_SEED` + `PERRY_GC_PROTECT_FROMSPACE`, asserting collections landed while I/O was pending	STILL TRUE — behavior/policy, not open work	Pending means operation/queue/phase state or a reporting rule. Read linked context; no missing implementation inferred.	Each phase must pass all of these before it lands: - Perry's gap suite (fast and auto-optimize tiers) - GC stress with `PERRY_GC_SCHEDULE_SEED` + `PERRY_GC_PROTECT_FROMSPACE`, asserting collections landed while I/O was pending - an instruction A/B at cgu=1 with a control probe - a Windows CI arm	https://github.com/PerryTS/turnloop/blob/a0fbb1bf9a100bb3215219f54301b9ee82ffe71f/DESIGN.md#L520
LANES.md	22	doc-progress	- Report honestly: failing or unrun tests are listed as failing or unrun, with the command.	STILL TRUE — behavior/policy, not open work	Pending means operation/queue/phase state or a reporting rule. Read linked context; no missing implementation inferred.	- `unsafe` blocks carry a `// SAFETY:` comment; `#![deny(unsafe_op_in_unsafe_fn)]`. - `cargo fmt` and `cargo clippy -- -D warnings` (for each target you can check) before each commit. - Report honestly: failing or unrun tests are listed as failing or unrun, with the command.	https://github.com/PerryTS/turnloop/blob/a0fbb1bf9a100bb3215219f54301b9ee82ffe71f/LANES.md#L22
LANE_REPORT.md	71	doc-progress	- UNRUN (sandbox): PostgreSQL real suite. Attempted	STILL TRUE — historical local; STALE as current coverage	P: real native and WASI 0.2 services; PW2/PW3: selected portable suites. Browser raw database TCP is unavailable; p3 real DB service run absent.	- PASS: full WASI 0.2 portable protocol suites and DNS resolve/cancel slot reuse; final rerun includes all newest cancellation/selection/idle tests. - UNRUN (sandbox): PostgreSQL real suite. Attempted `python3 scripts/test-servers.py --services postgres run cargo test -p turnloop-postgres --features turnloop --test async_server -- --include-ignored --test-threads=1 --nocapture`. `initdb` failed at `shmget`, Operation not permitted, before tests launched.	https://github.com/PerryTS/turnloop/blob/a0fbb1bf9a100bb3215219f54301b9ee82ffe71f/LANE_REPORT.md#L71
LANE_REPORT.md	74	doc-progress	- UNRUN (sandbox): MySQL real suite. Attempted	STILL TRUE — historical local; STALE as current coverage	P: real native and WASI 0.2 services; PW2/PW3: selected portable suites. Browser raw database TCP is unavailable; p3 real DB service run absent.	`python3 scripts/test-servers.py --services postgres run cargo test -p turnloop-postgres --features turnloop --test async_server -- --include-ignored --test-threads=1 --nocapture`. `initdb` failed at `shmget`, Operation not permitted, before tests launched. - UNRUN (sandbox): MySQL real suite. Attempted `python3 scripts/test-servers.py --services mysql run cargo test -p turnloop-mysql --features turnloop --test async_server -- --include-ignored --test-threads=1 --nocapture`. `mysqld --initialize-insecure` crashed with SIGSEGV before tests launched.	https://github.com/PerryTS/turnloop/blob/a0fbb1bf9a100bb3215219f54301b9ee82ffe71f/LANE_REPORT.md#L74
LANE_REPORT.md	77	doc-progress	The ledger records these fixture commands as FAIL; adapter runtime is UNRUN.	STILL TRUE — historical local; STALE as current coverage	P: real native and WASI 0.2 services; PW2/PW3: selected portable suites. Browser raw database TCP is unavailable; p3 real DB service run absent.	`python3 scripts/test-servers.py --services mysql run cargo test -p turnloop-mysql --features turnloop --test async_server -- --include-ignored --test-threads=1 --nocapture`. `mysqld --initialize-insecure` crashed with SIGSEGV before tests launched. The ledger records these fixture commands as FAIL; adapter runtime is UNRUN. - FAIL (inherited integration dependency): Windows all-target Clippy cannot compile socket tests because `turnloop::backend::Platform` has no Windows	https://github.com/PerryTS/turnloop/blob/a0fbb1bf9a100bb3215219f54301b9ee82ffe71f/LANE_REPORT.md#L77
LANE_REPORT.md	92	doc-progress	- UNRUN: Windows/Linux runtime (hosts unavailable).	STILL TRUE — historical local; STALE as current coverage	N-W: required Windows default/executor/all-feature production suites execute; standalone spike reruns, ETW/cycles/minimum-version/long-soak are not implied.	required deterministic tests also cover positive/malformed wire records, off-loop worker completion and native resolver validation. - UNRUN: Windows/Linux runtime (hosts unavailable).  ## Deviations / proposed DESIGN changes	https://github.com/PerryTS/turnloop/blob/a0fbb1bf9a100bb3215219f54301b9ee82ffe71f/LANE_REPORT.md#L92
LANE_REPORT.md	142	doc-progress	- Out-of-sandbox SQL WASI rerun (UNRUN): source `.tools/wasm-env.sh`, then	STILL TRUE — historical local; STALE as current coverage	P: real native and WASI 0.2 services; PW2/PW3: selected portable suites. Browser raw database TCP is unavailable; p3 real DB service run absent.	- WASI 0.2 real runnable subset (PASS, first source `.tools/wasm-env.sh`): `python3 scripts/test-servers.py --services redis,mongodb,smtp run python3 scripts/ci/run-tests.py protocol-wasi --target wasm32-wasip2 --real-servers --package turnloop-redis --package turnloop-mongodb --package turnloop-smtp`. - Out-of-sandbox SQL WASI rerun (UNRUN): source `.tools/wasm-env.sh`, then `python3 scripts/test-servers.py --services postgres,mysql run python3 scripts/ci/run-tests.py protocol-wasi --target wasm32-wasip2 --real-servers --package turnloop-postgres --package turnloop-mysql`. - CI retains `protocol` and `protocol-wasi` in required `ci-gate` dependencies.	https://github.com/PerryTS/turnloop/blob/a0fbb1bf9a100bb3215219f54301b9ee82ffe71f/LANE_REPORT.md#L142
LANE_REPORT.md	184	doc-progress	| `cargo test --locked --workspace -- --test-threads=1` | PASS: 245 passed, 13 service tests ignored/UNRUN |	STILL TRUE — historical local; STALE as current coverage	P: real native and WASI 0.2 services; PW2/PW3: selected portable suites. Browser raw database TCP is unavailable; p3 real DB service run absent.	| Strict `cargo clippy --locked --workspace --all-targets`, default/all features, `-D warnings -D clippy::undocumented_unsafe_blocks` | PASS | | `cargo +stable check --locked --workspace --all-targets --all-features` | PASS | | `cargo test --locked --workspace -- --test-threads=1` | PASS: 245 passed, 13 service tests ignored/UNRUN | | Same workspace tests with `--all-features` | PASS: 300 passed, 20 service tests ignored/UNRUN | | `cargo test --locked -p turnloop-postgres -p turnloop-tls --all-features -- --test-threads=1` | PASS: final 34 passed, 5 real SQL tests ignored/UNRUN |	https://github.com/PerryTS/turnloop/blob/a0fbb1bf9a100bb3215219f54301b9ee82ffe71f/LANE_REPORT.md#L184
LANE_REPORT.md	185	doc-progress	| Same workspace tests with `--all-features` | PASS: 300 passed, 20 service tests ignored/UNRUN |	STILL TRUE — historical local; STALE as current coverage	P: real native and WASI 0.2 services; PW2/PW3: selected portable suites. Browser raw database TCP is unavailable; p3 real DB service run absent.	| `cargo +stable check --locked --workspace --all-targets --all-features` | PASS | | `cargo test --locked --workspace -- --test-threads=1` | PASS: 245 passed, 13 service tests ignored/UNRUN | | Same workspace tests with `--all-features` | PASS: 300 passed, 20 service tests ignored/UNRUN | | `cargo test --locked -p turnloop-postgres -p turnloop-tls --all-features -- --test-threads=1` | PASS: final 34 passed, 5 real SQL tests ignored/UNRUN | | Strict all-target/all-feature Clippy for both touched crates: WASI p2/p3, web, Linux x86_64 | PASS; p3 uses nightly-2026-09-07 |	https://github.com/PerryTS/turnloop/blob/a0fbb1bf9a100bb3215219f54301b9ee82ffe71f/LANE_REPORT.md#L185
LANE_REPORT.md	186	doc-progress	| `cargo test --locked -p turnloop-postgres -p turnloop-tls --all-features -- --test-threads=1` | PASS: final 34 passed, 5 real SQL tests ignored/UNRUN |	STILL TRUE — historical local; STALE as current coverage	P: real native and WASI 0.2 services; PW2/PW3: selected portable suites. Browser raw database TCP is unavailable; p3 real DB service run absent.	| `cargo test --locked --workspace -- --test-threads=1` | PASS: 245 passed, 13 service tests ignored/UNRUN | | Same workspace tests with `--all-features` | PASS: 300 passed, 20 service tests ignored/UNRUN | | `cargo test --locked -p turnloop-postgres -p turnloop-tls --all-features -- --test-threads=1` | PASS: final 34 passed, 5 real SQL tests ignored/UNRUN | | Strict all-target/all-feature Clippy for both touched crates: WASI p2/p3, web, Linux x86_64 | PASS; p3 uses nightly-2026-09-07 | | `python3 scripts/ci/run-tests.py protocol-wasi --target wasm32-wasip2 --package turnloop-postgres --package turnloop-tls` | PASS: 22 tests, six positive-count suites |	https://github.com/PerryTS/turnloop/blob/a0fbb1bf9a100bb3215219f54301b9ee82ffe71f/LANE_REPORT.md#L186
LANE_REPORT.md	190	doc-progress	| Windows strict library Clippy and explicit `channel_binding`, `protocol`, `server` test-target Clippy | PASS; execution UNRUN |	STILL TRUE — historical local; STALE as current coverage	P: real native and WASI 0.2 services; PW2/PW3: selected portable suites. Browser raw database TCP is unavailable; p3 real DB service run absent.	| `python3 scripts/ci/run-tests.py protocol-wasi --target wasm32-wasip2 --package turnloop-postgres --package turnloop-tls` | PASS: 22 tests, six positive-count suites | | Same protocol command with `--target wasm32-wasip3` | PASS: 22 tests; existing declared p3 release profile for PG async | | Windows strict library Clippy and explicit `channel_binding`, `protocol`, `server` test-target Clippy | PASS; execution UNRUN | | Windows strict all-target Clippy | FAIL: inherited missing `backend::Platform` IOCP provider; no cfg exclusion added | | `bash scripts/ci/no-tokio.sh`; `python3 scripts/ci/soak.py` | PASS: all policy targets; seven-day policy and existing rustls exception retained |	https://github.com/PerryTS/turnloop/blob/a0fbb1bf9a100bb3215219f54301b9ee82ffe71f/LANE_REPORT.md#L190
LANE_REPORT.md	240	doc-progress	**both SQL suites UNRUN (sandbox)** in this invocation. MySQL startup was never	STILL TRUE — historical local; STALE as current coverage	P: real native and WASI 0.2 services; PW2/PW3: selected portable suites. Browser raw database TCP is unavailable; p3 real DB service run absent.	`python3 scripts/test-servers.py --services postgres,mysql run python3 scripts/ci/run-tests.py protocol --package turnloop-postgres --package turnloop-mysql`. Fixture command FAIL at PostgreSQL initdb `shmget`, Operation not permitted; **both SQL suites UNRUN (sandbox)** in this invocation. MySQL startup was never reached. User-supplied pre-fix outside-sandbox results remain: MySQL server/async PASS (3 + 1), PostgreSQL sync PASS (4), PostgreSQL async FAIL (binding bug).	https://github.com/PerryTS/turnloop/blob/a0fbb1bf9a100bb3215219f54301b9ee82ffe71f/LANE_REPORT.md#L240
LANE_REPORT.md	252	doc-progress	after sourcing `.tools/wasm-env.sh` (UNRUN: sandbox). Linux/Windows runtime remains	STILL TRUE — historical local; STALE as current coverage	P: real native and WASI 0.2 services; PW2/PW3: selected portable suites. Browser raw database TCP is unavailable; p3 real DB service run absent.	index path gate, and rerun the SQL reproduction above outside the sandbox. Also run `python3 scripts/test-servers.py --services postgres,mysql run python3 scripts/ci/run-tests.py protocol-wasi --target wasm32-wasip2 --real-servers --package turnloop-postgres --package turnloop-mysql` after sourcing `.tools/wasm-env.sh` (UNRUN: sandbox). Linux/Windows runtime remains UNRUN without those hosts; full Windows all-target compilation needs the provider merge. Browser runtime is UNRUN; raw PostgreSQL TCP is not a browser capability.	https://github.com/PerryTS/turnloop/blob/a0fbb1bf9a100bb3215219f54301b9ee82ffe71f/LANE_REPORT.md#L252
LANE_REPORT.md	253	doc-progress	UNRUN without those hosts; full Windows all-target compilation needs the provider	STILL TRUE — historical local; STALE as current coverage	P: real native and WASI 0.2 services; PW2/PW3: selected portable suites. Browser raw database TCP is unavailable; p3 real DB service run absent.	run `python3 scripts/test-servers.py --services postgres,mysql run python3 scripts/ci/run-tests.py protocol-wasi --target wasm32-wasip2 --real-servers --package turnloop-postgres --package turnloop-mysql` after sourcing `.tools/wasm-env.sh` (UNRUN: sandbox). Linux/Windows runtime remains UNRUN without those hosts; full Windows all-target compilation needs the provider merge. Browser runtime is UNRUN; raw PostgreSQL TCP is not a browser capability. 	https://github.com/PerryTS/turnloop/blob/a0fbb1bf9a100bb3215219f54301b9ee82ffe71f/LANE_REPORT.md#L253
LANE_REPORT.md	254	doc-progress	merge. Browser runtime is UNRUN; raw PostgreSQL TCP is not a browser capability.	STILL TRUE — historical local; STALE as current coverage	P: real native and WASI 0.2 services; PW2/PW3: selected portable suites. Browser raw database TCP is unavailable; p3 real DB service run absent.	after sourcing `.tools/wasm-env.sh` (UNRUN: sandbox). Linux/Windows runtime remains UNRUN without those hosts; full Windows all-target compilation needs the provider merge. Browser runtime is UNRUN; raw PostgreSQL TCP is not a browser capability.  ## adb-fix2 — SQL and parallel no-spin fixes complete	https://github.com/PerryTS/turnloop/blob/a0fbb1bf9a100bb3215219f54301b9ee82ffe71f/LANE_REPORT.md#L254
LANE_REPORT.md	268	doc-progress	exactly one aborted completion per pending token followed by Closed. EOF cannot	STILL TRUE — behavior	Pending operation/token ownership, not unfinished work.	now returns `Error::ConnectionAborted` immediately, retaining every error field in one shared owned copy. It discards unsent output, rejects reuse, and drains exactly one aborted completion per pending token followed by Closed. EOF cannot overwrite the diagnostic. Async readers return `io::ErrorKind::ConnectionAborted` with the typed error and close the stream. Ordinary ERROR remains borrowed and	https://github.com/PerryTS/turnloop/blob/a0fbb1bf9a100bb3215219f54301b9ee82ffe71f/LANE_REPORT.md#L268
LANE_REPORT.md	289	doc-progress	core scripts check severity precedence, pending-token completion and EOF handling.	STILL TRUE — behavior	Pending operation/token ownership, not unfinished work.	Scripted FATAL/PANIC-then-EOF runs **12 cases across six async readers**, checking kind, SQLSTATE/message, retained detail and exactly-once stream drop. Fragmented core scripts check severity precedence, pending-token completion and EOF handling. The real PostgreSQL kill assertion is strengthened to require 57P01 and the exact message. Everything after it is unchanged and now executes successfully, including	https://github.com/PerryTS/turnloop/blob/a0fbb1bf9a100bb3215219f54301b9ee82ffe71f/LANE_REPORT.md#L289
LANE_REPORT.md	314	doc-progress	| Windows strict library and PG protocol/server/allocation test Clippy with existing Zig wrapper | PASS; runtime UNRUN |	STILL TRUE — historical local; STALE as current coverage	N-W: required Windows default/executor/all-feature production suites execute; standalone spike reruns, ETW/cycles/minimum-version/long-soak are not implied.	| Full native_surface, 10 fresh parallel processes each in default/executor/all-feature modes | Final PASS **30/30**, **480 tests**, **1,800 no-spin expiries**; initial campaign FAIL from SIGUSR1 collision after 20 passes | | Strict workspace Clippy, default/all features; touched-crate all-target Clippy on Linux x86_64, WASI p2/p3, web | PASS; warnings and undocumented unsafe blocks denied | | Windows strict library and PG protocol/server/allocation test Clippy with existing Zig wrapper | PASS; runtime UNRUN | | Windows all-target Clippy | FAIL: inherited absent `backend::Platform` IOCP provider. Initial runs without the wrapper also failed on missing C headers | | Stable workspace/all-target/all-feature check; fmt; whitespace; path and feature gates | PASS |	https://github.com/PerryTS/turnloop/blob/a0fbb1bf9a100bb3215219f54301b9ee82ffe71f/LANE_REPORT.md#L314
LANE_REPORT.md	326	doc-progress	ran 10 successful core tests and one failure; subsequent suites were UNRUN in that	STILL TRUE — historical failure; STALE as current state	Original adb-fix2 ledger preserved by immutable source. Native workspace now passes locally and in N; subsequent historical suites were not counted as passed.	`crates/turnloop/src/backend/unix.rs:1073`, `libc::bind` returned -1 instead of 0. The assertion does not record errno, so the cause is **unconfirmed**. That invocation ran 10 successful core tests and one failure; subsequent suites were UNRUN in that invocation. The earlier complete default run and both all-feature workspace runs passed. No retry was used to replace this final FAIL, and no UDP assertion changed.	https://github.com/PerryTS/turnloop/blob/a0fbb1bf9a100bb3215219f54301b9ee82ffe71f/LANE_REPORT.md#L326
LANE_REPORT.md	331	doc-progress	Linux/Windows native runtime and browser runtime are **UNRUN** (hosts unavailable;	STILL TRUE — historical local; STALE as current coverage	P: real native and WASI 0.2 services; PW2/PW3: selected portable suites. Browser raw database TCP is unavailable; p3 real DB service run absent.	Integrator should investigate the bind/reuse fixture separately.  Linux/Windows native runtime and browser runtime are **UNRUN** (hosts unavailable; browsers have no raw SQL TCP). Full Windows test checking needs its existing provider integration. The integrator should commit this coherent tree and run	https://github.com/PerryTS/turnloop/blob/a0fbb1bf9a100bb3215219f54301b9ee82ffe71f/LANE_REPORT.md#L331
README.md	12	manual-doc-claim	adapters are still being integrated. Perry is the first intended consumer.	STALE — current implementation	Protocol host transport adapters and production backends exist; N/P/PW2/PW3/WEB.	Protocol engines consume bytes and produce actions; host transport and executor adapters are still being integrated. Perry is the first intended consumer.  | Platform | Current implementation | Validation |	https://github.com/PerryTS/turnloop/blob/a0fbb1bf9a100bb3215219f54301b9ee82ffe71f/README.md#L12
README.md	18	doc-progress	| FreeBSD / Apple mobile / Android | Unix backend paths | Best effort; runtime validation pending |	STILL TRUE — limitation or scoped statement	Still applies in stated scope; advanced parity, perf attribution, mobile/FreeBSD, fuzz and long soak are not implied by green bounded CI. See REMAINING_WORK.md.	| macOS arm64 | kqueue driver, sockets, timers, posts and pool | Native contracts and allocation tests | | Linux x86_64 / arm64 | epoll, nanosecond waits, timerfd fallback | Cross-checked locally; native CI required | | FreeBSD / Apple mobile / Android | Unix backend paths | Best effort; runtime validation pending | | Windows x86_64 | IOCP, TCP/UDP/named pipes, stdio, processes, console signals, timers and shared services | Native Windows 11 contracts and allocation/executor tests; see `spikes/iocp/WINDOWS_RESULTS.md` | | WASI 0.2 / 0.3 | Standalone polling / component async spikes | Production adapters and shared contracts pending |	https://github.com/PerryTS/turnloop/blob/a0fbb1bf9a100bb3215219f54301b9ee82ffe71f/README.md#L18
README.md	20	doc-progress	| WASI 0.2 / 0.3 | Standalone polling / component async spikes | Production adapters and shared contracts pending |	STALE — current coverage/implementation	N-W: required Windows default/executor/all-feature production suites execute; standalone spike reruns, ETW/cycles/minimum-version/long-soak are not implied.	| FreeBSD / Apple mobile / Android | Unix backend paths | Best effort; runtime validation pending | | Windows x86_64 | IOCP, TCP/UDP/named pipes, stdio, processes, console signals, timers and shared services | Native Windows 11 contracts and allocation/executor tests; see `spikes/iocp/WINDOWS_RESULTS.md` | | WASI 0.2 / 0.3 | Standalone polling / component async spikes | Production adapters and shared contracts pending | | Web | Standalone host-callback spike | Production adapter and browser contracts pending | 	https://github.com/PerryTS/turnloop/blob/a0fbb1bf9a100bb3215219f54301b9ee82ffe71f/README.md#L20
README.md	21	doc-progress	| Web | Standalone host-callback spike | Production adapter and browser contracts pending |	STALE — current coverage/implementation	N-W: required Windows default/executor/all-feature production suites execute; standalone spike reruns, ETW/cycles/minimum-version/long-soak are not implied.	| Windows x86_64 | IOCP, TCP/UDP/named pipes, stdio, processes, console signals, timers and shared services | Native Windows 11 contracts and allocation/executor tests; see `spikes/iocp/WINDOWS_RESULTS.md` | | WASI 0.2 / 0.3 | Standalone polling / component async spikes | Production adapters and shared contracts pending | | Web | Standalone host-callback spike | Production adapter and browser contracts pending |  Windows and WASM are required for the first release; standalone spikes are	https://github.com/PerryTS/turnloop/blob/a0fbb1bf9a100bb3215219f54301b9ee82ffe71f/README.md#L21
RELEASING.md	117	doc-progress	**the same commit** whose tag was not yet created. A different already-published	STILL TRUE — behavior/policy, not open work	Pending means operation/queue/phase state or a reporting rule. Read linked context; no missing implementation inferred.	`.cargo_vcs_info.json` source commit, then creates each crate's tag and GitHub Release with that version's changelog entry. A retry can recover an upload from **the same commit** whose tag was not yet created. A different already-published source commit is rejected. Tags and crate archives are immutable release records. 	https://github.com/PerryTS/turnloop/blob/a0fbb1bf9a100bb3215219f54301b9ee82ffe71f/RELEASING.md#L117
RELEASING.md	121	doc-progress	GitHub currently caps each pending queue at 100; beyond that GitHub cancels new	STILL TRUE — behavior/policy, not open work	Pending means operation/queue/phase state or a reporting rule. Read linked context; no missing implementation inferred.	 Main CI and release concurrency use `queue: max`, with no in-progress cancellation. GitHub currently caps each pending queue at 100; beyond that GitHub cancels new entries. Monitor that limit and rerun affected main SHAs. This platform limit cannot be removed by workflow YAML.	https://github.com/PerryTS/turnloop/blob/a0fbb1bf9a100bb3215219f54301b9ee82ffe71f/RELEASING.md#L121
WINDOWS_HANDOFF.md	23	doc-progress	Everything lives in `spikes/iocp/`. See `spikes/iocp/README.md` for what each test binary proves, and `docs/lanes/windows.md` for the full UNRUN list.	STALE — current coverage/implementation	N-W: required Windows default/executor/all-feature production suites execute; standalone spike reruns, ETW/cycles/minimum-version/long-soak are not implied.	## Phase 1: run the IOCP spikes (nothing is known to pass yet)  Everything lives in `spikes/iocp/`. See `spikes/iocp/README.md` for what each test binary proves, and `docs/lanes/windows.md` for the full UNRUN list.  ```powershell	https://github.com/PerryTS/turnloop/blob/a0fbb1bf9a100bb3215219f54301b9ee82ffe71f/WINDOWS_HANDOFF.md#L23
WINDOWS_HANDOFF.md	60	doc-progress	- **Honesty:** report any failing, skipped or unrun test as exactly that, with the command.	STILL TRUE — behavior/policy, not open work	Pending means operation/queue/phase state or a reporting rule. Read linked context; no missing implementation inferred.	- **Commit messages:** plain, with no attribution, co-author or tool-signature lines. - **Dependencies:** only `windows-sys` (plus test-only dev-dependencies). No tokio, no compio. - **Honesty:** report any failing, skipped or unrun test as exactly that, with the command.	https://github.com/PerryTS/turnloop/blob/a0fbb1bf9a100bb3215219f54301b9ee82ffe71f/WINDOWS_HANDOFF.md#L60
crates/turnloop-bench/Cargo.toml	17	cfg-selection	[target.'cfg(unix)'.dependencies]	STILL TRUE — benchmark selection	PERF runs Linux Callgrind four cases; native timer heap/BTree comparison runs separately. perf/rusage harness existence is not required CPU/Windows/WASI/browser cost coverage. I13.	turnloop-contract.workspace = true  [target.'cfg(unix)'.dependencies] libc.workspace = true 	https://github.com/PerryTS/turnloop/blob/a0fbb1bf9a100bb3215219f54301b9ee82ffe71f/crates/turnloop-bench/Cargo.toml#L17
crates/turnloop-bench/Cargo.toml	34	cfg-selection	"[target.'cfg(target_os = ""linux"")'.dev-dependencies]"	STILL TRUE — benchmark selection	PERF runs Linux Callgrind four cases; native timer heap/BTree comparison runs separately. perf/rusage harness existence is not required CPU/Windows/WASI/browser cost coverage. I13.	"]  [target.'cfg(target_os = ""linux"")'.dev-dependencies] gungraun.workspace = true "	https://github.com/PerryTS/turnloop/blob/a0fbb1bf9a100bb3215219f54301b9ee82ffe71f/crates/turnloop-bench/Cargo.toml#L34
crates/turnloop-bench/benches/instructions.rs	2	cfg-selection	"#[cfg(target_os = ""linux"")]"	STILL TRUE — benchmark selection	PERF runs Linux Callgrind four cases; native timer heap/BTree comparison runs separately. perf/rusage harness existence is not required CPU/Windows/WASI/browser cost coverage. I13.	"#![deny(unsafe_op_in_unsafe_fn)] #[cfg(target_os = ""linux"")] use gungraun::{library_benchmark, library_benchmark_group, main}; #[cfg(target_os = ""linux"")]"	https://github.com/PerryTS/turnloop/blob/a0fbb1bf9a100bb3215219f54301b9ee82ffe71f/crates/turnloop-bench/benches/instructions.rs#L2
crates/turnloop-bench/benches/instructions.rs	4	cfg-selection	"#[cfg(target_os = ""linux"")]"	STILL TRUE — benchmark selection	PERF runs Linux Callgrind four cases; native timer heap/BTree comparison runs separately. perf/rusage harness existence is not required CPU/Windows/WASI/browser cost coverage. I13.	"#[cfg(target_os = ""linux"")] use gungraun::{library_benchmark, library_benchmark_group, main}; #[cfg(target_os = ""linux"")] use std::{hint::black_box, time::Duration}; #[cfg(target_os = ""linux"")]"	https://github.com/PerryTS/turnloop/blob/a0fbb1bf9a100bb3215219f54301b9ee82ffe71f/crates/turnloop-bench/benches/instructions.rs#L4
crates/turnloop-bench/benches/instructions.rs	6	cfg-selection	"#[cfg(target_os = ""linux"")]"	STILL TRUE — benchmark selection	PERF runs Linux Callgrind four cases; native timer heap/BTree comparison runs separately. perf/rusage harness existence is not required CPU/Windows/WASI/browser cost coverage. I13.	"#[cfg(target_os = ""linux"")] use std::{hint::black_box, time::Duration}; #[cfg(target_os = ""linux"")] use turnloop::{Completions, Config, Loop, Timeout, Token}; "	https://github.com/PerryTS/turnloop/blob/a0fbb1bf9a100bb3215219f54301b9ee82ffe71f/crates/turnloop-bench/benches/instructions.rs#L6
crates/turnloop-bench/benches/instructions.rs	9	cfg-selection	"#[cfg(target_os = ""linux"")]"	STILL TRUE — benchmark selection	PERF runs Linux Callgrind four cases; native timer heap/BTree comparison runs separately. perf/rusage harness existence is not required CPU/Windows/WASI/browser cost coverage. I13.	"use turnloop::{Completions, Config, Loop, Timeout, Token};  #[cfg(target_os = ""linux"")] #[library_benchmark] fn control() -> u64 {"	https://github.com/PerryTS/turnloop/blob/a0fbb1bf9a100bb3215219f54301b9ee82ffe71f/crates/turnloop-bench/benches/instructions.rs#L9
crates/turnloop-bench/benches/instructions.rs	20	cfg-selection	"#[cfg(target_os = ""linux"")]"	STILL TRUE — benchmark selection	PERF runs Linux Callgrind four cases; native timer heap/BTree comparison runs separately. perf/rusage harness existence is not required CPU/Windows/WASI/browser cost coverage. I13.	"}  #[cfg(target_os = ""linux"")] fn setup() -> (Loop, Completions) { ("	https://github.com/PerryTS/turnloop/blob/a0fbb1bf9a100bb3215219f54301b9ee82ffe71f/crates/turnloop-bench/benches/instructions.rs#L20
crates/turnloop-bench/benches/instructions.rs	32	cfg-selection	"#[cfg(target_os = ""linux"")]"	STILL TRUE — benchmark selection	PERF runs Linux Callgrind four cases; native timer heap/BTree comparison runs separately. perf/rusage harness existence is not required CPU/Windows/WASI/browser cost coverage. I13.	"// idle/notify/timer work. Setup and teardown are one-time loop lifecycle costs.  #[cfg(target_os = ""linux"")] #[library_benchmark(setup = setup, teardown = drop)] fn idle((mut driver, mut out): (Loop, Completions)) -> (Loop, Completions) {"	https://github.com/PerryTS/turnloop/blob/a0fbb1bf9a100bb3215219f54301b9ee82ffe71f/crates/turnloop-bench/benches/instructions.rs#L32
crates/turnloop-bench/benches/instructions.rs	47	cfg-selection	"#[cfg(target_os = ""linux"")]"	STILL TRUE — benchmark selection	PERF runs Linux Callgrind four cases; native timer heap/BTree comparison runs separately. perf/rusage harness existence is not required CPU/Windows/WASI/browser cost coverage. I13.	"}  #[cfg(target_os = ""linux"")] #[library_benchmark(setup = setup, teardown = drop)] fn notify((mut driver, mut out): (Loop, Completions)) -> (Loop, Completions) {"	https://github.com/PerryTS/turnloop/blob/a0fbb1bf9a100bb3215219f54301b9ee82ffe71f/crates/turnloop-bench/benches/instructions.rs#L47
crates/turnloop-bench/benches/instructions.rs	64	cfg-selection	"#[cfg(target_os = ""linux"")]"	STILL TRUE — benchmark selection	PERF runs Linux Callgrind four cases; native timer heap/BTree comparison runs separately. perf/rusage harness existence is not required CPU/Windows/WASI/browser cost coverage. I13.	"}  #[cfg(target_os = ""linux"")] #[library_benchmark(setup = setup, teardown = drop)] fn timer_cancel((mut driver, mut out): (Loop, Completions)) -> (Loop, Completions) {"	https://github.com/PerryTS/turnloop/blob/a0fbb1bf9a100bb3215219f54301b9ee82ffe71f/crates/turnloop-bench/benches/instructions.rs#L64
crates/turnloop-bench/benches/instructions.rs	86	cfg-selection	"#[cfg(target_os = ""linux"")]"	STILL TRUE — benchmark selection	PERF runs Linux Callgrind four cases; native timer heap/BTree comparison runs separately. perf/rusage harness existence is not required CPU/Windows/WASI/browser cost coverage. I13.	"}  #[cfg(target_os = ""linux"")] library_benchmark_group!(name = operations; benchmarks = control, idle, notify, timer_cancel); #[cfg(target_os = ""linux"")]"	https://github.com/PerryTS/turnloop/blob/a0fbb1bf9a100bb3215219f54301b9ee82ffe71f/crates/turnloop-bench/benches/instructions.rs#L86
crates/turnloop-bench/benches/instructions.rs	88	cfg-selection	"#[cfg(target_os = ""linux"")]"	STILL TRUE — benchmark selection	PERF runs Linux Callgrind four cases; native timer heap/BTree comparison runs separately. perf/rusage harness existence is not required CPU/Windows/WASI/browser cost coverage. I13.	"#[cfg(target_os = ""linux"")] library_benchmark_group!(name = operations; benchmarks = control, idle, notify, timer_cancel); #[cfg(target_os = ""linux"")] main!(library_benchmark_groups = operations); #[cfg(not(target_os = ""linux""))]"	https://github.com/PerryTS/turnloop/blob/a0fbb1bf9a100bb3215219f54301b9ee82ffe71f/crates/turnloop-bench/benches/instructions.rs#L88
crates/turnloop-bench/benches/instructions.rs	90	cfg-selection	"#[cfg(not(target_os = ""linux""))]"	STILL TRUE — benchmark selection	PERF runs Linux Callgrind four cases; native timer heap/BTree comparison runs separately. perf/rusage harness existence is not required CPU/Windows/WASI/browser cost coverage. I13.	"#[cfg(target_os = ""linux"")] main!(library_benchmark_groups = operations); #[cfg(not(target_os = ""linux""))] fn main() {}"	https://github.com/PerryTS/turnloop/blob/a0fbb1bf9a100bb3215219f54301b9ee82ffe71f/crates/turnloop-bench/benches/instructions.rs#L90
crates/turnloop-bench/src/btree.rs	58	cfg-selection	#[cfg(test)]	STILL TRUE — benchmark selection	PERF runs Linux Callgrind four cases; native timer heap/BTree comparison runs separately. perf/rusage harness existence is not required CPU/Windows/WASI/browser cost coverage. I13.	}  #[cfg(test)] mod tests { use super::*;	https://github.com/PerryTS/turnloop/blob/a0fbb1bf9a100bb3215219f54301b9ee82ffe71f/crates/turnloop-bench/src/btree.rs#L58
crates/turnloop-bench/src/btree.rs	64	cfg-selection	"#[cfg(not(all(target_arch = ""wasm32"", target_os = ""unknown"")))]"	STILL TRUE — benchmark selection	PERF runs Linux Callgrind four cases; native timer heap/BTree comparison runs separately. perf/rusage harness existence is not required CPU/Windows/WASI/browser cost coverage. I13.	"#[test] fn cancel_and_expire_match_sorted_reference() { #[cfg(not(all(target_arch = ""wasm32"", target_os = ""unknown"")))] let base = Instant::now(); #[cfg(all(target_arch = ""wasm32"", target_os = ""unknown""))]"	https://github.com/PerryTS/turnloop/blob/a0fbb1bf9a100bb3215219f54301b9ee82ffe71f/crates/turnloop-bench/src/btree.rs#L64
crates/turnloop-bench/src/btree.rs	66	cfg-selection	"#[cfg(all(target_arch = ""wasm32"", target_os = ""unknown""))]"	STILL TRUE — benchmark selection	PERF runs Linux Callgrind four cases; native timer heap/BTree comparison runs separately. perf/rusage harness existence is not required CPU/Windows/WASI/browser cost coverage. I13.	"#[cfg(not(all(target_arch = ""wasm32"", target_os = ""unknown"")))] let base = Instant::now(); #[cfg(all(target_arch = ""wasm32"", target_os = ""unknown""))] let base = Instant::from_duration(Duration::from_secs(1)); let mut q = Tree::new(1000);"	https://github.com/PerryTS/turnloop/blob/a0fbb1bf9a100bb3215219f54301b9ee82ffe71f/crates/turnloop-bench/src/btree.rs#L66
crates/turnloop-bench/src/counter.rs	1	cfg-selection	"#[cfg(target_os = ""linux"")]"	STILL TRUE — benchmark selection	PERF runs Linux Callgrind four cases; native timer heap/BTree comparison runs separately. perf/rusage harness existence is not required CPU/Windows/WASI/browser cost coverage. I13.	"#[cfg(target_os = ""linux"")] use std::os::fd::{AsRawFd, FromRawFd, OwnedFd}; use std::{io, time::Instant};"	https://github.com/PerryTS/turnloop/blob/a0fbb1bf9a100bb3215219f54301b9ee82ffe71f/crates/turnloop-bench/src/counter.rs#L1
crates/turnloop-bench/src/counter.rs	5	cfg-selection	"#[cfg(target_os = ""macos"")]"	STILL TRUE — benchmark selection	PERF runs Linux Callgrind four cases; native timer heap/BTree comparison runs separately. perf/rusage harness existence is not required CPU/Windows/WASI/browser cost coverage. I13.	"use std::{io, time::Instant}; pub enum Counter { #[cfg(target_os = ""macos"")] Mac, #[cfg(target_os = ""linux"")]"	https://github.com/PerryTS/turnloop/blob/a0fbb1bf9a100bb3215219f54301b9ee82ffe71f/crates/turnloop-bench/src/counter.rs#L5
crates/turnloop-bench/src/counter.rs	7	cfg-selection	"#[cfg(target_os = ""linux"")]"	STILL TRUE — benchmark selection	PERF runs Linux Callgrind four cases; native timer heap/BTree comparison runs separately. perf/rusage harness existence is not required CPU/Windows/WASI/browser cost coverage. I13.	"#[cfg(target_os = ""macos"")] Mac, #[cfg(target_os = ""linux"")] Perf(OwnedFd), Portable(Instant),"	https://github.com/PerryTS/turnloop/blob/a0fbb1bf9a100bb3215219f54301b9ee82ffe71f/crates/turnloop-bench/src/counter.rs#L7
crates/turnloop-bench/src/counter.rs	13	cfg-selection	"#[cfg(target_os = ""macos"")]"	STILL TRUE — benchmark selection	PERF runs Linux Callgrind four cases; native timer heap/BTree comparison runs separately. perf/rusage harness existence is not required CPU/Windows/WASI/browser cost coverage. I13.	"impl Counter { pub fn new() -> Self { #[cfg(target_os = ""macos"")] { let c = Self::Mac;"	https://github.com/PerryTS/turnloop/blob/a0fbb1bf9a100bb3215219f54301b9ee82ffe71f/crates/turnloop-bench/src/counter.rs#L13
crates/turnloop-bench/src/counter.rs	21	cfg-selection	"#[cfg(target_os = ""linux"")]"	STILL TRUE — benchmark selection	PERF runs Linux Callgrind four cases; native timer heap/BTree comparison runs separately. perf/rusage harness existence is not required CPU/Windows/WASI/browser cost coverage. I13.	"eprintln!(""ri_instructions unavailable; reporting elapsed nanoseconds instead""); } #[cfg(target_os = ""linux"")] { match perf() {"	https://github.com/PerryTS/turnloop/blob/a0fbb1bf9a100bb3215219f54301b9ee82ffe71f/crates/turnloop-bench/src/counter.rs#L21
crates/turnloop-bench/src/counter.rs	35	cfg-selection	"#[cfg(target_os = ""macos"")]"	STILL TRUE — benchmark selection	PERF runs Linux Callgrind four cases; native timer heap/BTree comparison runs separately. perf/rusage harness existence is not required CPU/Windows/WASI/browser cost coverage. I13.	"match self { Self::Portable(_) => ""nanoseconds"", #[cfg(target_os = ""macos"")] Self::Mac => ""instructions"", #[cfg(target_os = ""linux"")]"	https://github.com/PerryTS/turnloop/blob/a0fbb1bf9a100bb3215219f54301b9ee82ffe71f/crates/turnloop-bench/src/counter.rs#L35
crates/turnloop-bench/src/counter.rs	37	cfg-selection	"#[cfg(target_os = ""linux"")]"	STILL TRUE — benchmark selection	PERF runs Linux Callgrind four cases; native timer heap/BTree comparison runs separately. perf/rusage harness existence is not required CPU/Windows/WASI/browser cost coverage. I13.	"#[cfg(target_os = ""macos"")] Self::Mac => ""instructions"", #[cfg(target_os = ""linux"")] Self::Perf(_) => ""instructions:u"", }"	https://github.com/PerryTS/turnloop/blob/a0fbb1bf9a100bb3215219f54301b9ee82ffe71f/crates/turnloop-bench/src/counter.rs#L37
crates/turnloop-bench/src/counter.rs	44	cfg-selection	"#[cfg(target_os = ""macos"")]"	STILL TRUE — benchmark selection	PERF runs Linux Callgrind four cases; native timer heap/BTree comparison runs separately. perf/rusage harness existence is not required CPU/Windows/WASI/browser cost coverage. I13.	"match self { Self::Portable(start) => Ok(start.elapsed().as_nanos().min(u64::MAX as u128) as u64), #[cfg(target_os = ""macos"")] Self::Mac => { // SAFETY: rusage_info_v4 is integer/byte storage with a valid zero representation."	https://github.com/PerryTS/turnloop/blob/a0fbb1bf9a100bb3215219f54301b9ee82ffe71f/crates/turnloop-bench/src/counter.rs#L44
crates/turnloop-bench/src/counter.rs	63	cfg-selection	"#[cfg(target_os = ""linux"")]"	STILL TRUE — benchmark selection	PERF runs Linux Callgrind four cases; native timer heap/BTree comparison runs separately. perf/rusage harness existence is not required CPU/Windows/WASI/browser cost coverage. I13.	"Ok(info.ri_instructions) } #[cfg(target_os = ""linux"")] Self::Perf(fd) => { let mut count = 0u64;"	https://github.com/PerryTS/turnloop/blob/a0fbb1bf9a100bb3215219f54301b9ee82ffe71f/crates/turnloop-bench/src/counter.rs#L63
crates/turnloop-bench/src/counter.rs	76	cfg-selection	"#[cfg(target_os = ""linux"")]"	STILL TRUE — benchmark selection	PERF runs Linux Callgrind four cases; native timer heap/BTree comparison runs separately. perf/rusage harness existence is not required CPU/Windows/WASI/browser cost coverage. I13.	"} } #[cfg(target_os = ""linux"")] fn perf() -> io::Result<OwnedFd> { // PERF_ATTR_SIZE_VER0, from linux/perf_event.h. Only these initial ABI fields"	https://github.com/PerryTS/turnloop/blob/a0fbb1bf9a100bb3215219f54301b9ee82ffe71f/crates/turnloop-bench/src/counter.rs#L76
crates/turnloop-bench/src/main.rs	8	cfg-selection	"#[cfg(feature = ""timer-btree"")]"	STILL TRUE — benchmark selection	PERF runs Linux Callgrind four cases; native timer heap/BTree comparison runs separately. perf/rusage harness existence is not required CPU/Windows/WASI/browser cost coverage. I13.	"time::{Duration, Instant}, }; #[cfg(feature = ""timer-btree"")] mod btree; #[cfg(feature = ""timer-btree"")]"	https://github.com/PerryTS/turnloop/blob/a0fbb1bf9a100bb3215219f54301b9ee82ffe71f/crates/turnloop-bench/src/main.rs#L8
crates/turnloop-bench/src/main.rs	10	cfg-selection	"#[cfg(feature = ""timer-btree"")]"	STILL TRUE — benchmark selection	PERF runs Linux Callgrind four cases; native timer heap/BTree comparison runs separately. perf/rusage harness existence is not required CPU/Windows/WASI/browser cost coverage. I13.	"#[cfg(feature = ""timer-btree"")] mod btree; #[cfg(feature = ""timer-btree"")] use btree::Tree as TimerQueue; #[cfg(not(feature = ""timer-btree""))]"	https://github.com/PerryTS/turnloop/blob/a0fbb1bf9a100bb3215219f54301b9ee82ffe71f/crates/turnloop-bench/src/main.rs#L10
crates/turnloop-bench/src/main.rs	12	cfg-selection	"#[cfg(not(feature = ""timer-btree""))]"	STILL TRUE — benchmark selection	PERF runs Linux Callgrind four cases; native timer heap/BTree comparison runs separately. perf/rusage harness existence is not required CPU/Windows/WASI/browser cost coverage. I13.	"#[cfg(feature = ""timer-btree"")] use btree::Tree as TimerQueue; #[cfg(not(feature = ""timer-btree""))] use turnloop::timer::Heap as TimerQueue; "	https://github.com/PerryTS/turnloop/blob/a0fbb1bf9a100bb3215219f54301b9ee82ffe71f/crates/turnloop-bench/src/main.rs#L12
crates/turnloop-bench/src/main.rs	32	cfg-selection	"#[cfg(not(all(target_arch = ""wasm32"", target_os = ""unknown"")))]"	STILL TRUE — benchmark selection	PERF runs Linux Callgrind four cases; native timer heap/BTree comparison runs separately. perf/rusage harness existence is not required CPU/Windows/WASI/browser cost coverage. I13.	"let batches = 100_000 / n; let mut queues: Vec<_> = (0..batches).map(|_| TimerQueue::new(n)).collect(); #[cfg(not(all(target_arch = ""wasm32"", target_os = ""unknown"")))] let base = turnloop::Instant::now(); #[cfg(all(target_arch = ""wasm32"", target_os = ""unknown""))]"	https://github.com/PerryTS/turnloop/blob/a0fbb1bf9a100bb3215219f54301b9ee82ffe71f/crates/turnloop-bench/src/main.rs#L32
crates/turnloop-bench/src/main.rs	34	cfg-selection	"#[cfg(all(target_arch = ""wasm32"", target_os = ""unknown""))]"	STILL TRUE — benchmark selection	PERF runs Linux Callgrind four cases; native timer heap/BTree comparison runs separately. perf/rusage harness existence is not required CPU/Windows/WASI/browser cost coverage. I13.	"#[cfg(not(all(target_arch = ""wasm32"", target_os = ""unknown"")))] let base = turnloop::Instant::now(); #[cfg(all(target_arch = ""wasm32"", target_os = ""unknown""))] let base = turnloop::Instant::from_duration(Duration::ZERO); let times: Vec<_> = (0..n)"	https://github.com/PerryTS/turnloop/blob/a0fbb1bf9a100bb3215219f54301b9ee82ffe71f/crates/turnloop-bench/src/main.rs#L34
crates/turnloop-bench/src/main.rs	76	cfg-selection	"#[cfg(any( target_vendor = ""apple"", target_os = ""linux"", target_os = ""android"", target_os = ""freebsd"" ))]"	STILL TRUE — benchmark selection	PERF runs Linux Callgrind four cases; native timer heap/BTree comparison runs separately. perf/rusage harness existence is not required CPU/Windows/WASI/browser cost coverage. I13.	"} } #[cfg(any( target_vendor = ""apple"", target_os = ""linux"","	https://github.com/PerryTS/turnloop/blob/a0fbb1bf9a100bb3215219f54301b9ee82ffe71f/crates/turnloop-bench/src/main.rs#L76
crates/turnloop-bench/src/main.rs	271	cfg-selection	"#[cfg(any( target_vendor = ""apple"", target_os = ""linux"", target_os = ""android"", target_os = ""freebsd"" ))]"	STILL TRUE — benchmark selection	PERF runs Linux Callgrind four cases; native timer heap/BTree comparison runs separately. perf/rusage harness existence is not required CPU/Windows/WASI/browser cost coverage. I13.	"Counter::new() }; #[cfg(any( target_vendor = ""apple"", target_os = ""linux"","	https://github.com/PerryTS/turnloop/blob/a0fbb1bf9a100bb3215219f54301b9ee82ffe71f/crates/turnloop-bench/src/main.rs#L271
crates/turnloop-bench/src/main.rs	284	cfg-selection	"#[cfg(any( target_vendor = ""apple"", target_os = ""linux"", target_os = ""android"", target_os = ""freebsd"" ))]"	STILL TRUE — benchmark selection	PERF runs Linux Callgrind four cases; native timer heap/BTree comparison runs separately. perf/rusage harness existence is not required CPU/Windows/WASI/browser cost coverage. I13.	"timers(&counter); } else { #[cfg(any( target_vendor = ""apple"", target_os = ""linux"","	https://github.com/PerryTS/turnloop/blob/a0fbb1bf9a100bb3215219f54301b9ee82ffe71f/crates/turnloop-bench/src/main.rs#L284
crates/turnloop-bench/src/main.rs	291	cfg-selection	"#[cfg(not(any( target_vendor = ""apple"", target_os = ""linux"", target_os = ""android"", target_os = ""freebsd"" )))]"	STILL TRUE — benchmark selection	PERF runs Linux Callgrind four cases; native timer heap/BTree comparison runs separately. perf/rusage harness existence is not required CPU/Windows/WASI/browser cost coverage. I13.	"))] baselines(&counter); #[cfg(not(any( target_vendor = ""apple"", target_os = ""linux"","	https://github.com/PerryTS/turnloop/blob/a0fbb1bf9a100bb3215219f54301b9ee82ffe71f/crates/turnloop-bench/src/main.rs#L291
crates/turnloop-bench/src/main.rs	303	cfg-selection	"#[cfg(any( target_vendor = ""apple"", target_os = ""linux"", target_os = ""android"", target_os = ""freebsd"" ))]"	STILL TRUE — benchmark selection	PERF runs Linux Callgrind four cases; native timer heap/BTree comparison runs separately. perf/rusage harness existence is not required CPU/Windows/WASI/browser cost coverage. I13.	"// Mirror the three Callgrind workloads and expose their teardown separately. // Setup and destruction must not be mistaken for steady per-operation work. #[cfg(any( target_vendor = ""apple"", target_os = ""linux"","	https://github.com/PerryTS/turnloop/blob/a0fbb1bf9a100bb3215219f54301b9ee82ffe71f/crates/turnloop-bench/src/main.rs#L303
crates/turnloop-contract/Cargo.toml	22	cfg-selection	[target.'cfg(unix)'.dependencies]	STILL TRUE — contract platform/feature selection	N/W2/W3/WEB run applicable suites separately; Loom excludes OS bodies, executor requires feature. Apple/Linux/Android/FreeBSD cfg does not include every build.rs BSD; mobile/FreeBSD runtime absent. I12.	workspace = true  [target.'cfg(unix)'.dependencies] libc.workspace = true 	https://github.com/PerryTS/turnloop/blob/a0fbb1bf9a100bb3215219f54301b9ee82ffe71f/crates/turnloop-contract/Cargo.toml#L22
crates/turnloop-contract/Cargo.toml	25	cfg-selection	[target.'cfg(windows)'.dependencies]	STILL TRUE — contract platform/feature selection	N/W2/W3/WEB run applicable suites separately; Loom excludes OS bodies, executor requires feature. Apple/Linux/Android/FreeBSD cfg does not include every build.rs BSD; mobile/FreeBSD runtime absent. I12.	"libc.workspace = true  [target.'cfg(windows)'.dependencies] windows-sys = { version = ""=0.61.2"", features = [""Win32_Foundation"", ""Win32_UI_WindowsAndMessaging"", ""Win32_System_Threading"", ""Win32_System_Console"", ""Win32_Storage_FileSystem"", ""Win32_Security"", ""Win32_System_IO"", ""Win32_System_Pipes""] } "	https://github.com/PerryTS/turnloop/blob/a0fbb1bf9a100bb3215219f54301b9ee82ffe71f/crates/turnloop-contract/Cargo.toml#L25
crates/turnloop-contract/Cargo.toml	38	cfg-selection	"[target.'cfg(all(target_arch = ""wasm32"", target_os = ""unknown""))'.dev-dependencies]"	STILL TRUE — contract platform/feature selection	N/W2/W3/WEB run applicable suites separately; Loom excludes OS bodies, executor requires feature. Apple/Linux/Android/FreeBSD cfg does not include every build.rs BSD; mobile/FreeBSD runtime absent. I12.	"wasi-allocation-tests = [""allocations""]  [target.'cfg(all(target_arch = ""wasm32"", target_os = ""unknown""))'.dev-dependencies] wasm-bindgen = ""=0.2.108"" js-sys = ""=0.3.85"""	https://github.com/PerryTS/turnloop/blob/a0fbb1bf9a100bb3215219f54301b9ee82ffe71f/crates/turnloop-contract/Cargo.toml#L38
crates/turnloop-contract/Cargo.toml	53	cfg-selection	"[target.'cfg(all(target_os = ""wasi"", target_env = ""p2""))'.dev-dependencies]"	STILL TRUE — contract platform/feature selection	N/W2/W3/WEB run applicable suites separately; Loom excludes OS bodies, executor requires feature. Apple/Linux/Android/FreeBSD cfg does not include every build.rs BSD; mobile/FreeBSD runtime absent. I12.	"  [target.'cfg(all(target_os = ""wasi"", target_env = ""p2""))'.dev-dependencies] wasip2 = ""=1.0.3"" "	https://github.com/PerryTS/turnloop/blob/a0fbb1bf9a100bb3215219f54301b9ee82ffe71f/crates/turnloop-contract/Cargo.toml#L53
crates/turnloop-contract/Cargo.toml	56	cfg-selection	"[target.'cfg(all(target_os = ""wasi"", target_env = ""p3""))'.dev-dependencies]"	STILL TRUE — contract platform/feature selection	N/W2/W3/WEB run applicable suites separately; Loom excludes OS bodies, executor requires feature. Apple/Linux/Android/FreeBSD cfg does not include every build.rs BSD; mobile/FreeBSD runtime absent. I12.	"wasip2 = ""=1.0.3""  [target.'cfg(all(target_os = ""wasi"", target_env = ""p3""))'.dev-dependencies] turnloop-wasi-random.workspace = true bson.workspace = true"	https://github.com/PerryTS/turnloop/blob/a0fbb1bf9a100bb3215219f54301b9ee82ffe71f/crates/turnloop-contract/Cargo.toml#L56
crates/turnloop-contract/examples/wasi_timer_baseline.rs	2	cfg-selection	"#[cfg(not(target_os = ""wasi""))]"	STILL TRUE — contract platform/feature selection	N/W2/W3/WEB run applicable suites separately; Loom excludes OS bodies, executor requires feature. Apple/Linux/Android/FreeBSD cfg does not include every build.rs BSD; mobile/FreeBSD runtime absent. I12.	"//! Bare host-clock measurement: deliberately no turnloop calls or types. #[cfg(not(target_os = ""wasi""))] fn main() {} "	https://github.com/PerryTS/turnloop/blob/a0fbb1bf9a100bb3215219f54301b9ee82ffe71f/crates/turnloop-contract/examples/wasi_timer_baseline.rs#L2
crates/turnloop-contract/examples/wasi_timer_baseline.rs	5	cfg-selection	"#[cfg(all(target_os = ""wasi"", target_env = ""p2""))]"	STILL TRUE — contract platform/feature selection	N/W2/W3/WEB run applicable suites separately; Loom excludes OS bodies, executor requires feature. Apple/Linux/Android/FreeBSD cfg does not include every build.rs BSD; mobile/FreeBSD runtime absent. I12.	"fn main() {}  #[cfg(all(target_os = ""wasi"", target_env = ""p2""))] fn sleep_until(at: u64) { let pollable = wasip2::clocks::monotonic_clock::subscribe_instant(at);"	https://github.com/PerryTS/turnloop/blob/a0fbb1bf9a100bb3215219f54301b9ee82ffe71f/crates/turnloop-contract/examples/wasi_timer_baseline.rs#L5
crates/turnloop-contract/examples/wasi_timer_baseline.rs	12	cfg-selection	"#[cfg(all(target_os = ""wasi"", target_env = ""p3""))]"	STILL TRUE — contract platform/feature selection	N/W2/W3/WEB run applicable suites separately; Loom excludes OS bodies, executor requires feature. Apple/Linux/Android/FreeBSD cfg does not include every build.rs BSD; mobile/FreeBSD runtime absent. I12.	"}  #[cfg(all(target_os = ""wasi"", target_env = ""p3""))] fn sleep_until(at: u64) { // p3 removed pollables. Use the same async-lowered clock and wait-set"	https://github.com/PerryTS/turnloop/blob/a0fbb1bf9a100bb3215219f54301b9ee82ffe71f/crates/turnloop-contract/examples/wasi_timer_baseline.rs#L12
crates/turnloop-contract/examples/wasi_timer_baseline.rs	55	cfg-selection	"#[cfg(target_os = ""wasi"")]"	STILL TRUE — contract platform/feature selection	N/W2/W3/WEB run applicable suites separately; Loom excludes OS bodies, executor requires feature. Apple/Linux/Android/FreeBSD cfg does not include every build.rs BSD; mobile/FreeBSD runtime absent. I12.	"}  #[cfg(target_os = ""wasi"")] fn main() { #[cfg(target_env = ""p2"")]"	https://github.com/PerryTS/turnloop/blob/a0fbb1bf9a100bb3215219f54301b9ee82ffe71f/crates/turnloop-contract/examples/wasi_timer_baseline.rs#L55
crates/turnloop-contract/examples/wasi_timer_baseline.rs	57	cfg-selection	"#[cfg(target_env = ""p2"")]"	STILL TRUE — contract platform/feature selection	N/W2/W3/WEB run applicable suites separately; Loom excludes OS bodies, executor requires feature. Apple/Linux/Android/FreeBSD cfg does not include every build.rs BSD; mobile/FreeBSD runtime absent. I12.	"#[cfg(target_os = ""wasi"")] fn main() { #[cfg(target_env = ""p2"")] use wasip2::clocks::monotonic_clock::now; #[cfg(target_env = ""p3"")]"	https://github.com/PerryTS/turnloop/blob/a0fbb1bf9a100bb3215219f54301b9ee82ffe71f/crates/turnloop-contract/examples/wasi_timer_baseline.rs#L57
crates/turnloop-contract/examples/wasi_timer_baseline.rs	59	cfg-selection	"#[cfg(target_env = ""p3"")]"	STILL TRUE — contract platform/feature selection	N/W2/W3/WEB run applicable suites separately; Loom excludes OS bodies, executor requires feature. Apple/Linux/Android/FreeBSD cfg does not include every build.rs BSD; mobile/FreeBSD runtime absent. I12.	"#[cfg(target_env = ""p2"")] use wasip2::clocks::monotonic_clock::now; #[cfg(target_env = ""p3"")] fn now() -> u64 { #[link(wasm_import_module = ""wasi:clocks/monotonic-clock@0.3.0"")]"	https://github.com/PerryTS/turnloop/blob/a0fbb1bf9a100bb3215219f54301b9ee82ffe71f/crates/turnloop-contract/examples/wasi_timer_baseline.rs#L59
crates/turnloop-contract/src/bin/native_child.rs	10	cfg-selection	"#[cfg(any( target_vendor = ""apple"", target_os = ""linux"", target_os = ""android"", target_os = ""freebsd"" ))]"	STILL TRUE — native platform selection	N-W executes Windows bodies; N Unix executes applicable child helpers. Unsupported branches/empty target binaries are not counted as platform tests. I12.	"let mode = args.get(1).and_then(|s| s.to_str()).expect(""fixture mode""); match mode { #[cfg(any( target_vendor = ""apple"", target_os = ""linux"","	https://github.com/PerryTS/turnloop/blob/a0fbb1bf9a100bb3215219f54301b9ee82ffe71f/crates/turnloop-contract/src/bin/native_child.rs#L10
crates/turnloop-contract/src/bin/native_child.rs	62	cfg-selection	"#[cfg(any(target_vendor = ""apple"", target_os = ""freebsd""))]"	STILL TRUE — native platform selection	N-W executes Windows bodies; N Unix executes applicable child helpers. Unsupported branches/empty target binaries are not counted as platform tests. I12.	"""stdio"" => native_stdio(), ""handle"" => native_handle(args.get(2).expect(""pipe path"")), #[cfg(any(target_vendor = ""apple"", target_os = ""freebsd""))] ""blocked-signal"" => blocked_signal(), ""copy"" => {"	https://github.com/PerryTS/turnloop/blob/a0fbb1bf9a100bb3215219f54301b9ee82ffe71f/crates/turnloop-contract/src/bin/native_child.rs#L62
crates/turnloop-contract/src/bin/native_child.rs	75	cfg-selection	"#[cfg(any(target_vendor = ""apple"", target_os = ""freebsd""))]"	STILL TRUE — native platform selection	N-W executes Windows bodies; N Unix executes applicable child helpers. Unsupported branches/empty target binaries are not counted as platform tests. I12.	"}  #[cfg(any(target_vendor = ""apple"", target_os = ""freebsd""))] fn blocked_signal() { // Run in a fresh process so every thread (including the lazy dispatcher)"	https://github.com/PerryTS/turnloop/blob/a0fbb1bf9a100bb3215219f54301b9ee82ffe71f/crates/turnloop-contract/src/bin/native_child.rs#L75
crates/turnloop-contract/src/bin/native_child.rs	103	cfg-selection	"#[cfg(any( target_vendor = ""apple"", target_os = ""linux"", target_os = ""android"", target_os = ""freebsd"", target_os = ""windows"" ))]"	STILL TRUE — native platform selection	N-W executes Windows bodies; N Unix executes applicable child helpers. Unsupported branches/empty target binaries are not counted as platform tests. I12.	"println!(""four deliveries, four stops, four closes; survived unblock""); } #[cfg(any( target_vendor = ""apple"", target_os = ""linux"","	https://github.com/PerryTS/turnloop/blob/a0fbb1bf9a100bb3215219f54301b9ee82ffe71f/crates/turnloop-contract/src/bin/native_child.rs#L103
crates/turnloop-contract/src/bin/native_child.rs	152	cfg-selection	"#[cfg(not(any( target_vendor = ""apple"", target_os = ""linux"", target_os = ""android"", target_os = ""freebsd"", target_os = ""windows"" )))]"	STILL TRUE — native platform selection	N-W executes Windows bodies; N Unix executes applicable child helpers. Unsupported branches/empty target binaries are not counted as platform tests. I12.	"std::process::exit(23); } #[cfg(not(any( target_vendor = ""apple"", target_os = ""linux"","	https://github.com/PerryTS/turnloop/blob/a0fbb1bf9a100bb3215219f54301b9ee82ffe71f/crates/turnloop-contract/src/bin/native_child.rs#L152
crates/turnloop-contract/src/bin/native_child.rs	162	cfg-selection	"#[cfg(any( target_vendor = ""apple"", target_os = ""linux"", target_os = ""android"", target_os = ""freebsd"", target_os = ""windows"" ))]"	STILL TRUE — native platform selection	N-W executes Windows bodies; N Unix executes applicable child helpers. Unsupported branches/empty target binaries are not counted as platform tests. I12.	"panic!(""instantiate stdio fixture on production native backend""); } #[cfg(any( target_vendor = ""apple"", target_os = ""linux"","	https://github.com/PerryTS/turnloop/blob/a0fbb1bf9a100bb3215219f54301b9ee82ffe71f/crates/turnloop-contract/src/bin/native_child.rs#L162
crates/turnloop-contract/src/bin/native_child.rs	210	cfg-selection	"#[cfg(not(any( target_vendor = ""apple"", target_os = ""linux"", target_os = ""android"", target_os = ""freebsd"", target_os = ""windows"" )))]"	STILL TRUE — native platform selection	N-W executes Windows bodies; N Unix executes applicable child helpers. Unsupported branches/empty target binaries are not counted as platform tests. I12.	"} } #[cfg(not(any( target_vendor = ""apple"", target_os = ""linux"","	https://github.com/PerryTS/turnloop/blob/a0fbb1bf9a100bb3215219f54301b9ee82ffe71f/crates/turnloop-contract/src/bin/native_child.rs#L210
crates/turnloop-contract/src/extended.rs	200	cfg-selection	"if cfg!(any(target_os = ""linux"", target_os = ""freebsd"")) {"	STILL TRUE — contract platform/feature selection	N/W2/W3/WEB run applicable suites separately; Loom excludes OS bodies, executor requires feature. Apple/Linux/Android/FreeBSD cfg does not include every build.rs BSD; mobile/FreeBSD runtime absent. I12.	"assert_eq!(count.iter().sum::<usize>(), 32); // DESIGN §5a explicitly says macOS does not kernel-balance SO_REUSEPORT. if cfg!(any(target_os = ""linux"", target_os = ""freebsd"")) { assert!( count.iter().all(|n| *n > 0),"	https://github.com/PerryTS/turnloop/blob/a0fbb1bf9a100bb3215219f54301b9ee82ffe71f/crates/turnloop-contract/src/extended.rs#L200
crates/turnloop-contract/src/integration.rs	22	cfg-selection	"#[cfg(any(target_vendor = ""apple"", target_os = ""freebsd""))]"	STILL TRUE — contract platform/feature selection	N/W2/W3/WEB run applicable suites separately; Loom excludes OS bodies, executor requires feature. Apple/Linux/Android/FreeBSD cfg does not include every build.rs BSD; mobile/FreeBSD runtime absent. I12.	"producer.join().expect(""producer""); } #[cfg(any(target_vendor = ""apple"", target_os = ""freebsd""))] fn wait_external(inner: i32) { // SAFETY: kqueue takes no pointer arguments and creates a descriptor."	https://github.com/PerryTS/turnloop/blob/a0fbb1bf9a100bb3215219f54301b9ee82ffe71f/crates/turnloop-contract/src/integration.rs#L22
crates/turnloop-contract/src/integration.rs	53	cfg-selection	"#[cfg(any(target_os = ""linux"", target_os = ""android""))]"	STILL TRUE — contract platform/feature selection	N/W2/W3/WEB run applicable suites separately; Loom excludes OS bodies, executor requires feature. Apple/Linux/Android/FreeBSD cfg does not include every build.rs BSD; mobile/FreeBSD runtime absent. I12.	"assert_eq!(received.filter, libc::EVFILT_READ); } #[cfg(any(target_os = ""linux"", target_os = ""android""))] fn wait_external(inner: i32) { // SAFETY: valid epoll flags; returns a new descriptor."	https://github.com/PerryTS/turnloop/blob/a0fbb1bf9a100bb3215219f54301b9ee82ffe71f/crates/turnloop-contract/src/integration.rs#L53
crates/turnloop-contract/src/lib.rs	166	cfg-selection	"#[cfg(all( test, not(loom), any( target_vendor = ""apple"", target_os = ""linux"", target_os = ""android"", target_os = ""freebsd"" ) ))]"	STILL TRUE — contract platform/feature selection	N/W2/W3/WEB run applicable suites separately; Loom excludes OS bodies, executor requires feature. Apple/Linux/Android/FreeBSD cfg does not include every build.rs BSD; mobile/FreeBSD runtime absent. I12.	assert_eq!(echoed, connections); } #[cfg(all( test, not(loom),	https://github.com/PerryTS/turnloop/blob/a0fbb1bf9a100bb3215219f54301b9ee82ffe71f/crates/turnloop-contract/src/lib.rs#L166
crates/turnloop-contract/src/lib.rs	471	cfg-selection	"#[cfg(any(not(target_os = ""wasi""), not(debug_assertions)))]"	STILL TRUE — host precision/release selection	W2/W3 debug semantics run; release enforces median lateness <=2ms. Native precision uses its own clock/threshold. No precision claim from debug skip.	"// builds against the measured Wasmtime bound. Debug still exercises all // timer semantics above and the independent mandatory no-spin contract. #[cfg(any(not(target_os = ""wasi""), not(debug_assertions)))] { // A 100 ms ceiling admits occasional scheduler stalls, but it must not hide"	https://github.com/PerryTS/turnloop/blob/a0fbb1bf9a100bb3215219f54301b9ee82ffe71f/crates/turnloop-contract/src/lib.rs#L471
crates/turnloop-contract/src/lib.rs	496	cfg-selection	"#[cfg(target_os = ""wasi"")]"	STILL TRUE — host precision/release selection	W2/W3 debug semantics run; release enforces median lateness <=2ms. Native precision uses its own clock/threshold. No precision claim from debug skip.	"l.turn(Timeout::Now, &mut out).expect(""release sample""); } #[cfg(target_os = ""wasi"")] println!( ""turnloop WASI lateness_ns={:?}"","	https://github.com/PerryTS/turnloop/blob/a0fbb1bf9a100bb3215219f54301b9ee82ffe71f/crates/turnloop-contract/src/lib.rs#L496
crates/turnloop-contract/src/lib.rs	503	cfg-selection	"#[cfg(target_os = ""wasi"")]"	STILL TRUE — host precision/release selection	W2/W3 debug semantics run; release enforces median lateness <=2ms. Native precision uses its own clock/threshold. No precision claim from debug skip.	"lateness.sort_unstable(); assert_eq!(lateness.len(), 20); #[cfg(target_os = ""wasi"")] let within_bound = lateness[10] <= Duration::from_millis(2); #[cfg(not(target_os = ""wasi""))]"	https://github.com/PerryTS/turnloop/blob/a0fbb1bf9a100bb3215219f54301b9ee82ffe71f/crates/turnloop-contract/src/lib.rs#L503
crates/turnloop-contract/src/lib.rs	505	cfg-selection	"#[cfg(not(target_os = ""wasi""))]"	STILL TRUE — host precision/release selection	W2/W3 debug semantics run; release enforces median lateness <=2ms. Native precision uses its own clock/threshold. No precision claim from debug skip.	"#[cfg(target_os = ""wasi"")] let within_bound = lateness[10] <= Duration::from_millis(2); #[cfg(not(target_os = ""wasi""))] let within_bound = lateness[10] < Duration::from_micros(500); #[cfg(target_os = ""wasi"")]"	https://github.com/PerryTS/turnloop/blob/a0fbb1bf9a100bb3215219f54301b9ee82ffe71f/crates/turnloop-contract/src/lib.rs#L505
crates/turnloop-contract/src/lib.rs	507	cfg-selection	"#[cfg(target_os = ""wasi"")]"	STILL TRUE — host precision/release selection	W2/W3 debug semantics run; release enforces median lateness <=2ms. Native precision uses its own clock/threshold. No precision claim from debug skip.	"#[cfg(not(target_os = ""wasi""))] let within_bound = lateness[10] < Duration::from_micros(500); #[cfg(target_os = ""wasi"")] println!( ""turnloop WASI expiries=20 median_ns={}"","	https://github.com/PerryTS/turnloop/blob/a0fbb1bf9a100bb3215219f54301b9ee82ffe71f/crates/turnloop-contract/src/lib.rs#L507
crates/turnloop-contract/src/lib.rs	644	cfg-selection	"#[cfg(any( target_vendor = ""apple"", target_os = ""linux"", target_os = ""android"", target_os = ""freebsd"" ))]"	STILL TRUE — contract platform/feature selection	N/W2/W3/WEB run applicable suites separately; Loom excludes OS bodies, executor requires feature. Apple/Linux/Android/FreeBSD cfg does not include every build.rs BSD; mobile/FreeBSD runtime absent. I12.	"pub use extended::*;  #[cfg(any( target_vendor = ""apple"", target_os = ""linux"","	https://github.com/PerryTS/turnloop/blob/a0fbb1bf9a100bb3215219f54301b9ee82ffe71f/crates/turnloop-contract/src/lib.rs#L644
crates/turnloop-contract/src/lib.rs	651	cfg-selection	"#[cfg(any( target_vendor = ""apple"", target_os = ""linux"", target_os = ""android"", target_os = ""freebsd"" ))]"	STILL TRUE — contract platform/feature selection	N/W2/W3/WEB run applicable suites separately; Loom excludes OS bodies, executor requires feature. Apple/Linux/Android/FreeBSD cfg does not include every build.rs BSD; mobile/FreeBSD runtime absent. I12.	"))] mod integration; #[cfg(any( target_vendor = ""apple"", target_os = ""linux"","	https://github.com/PerryTS/turnloop/blob/a0fbb1bf9a100bb3215219f54301b9ee82ffe71f/crates/turnloop-contract/src/lib.rs#L651
crates/turnloop-contract/src/lib.rs	1011	cfg-selection	"#[cfg(feature = ""executor"")]"	STILL TRUE — contract platform/feature selection	N/W2/W3/WEB run applicable suites separately; Loom excludes OS bodies, executor requires feature. Apple/Linux/Android/FreeBSD cfg does not include every build.rs BSD; mobile/FreeBSD runtime absent. I12.	"pub mod native_surface;  #[cfg(feature = ""executor"")] pub mod executor_contract; "	https://github.com/PerryTS/turnloop/blob/a0fbb1bf9a100bb3215219f54301b9ee82ffe71f/crates/turnloop-contract/src/lib.rs#L1011
crates/turnloop-contract/src/lib.rs	1015	cfg-selection	"#[cfg(target_arch = ""wasm32"")]"	STILL TRUE — contract platform/feature selection	N/W2/W3/WEB run applicable suites separately; Loom excludes OS bodies, executor requires feature. Apple/Linux/Android/FreeBSD cfg does not include every build.rs BSD; mobile/FreeBSD runtime absent. I12.	" /// Revision-2 contracts for a single owning WASI/web agent. #[cfg(target_arch = ""wasm32"")] pub mod single_agent { use std::{"	https://github.com/PerryTS/turnloop/blob/a0fbb1bf9a100bb3215219f54301b9ee82ffe71f/crates/turnloop-contract/src/lib.rs#L1015
crates/turnloop-contract/src/lib.rs	1028	unsupported	"let path = PipeName(""unsupported.sock"".into());"	STILL TRUE — capability/error handling	Read enclosing branch: includes enum/error mappings and capability documentation, not automatically a missing supported operation. DESIGN_AUDIT.md classifies actual gaps.	"pub fn unsupported_native<B: Backend>() { let mut l = Driver::<B>::new(Config::default()).expect(""loop""); let path = PipeName(""unsupported.sock"".into()); for _ in 0..16 { assert_eq!("	https://github.com/PerryTS/turnloop/blob/a0fbb1bf9a100bb3215219f54301b9ee82ffe71f/crates/turnloop-contract/src/lib.rs#L1028
crates/turnloop-contract/src/lib.rs	1032	unsupported	ErrorKind::Unsupported	STILL TRUE — capability/error handling	Read enclosing branch: includes enum/error mappings and capability documentation, not automatically a missing supported operation. DESIGN_AUDIT.md classifies actual gaps.	"assert_eq!( l.pipe_connect(&path, Token(1)).expect_err(""local IPC"").kind, ErrorKind::Unsupported ); assert_eq!("	https://github.com/PerryTS/turnloop/blob/a0fbb1bf9a100bb3215219f54301b9ee82ffe71f/crates/turnloop-contract/src/lib.rs#L1032
crates/turnloop-contract/src/lib.rs	1038	unsupported	ErrorKind::Unsupported	STILL TRUE — capability/error handling	Read enclosing branch: includes enum/error mappings and capability documentation, not automatically a missing supported operation. DESIGN_AUDIT.md classifies actual gaps.	".expect_err(""listener"") .kind, ErrorKind::Unsupported ); let mut spec = ProcessSpec::new(""unavailable"");"	https://github.com/PerryTS/turnloop/blob/a0fbb1bf9a100bb3215219f54301b9ee82ffe71f/crates/turnloop-contract/src/lib.rs#L1038
crates/turnloop-contract/src/lib.rs	1044	unsupported	ErrorKind::Unsupported	STILL TRUE — capability/error handling	Read enclosing branch: includes enum/error mappings and capability documentation, not automatically a missing supported operation. DESIGN_AUDIT.md classifies actual gaps.	"assert_eq!( l.spawn(&spec, Token(2)).expect_err(""process"").kind, ErrorKind::Unsupported ); assert_eq!("	https://github.com/PerryTS/turnloop/blob/a0fbb1bf9a100bb3215219f54301b9ee82ffe71f/crates/turnloop-contract/src/lib.rs#L1044
crates/turnloop-contract/src/lib.rs	1050	unsupported	ErrorKind::Unsupported	STILL TRUE — capability/error handling	Read enclosing branch: includes enum/error mappings and capability documentation, not automatically a missing supported operation. DESIGN_AUDIT.md classifies actual gaps.	".expect_err(""signal"") .kind, ErrorKind::Unsupported ); assert!(!l.alive(), ""rejected setup leaked core credits"");"	https://github.com/PerryTS/turnloop/blob/a0fbb1bf9a100bb3215219f54301b9ee82ffe71f/crates/turnloop-contract/src/lib.rs#L1050
crates/turnloop-contract/src/lib.rs	1060	unsupported	ErrorKind::Unsupported	STILL TRUE — capability/error handling	Read enclosing branch: includes enum/error mappings and capability documentation, not automatically a missing supported operation. DESIGN_AUDIT.md classifies actual gaps.	"assert_eq!( l.kill(h, Signal::Kill).expect_err(""kill"").kind, ErrorKind::Unsupported ); assert_eq!("	https://github.com/PerryTS/turnloop/blob/a0fbb1bf9a100bb3215219f54301b9ee82ffe71f/crates/turnloop-contract/src/lib.rs#L1060
crates/turnloop-contract/src/lib.rs	1064	unsupported	ErrorKind::Unsupported	STILL TRUE — capability/error handling	Read enclosing branch: includes enum/error mappings and capability documentation, not automatically a missing supported operation. DESIGN_AUDIT.md classifies actual gaps.	"assert_eq!( l.kill_group(h, Signal::Kill).expect_err(""group"").kind, ErrorKind::Unsupported ); assert_eq!("	https://github.com/PerryTS/turnloop/blob/a0fbb1bf9a100bb3215219f54301b9ee82ffe71f/crates/turnloop-contract/src/lib.rs#L1064
crates/turnloop-contract/src/lib.rs	1068	unsupported	ErrorKind::Unsupported	STILL TRUE — capability/error handling	Read enclosing branch: includes enum/error mappings and capability documentation, not automatically a missing supported operation. DESIGN_AUDIT.md classifies actual gaps.	"assert_eq!( l.tty_set_mode(h, TtyMode::Raw).expect_err(""TTY"").kind, ErrorKind::Unsupported ); assert_eq!("	https://github.com/PerryTS/turnloop/blob/a0fbb1bf9a100bb3215219f54301b9ee82ffe71f/crates/turnloop-contract/src/lib.rs#L1068
crates/turnloop-contract/src/lib.rs	1072	unsupported	ErrorKind::Unsupported	STILL TRUE — capability/error handling	Read enclosing branch: includes enum/error mappings and capability documentation, not automatically a missing supported operation. DESIGN_AUDIT.md classifies actual gaps.	"assert_eq!( l.tty_window_size(h).expect_err(""window size"").kind, ErrorKind::Unsupported ); assert_eq!("	https://github.com/PerryTS/turnloop/blob/a0fbb1bf9a100bb3215219f54301b9ee82ffe71f/crates/turnloop-contract/src/lib.rs#L1072
crates/turnloop-contract/src/lib.rs	1076	unsupported	ErrorKind::Unsupported	STILL TRUE — capability/error handling	Read enclosing branch: includes enum/error mappings and capability documentation, not automatically a missing supported operation. DESIGN_AUDIT.md classifies actual gaps.	"assert_eq!( l.tty_resize_start(h, Token(5)).expect_err(""resize"").kind, ErrorKind::Unsupported ); let mut backend = B::new(&Config::default(), BufferPool::new(2, 64)).expect(""backend"");"	https://github.com/PerryTS/turnloop/blob/a0fbb1bf9a100bb3215219f54301b9ee82ffe71f/crates/turnloop-contract/src/lib.rs#L1076
crates/turnloop-contract/src/lib.rs	1094	unsupported	ErrorKind::Unsupported	STILL TRUE — capability/error handling	Read enclosing branch: includes enum/error mappings and capability documentation, not automatically a missing supported operation. DESIGN_AUDIT.md classifies actual gaps.	".expect_err(""native operation"") .kind, ErrorKind::Unsupported ); }"	https://github.com/PerryTS/turnloop/blob/a0fbb1bf9a100bb3215219f54301b9ee82ffe71f/crates/turnloop-contract/src/lib.rs#L1094
crates/turnloop-contract/src/lib.rs	1097	unsupported	"assert!(!backend.has_work(), ""unsupported requests retained no work"");"	STILL TRUE — capability/error handling	Read enclosing branch: includes enum/error mappings and capability documentation, not automatically a missing supported operation. DESIGN_AUDIT.md classifies actual gaps.	"); } assert!(!backend.has_work(), ""unsupported requests retained no work""); } "	https://github.com/PerryTS/turnloop/blob/a0fbb1bf9a100bb3215219f54301b9ee82ffe71f/crates/turnloop-contract/src/lib.rs#L1097
crates/turnloop-contract/tests/allocations.rs	5	cfg-selection	"#![cfg(all( not(loom), any( target_vendor = ""apple"", target_os = ""linux"", target_os = ""android"", target_os = ""freebsd"", target_os = ""windows"", all( target_os = ""wasi"", any( target_env = ""p2"", all(target_env = ""p3"", feature = ""wasi-p3-experimental"") ) ) ) ))]"	STILL TRUE — allocation subject selection	N native gates; W2 nine/W3 ten release tests. Files/IPC/process/console tests intentionally excluded on incapable wasm; private-timeout accounting is excluded from WASI at line 1019, gap I02; web uses separate WEB allocator.	//! requires release allocation counts and runs semantic/no-spin tests in both profiles. #![deny(unsafe_op_in_unsafe_fn)] #![cfg(all( not(loom), any(	https://github.com/PerryTS/turnloop/blob/a0fbb1bf9a100bb3215219f54301b9ee82ffe71f/crates/turnloop-contract/tests/allocations.rs#L5
crates/turnloop-contract/tests/allocations.rs	30	cfg-selection	#[cfg(windows)]	STILL TRUE — allocation subject selection	N native gates; W2 nine/W3 ten release tests. Files/IPC/process/console tests intentionally excluded on incapable wasm; private-timeout accounting is excluded from WASI at line 1019, gap I02; web uses separate WEB allocator.	use std::cell::Cell; thread_local! { static ACTIVE: Cell<bool> = const { Cell::new(false) }; static ALLOCS: Cell<usize> = const { Cell::new(0) }; } #[cfg(windows)] static ALL_THREADS_ACTIVE: std::sync::atomic::AtomicBool = std::sync::atomic::AtomicBool::new(false);	https://github.com/PerryTS/turnloop/blob/a0fbb1bf9a100bb3215219f54301b9ee82ffe71f/crates/turnloop-contract/tests/allocations.rs#L30
crates/turnloop-contract/tests/allocations.rs	33	cfg-selection	#[cfg(windows)]	STILL TRUE — allocation subject selection	N native gates; W2 nine/W3 ten release tests. Files/IPC/process/console tests intentionally excluded on incapable wasm; private-timeout accounting is excluded from WASI at line 1019, gap I02; web uses separate WEB allocator.	static ALL_THREADS_ACTIVE: std::sync::atomic::AtomicBool = std::sync::atomic::AtomicBool::new(false); #[cfg(windows)] static ALL_THREADS_ALLOCS: std::sync::atomic::AtomicUsize = std::sync::atomic::AtomicUsize::new(0); fn record() {	https://github.com/PerryTS/turnloop/blob/a0fbb1bf9a100bb3215219f54301b9ee82ffe71f/crates/turnloop-contract/tests/allocations.rs#L33
crates/turnloop-contract/tests/allocations.rs	36	cfg-selection	#[cfg(windows)]	STILL TRUE — allocation subject selection	N native gates; W2 nine/W3 ten release tests. Files/IPC/process/console tests intentionally excluded on incapable wasm; private-timeout accounting is excluded from WASI at line 1019, gap I02; web uses separate WEB allocator.	static ALL_THREADS_ALLOCS: std::sync::atomic::AtomicUsize = std::sync::atomic::AtomicUsize::new(0); fn record() { #[cfg(windows)] if ALL_THREADS_ACTIVE.load(std::sync::atomic::Ordering::Relaxed) { ALL_THREADS_ALLOCS.fetch_add(1, std::sync::atomic::Ordering::Relaxed);	https://github.com/PerryTS/turnloop/blob/a0fbb1bf9a100bb3215219f54301b9ee82ffe71f/crates/turnloop-contract/tests/allocations.rs#L36
crates/turnloop-contract/tests/allocations.rs	577	cfg-selection	"#[cfg(target_env = ""p3"")]"	STILL TRUE — allocation subject selection	N native gates; W2 nine/W3 ten release tests. Files/IPC/process/console tests intentionally excluded on incapable wasm; private-timeout accounting is excluded from WASI at line 1019, gap I02; web uses separate WEB allocator.	"}  #[cfg(target_env = ""p3"")] #[test] fn wasi_random_scalar_imports_allocate_nothing() {"	https://github.com/PerryTS/turnloop/blob/a0fbb1bf9a100bb3215219f54301b9ee82ffe71f/crates/turnloop-contract/tests/allocations.rs#L577
crates/turnloop-contract/tests/allocations.rs	592	cfg-selection	"#[cfg(not(target_os = ""wasi""))]"	STILL TRUE — allocation subject selection	N native gates; W2 nine/W3 ten release tests. Files/IPC/process/console tests intentionally excluded on incapable wasm; private-timeout accounting is excluded from WASI at line 1019, gap I02; web uses separate WEB allocator.	"}  #[cfg(not(target_os = ""wasi""))] #[test] fn ipc_handle_transfer_and_external_waits_allocate_nothing_after_setup() {"	https://github.com/PerryTS/turnloop/blob/a0fbb1bf9a100bb3215219f54301b9ee82ffe71f/crates/turnloop-contract/tests/allocations.rs#L592
crates/turnloop-contract/tests/allocations.rs	596	cfg-selection	#[cfg(unix)]	STILL TRUE — allocation subject selection	N native gates; W2 nine/W3 ten release tests. Files/IPC/process/console tests intentionally excluded on incapable wasm; private-timeout accounting is excluded from WASI at line 1019, gap I02; web uses separate WEB allocator.	"fn ipc_handle_transfer_and_external_waits_allocate_nothing_after_setup() { let mut l = Loop::new(Config::default()).expect(""loop""); #[cfg(unix)] let path = std::env::temp_dir().join(format!(""tl-alloc-ipc-{}.sock"", std::process::id())); #[cfg(windows)]"	https://github.com/PerryTS/turnloop/blob/a0fbb1bf9a100bb3215219f54301b9ee82ffe71f/crates/turnloop-contract/tests/allocations.rs#L596
crates/turnloop-contract/tests/allocations.rs	598	cfg-selection	#[cfg(windows)]	STILL TRUE — allocation subject selection	N native gates; W2 nine/W3 ten release tests. Files/IPC/process/console tests intentionally excluded on incapable wasm; private-timeout accounting is excluded from WASI at line 1019, gap I02; web uses separate WEB allocator.	"#[cfg(unix)] let path = std::env::temp_dir().join(format!(""tl-alloc-ipc-{}.sock"", std::process::id())); #[cfg(windows)] let path = std::path::PathBuf::from(format!(r""\\.\pipe\tl-alloc-ipc-{}"", std::process::id())); let (_, a, b) = turnloop_contract::native_surface::pipe_pair(&mut l, &PipeName(path.clone()));"	https://github.com/PerryTS/turnloop/blob/a0fbb1bf9a100bb3215219f54301b9ee82ffe71f/crates/turnloop-contract/tests/allocations.rs#L598
crates/turnloop-contract/tests/allocations.rs	666	cfg-selection	#[cfg(unix)]	STILL TRUE — allocation subject selection	N native gates; W2 nine/W3 ten release tests. Files/IPC/process/console tests intentionally excluded on incapable wasm; private-timeout accounting is excluded from WASI at line 1019, gap I02; web uses separate WEB allocator.	"); assert_eq!((transferred, waits), (200, 200)); #[cfg(unix)] std::fs::remove_file(path).expect(""remove socket path""); }"	https://github.com/PerryTS/turnloop/blob/a0fbb1bf9a100bb3215219f54301b9ee82ffe71f/crates/turnloop-contract/tests/allocations.rs#L666
crates/turnloop-contract/tests/allocations.rs	670	cfg-selection	"#[cfg(not(target_os = ""wasi""))]"	STILL TRUE — allocation subject selection	N native gates; W2 nine/W3 ten release tests. Files/IPC/process/console tests intentionally excluded on incapable wasm; private-timeout accounting is excluded from WASI at line 1019, gap I02; web uses separate WEB allocator.	"}  #[cfg(not(target_os = ""wasi""))] #[test] fn regular_file_jobs_reuse_pool_storage() {"	https://github.com/PerryTS/turnloop/blob/a0fbb1bf9a100bb3215219f54301b9ee82ffe71f/crates/turnloop-contract/tests/allocations.rs#L670
crates/turnloop-contract/tests/allocations.rs	683	cfg-selection	#[cfg(unix)]	STILL TRUE — allocation subject selection	N native gates; W2 nine/W3 ten release tests. Files/IPC/process/console tests intentionally excluded on incapable wasm; private-timeout accounting is excluded from WASI at line 1019, gap I02; web uses separate WEB allocator.	"file.write_all(&[9; 64]).expect(""file bytes""); let mut l = Loop::new(Config::default()).expect(""loop""); #[cfg(unix)] let transport = Detached::from_fd(file.try_clone().expect(""clone file"").into()); #[cfg(windows)]"	https://github.com/PerryTS/turnloop/blob/a0fbb1bf9a100bb3215219f54301b9ee82ffe71f/crates/turnloop-contract/tests/allocations.rs#L683
crates/turnloop-contract/tests/allocations.rs	685	cfg-selection	#[cfg(windows)]	STILL TRUE — allocation subject selection	N native gates; W2 nine/W3 ten release tests. Files/IPC/process/console tests intentionally excluded on incapable wasm; private-timeout accounting is excluded from WASI at line 1019, gap I02; web uses separate WEB allocator.	"#[cfg(unix)] let transport = Detached::from_fd(file.try_clone().expect(""clone file"").into()); #[cfg(windows)] let transport = Detached::from_handle(file.try_clone().expect(""clone file"").into()); let h = l"	https://github.com/PerryTS/turnloop/blob/a0fbb1bf9a100bb3215219f54301b9ee82ffe71f/crates/turnloop-contract/tests/allocations.rs#L685
crates/turnloop-contract/tests/allocations.rs	750	cfg-selection	"#[cfg(not(target_os = ""wasi""))]"	STILL TRUE — allocation subject selection	N native gates; W2 nine/W3 ten release tests. Files/IPC/process/console tests intentionally excluded on incapable wasm; private-timeout accounting is excluded from WASI at line 1019, gap I02; web uses separate WEB allocator.	"}  #[cfg(not(target_os = ""wasi""))] #[test] fn file_readiness_survives_pool_backpressure_without_allocations_or_spin() {"	https://github.com/PerryTS/turnloop/blob/a0fbb1bf9a100bb3215219f54301b9ee82ffe71f/crates/turnloop-contract/tests/allocations.rs#L750
crates/turnloop-contract/tests/allocations.rs	770	cfg-selection	#[cfg(unix)]	STILL TRUE — allocation subject selection	N native gates; W2 nine/W3 ten release tests. Files/IPC/process/console tests intentionally excluded on incapable wasm; private-timeout accounting is excluded from WASI at line 1019, gap I02; web uses separate WEB allocator.	"for h in &mut handles { let file = std::fs::File::open(&path).expect(""independent file offset""); #[cfg(unix)] let detached = Detached::from_fd(file.into()).expect(""file""); #[cfg(windows)]"	https://github.com/PerryTS/turnloop/blob/a0fbb1bf9a100bb3215219f54301b9ee82ffe71f/crates/turnloop-contract/tests/allocations.rs#L770
crates/turnloop-contract/tests/allocations.rs	772	cfg-selection	#[cfg(windows)]	STILL TRUE — allocation subject selection	N native gates; W2 nine/W3 ten release tests. Files/IPC/process/console tests intentionally excluded on incapable wasm; private-timeout accounting is excluded from WASI at line 1019, gap I02; web uses separate WEB allocator.	"#[cfg(unix)] let detached = Detached::from_fd(file.into()).expect(""file""); #[cfg(windows)] let detached = Detached::from_handle(file.into()).expect(""file""); *h = Some(l.attach(detached, Token(0)).expect(""attach""));"	https://github.com/PerryTS/turnloop/blob/a0fbb1bf9a100bb3215219f54301b9ee82ffe71f/crates/turnloop-contract/tests/allocations.rs#L772
crates/turnloop-contract/tests/allocations.rs	876	cfg-selection	"#[cfg(feature = ""executor"")]"	STILL TRUE — allocation subject selection	N native gates; W2 nine/W3 ten release tests. Files/IPC/process/console tests intentionally excluded on incapable wasm; private-timeout accounting is excluded from WASI at line 1019, gap I02; web uses separate WEB allocator.	"}  #[cfg(feature = ""executor"")] #[test] fn executor_steady_io_poll_and_sleep_allocate_nothing() {"	https://github.com/PerryTS/turnloop/blob/a0fbb1bf9a100bb3215219f54301b9ee82ffe71f/crates/turnloop-contract/tests/allocations.rs#L876
crates/turnloop-contract/tests/allocations.rs	940	cfg-selection	#[cfg(unix)]	STILL TRUE — allocation subject selection	N native gates; W2 nine/W3 ten release tests. Files/IPC/process/console tests intentionally excluded on incapable wasm; private-timeout accounting is excluded from WASI at line 1019, gap I02; web uses separate WEB allocator.	}  #[cfg(unix)] #[test] fn signal_exit_and_external_notification_delivery_allocate_nothing() {	https://github.com/PerryTS/turnloop/blob/a0fbb1bf9a100bb3215219f54301b9ee82ffe71f/crates/turnloop-contract/tests/allocations.rs#L940
crates/turnloop-contract/tests/allocations.rs	1019	cfg-selection	"#[cfg(not(target_os = ""wasi""))]"	STILL TRUE — allocation subject selection	N native gates; W2 nine/W3 ten release tests. Files/IPC/process/console tests intentionally excluded on incapable wasm; private-timeout accounting is excluded from WASI at line 1019, gap I02; web uses separate WEB allocator.	"}  #[cfg(not(target_os = ""wasi""))] #[test] fn quiet_deadline_waits_have_identical_accounting_without_allocations() {"	https://github.com/PerryTS/turnloop/blob/a0fbb1bf9a100bb3215219f54301b9ee82ffe71f/crates/turnloop-contract/tests/allocations.rs#L1019
crates/turnloop-contract/tests/allocations.rs	1063	cfg-selection	"#[cfg(target_os = ""wasi"")]"	STILL TRUE — allocation subject selection	N native gates; W2 nine/W3 ten release tests. Files/IPC/process/console tests intentionally excluded on incapable wasm; private-timeout accounting is excluded from WASI at line 1019, gap I02; web uses separate WEB allocator.	"}  #[cfg(target_os = ""wasi"")] #[test] fn single_agent_external_waits_allocate_nothing() {"	https://github.com/PerryTS/turnloop/blob/a0fbb1bf9a100bb3215219f54301b9ee82ffe71f/crates/turnloop-contract/tests/allocations.rs#L1063
crates/turnloop-contract/tests/allocations.rs	1105	cfg-selection	"#[cfg(target_os = ""wasi"")]"	STILL TRUE — allocation subject selection	N native gates; W2 nine/W3 ten release tests. Files/IPC/process/console tests intentionally excluded on incapable wasm; private-timeout accounting is excluded from WASI at line 1019, gap I02; web uses separate WEB allocator.	"}  #[cfg(target_os = ""wasi"")] #[test] fn stdio_writes_reuse_stream_storage() {"	https://github.com/PerryTS/turnloop/blob/a0fbb1bf9a100bb3215219f54301b9ee82ffe71f/crates/turnloop-contract/tests/allocations.rs#L1105
crates/turnloop-contract/tests/allocations.rs	1139	cfg-selection	"#[cfg(target_os = ""wasi"")]"	STILL TRUE — allocation subject selection	N native gates; W2 nine/W3 ten release tests. Files/IPC/process/console tests intentionally excluded on incapable wasm; private-timeout accounting is excluded from WASI at line 1019, gap I02; web uses separate WEB allocator.	"}  #[cfg(target_os = ""wasi"")] #[test] fn stdio_reads_reuse_caller_buffers_through_eof() {"	https://github.com/PerryTS/turnloop/blob/a0fbb1bf9a100bb3215219f54301b9ee82ffe71f/crates/turnloop-contract/tests/allocations.rs#L1139
crates/turnloop-contract/tests/allocations.rs	1198	cfg-selection	#[cfg(windows)]	STILL TRUE — allocation subject selection	N native gates; W2 nine/W3 ten release tests. Files/IPC/process/console tests intentionally excluded on incapable wasm; private-timeout accounting is excluded from WASI at line 1019, gap I02; web uses separate WEB allocator.	}  #[cfg(windows)] #[test] fn windows_kill_repeat_and_immediate_close_allocate_nothing_after_setup() {	https://github.com/PerryTS/turnloop/blob/a0fbb1bf9a100bb3215219f54301b9ee82ffe71f/crates/turnloop-contract/tests/allocations.rs#L1198
crates/turnloop-contract/tests/allocations.rs	1307	cfg-selection	#[cfg(windows)]	STILL TRUE — allocation subject selection	N native gates; W2 nine/W3 ten release tests. Files/IPC/process/console tests intentionally excluded on incapable wasm; private-timeout accounting is excluded from WASI at line 1019, gap I02; web uses separate WEB allocator.	}  #[cfg(windows)] #[test] fn windows_child_watch_cancel_exit_and_close_allocate_nothing_after_setup() {	https://github.com/PerryTS/turnloop/blob/a0fbb1bf9a100bb3215219f54301b9ee82ffe71f/crates/turnloop-contract/tests/allocations.rs#L1307
crates/turnloop-contract/tests/allocations.rs	1425	cfg-selection	#[cfg(windows)]	STILL TRUE — allocation subject selection	N native gates; W2 nine/W3 ten release tests. Files/IPC/process/console tests intentionally excluded on incapable wasm; private-timeout accounting is excluded from WASI at line 1019, gap I02; web uses separate WEB allocator.	}  #[cfg(windows)] #[test] fn windows_backlog_accept_rearm_and_busy_deadlines_allocate_nothing() {	https://github.com/PerryTS/turnloop/blob/a0fbb1bf9a100bb3215219f54301b9ee82ffe71f/crates/turnloop-contract/tests/allocations.rs#L1425
crates/turnloop-contract/tests/allocations.rs	1537	cfg-selection	#[cfg(windows)]	STILL TRUE — allocation subject selection	N native gates; W2 nine/W3 ten release tests. Files/IPC/process/console tests intentionally excluded on incapable wasm; private-timeout accounting is excluded from WASI at line 1019, gap I02; web uses separate WEB allocator.	}  #[cfg(windows)] #[test] fn windows_worker_file_fifo_allocate_nothing_after_setup() {	https://github.com/PerryTS/turnloop/blob/a0fbb1bf9a100bb3215219f54301b9ee82ffe71f/crates/turnloop-contract/tests/allocations.rs#L1537
crates/turnloop-contract/tests/allocations.rs	1602	cfg-selection	#[cfg(windows)]	STILL TRUE — allocation subject selection	N native gates; W2 nine/W3 ten release tests. Files/IPC/process/console tests intentionally excluded on incapable wasm; private-timeout accounting is excluded from WASI at line 1019, gap I02; web uses separate WEB allocator.	}  #[cfg(windows)] #[test] fn windows_console_control_delivery_allocates_nothing_on_any_thread() {	https://github.com/PerryTS/turnloop/blob/a0fbb1bf9a100bb3215219f54301b9ee82ffe71f/crates/turnloop-contract/tests/allocations.rs#L1602
crates/turnloop-contract/tests/executor.rs	1	cfg-selection	"#![cfg(all( feature = ""executor"", not(loom), any( target_vendor = ""apple"", target_os = ""linux"", target_os = ""android"", target_os = ""freebsd"", target_os = ""windows"" ) ))]"	STILL TRUE — contract platform/feature selection	N/W2/W3/WEB run applicable suites separately; Loom excludes OS bodies, executor requires feature. Apple/Linux/Android/FreeBSD cfg does not include every build.rs BSD; mobile/FreeBSD runtime absent. I12.	"#![cfg(all( feature = ""executor"", not(loom),"	https://github.com/PerryTS/turnloop/blob/a0fbb1bf9a100bb3215219f54301b9ee82ffe71f/crates/turnloop-contract/tests/executor.rs#L1
crates/turnloop-contract/tests/lifetimes.rs	2	cfg-selection	"#![cfg(all( not(loom), any( target_vendor = ""apple"", target_os = ""linux"", target_os = ""android"", target_os = ""freebsd"" ) ))]"	STILL TRUE — contract platform/feature selection	N/W2/W3/WEB run applicable suites separately; Loom excludes OS bodies, executor requires feature. Apple/Linux/Android/FreeBSD cfg does not include every build.rs BSD; mobile/FreeBSD runtime absent. I12.	#![deny(unsafe_op_in_unsafe_fn)] #![cfg(all( not(loom), any(	https://github.com/PerryTS/turnloop/blob/a0fbb1bf9a100bb3215219f54301b9ee82ffe71f/crates/turnloop-contract/tests/lifetimes.rs#L2
crates/turnloop-contract/tests/lifetimes.rs	13	cfg-selection	"let path = if cfg!(any(target_os = ""linux"", target_os = ""android"")) {"	STILL TRUE — contract platform/feature selection	N/W2/W3/WEB run applicable suites separately; Loom excludes OS bodies, executor requires feature. Apple/Linux/Android/FreeBSD cfg does not include every build.rs BSD; mobile/FreeBSD runtime absent. I12.	"use turnloop::*; fn fd_count() -> usize { let path = if cfg!(any(target_os = ""linux"", target_os = ""android"")) { ""/proc/self/fd"" } else {"	https://github.com/PerryTS/turnloop/blob/a0fbb1bf9a100bb3215219f54301b9ee82ffe71f/crates/turnloop-contract/tests/lifetimes.rs#L13
crates/turnloop-contract/tests/native_surface.rs	1	cfg-selection	"#![cfg(all( not(loom), any( target_vendor = ""apple"", target_os = ""linux"", target_os = ""android"", target_os = ""freebsd"" ) ))]"	STILL TRUE — contract platform/feature selection	N/W2/W3/WEB run applicable suites separately; Loom excludes OS bodies, executor requires feature. Apple/Linux/Android/FreeBSD cfg does not include every build.rs BSD; mobile/FreeBSD runtime absent. I12.	#![cfg(all( not(loom), any(	https://github.com/PerryTS/turnloop/blob/a0fbb1bf9a100bb3215219f54301b9ee82ffe71f/crates/turnloop-contract/tests/native_surface.rs#L1
crates/turnloop-contract/tests/native_surface.rs	44	cfg-selection	"#[cfg(any(target_vendor = ""apple"", target_os = ""freebsd""))]"	STILL TRUE — contract platform/feature selection	N/W2/W3/WEB run applicable suites separately; Loom excludes OS bodies, executor requires feature. Apple/Linux/Android/FreeBSD cfg does not include every build.rs BSD; mobile/FreeBSD runtime absent. I12.	"}); } #[cfg(any(target_vendor = ""apple"", target_os = ""freebsd""))] #[test] fn pending_signal_cannot_outlive_kqueue_unsubscribe() {"	https://github.com/PerryTS/turnloop/blob/a0fbb1bf9a100bb3215219f54301b9ee82ffe71f/crates/turnloop-contract/tests/native_surface.rs#L44
crates/turnloop-contract/tests/wasi.rs	1	cfg-selection	"#![cfg(all( target_os = ""wasi"", any( target_env = ""p2"", all(target_env = ""p3"", feature = ""wasi-p3-experimental"") ) ))]"	STILL TRUE — contract platform/feature selection	N/W2/W3/WEB run applicable suites separately; Loom excludes OS bodies, executor requires feature. Apple/Linux/Android/FreeBSD cfg does not include every build.rs BSD; mobile/FreeBSD runtime absent. I12.	"#![cfg(all( target_os = ""wasi"", any("	https://github.com/PerryTS/turnloop/blob/a0fbb1bf9a100bb3215219f54301b9ee82ffe71f/crates/turnloop-contract/tests/wasi.rs#L1
crates/turnloop-contract/tests/wasi.rs	185	cfg-selection	"#[cfg(target_env = ""p3"")]"	STILL TRUE — contract platform/feature selection	N/W2/W3/WEB run applicable suites separately; Loom excludes OS bodies, executor requires feature. Apple/Linux/Android/FreeBSD cfg does not include every build.rs BSD; mobile/FreeBSD runtime absent. I12.	"}  #[cfg(target_env = ""p3"")] #[test] fn wasi_random_fills_both_getrandom_generations_and_bson() {"	https://github.com/PerryTS/turnloop/blob/a0fbb1bf9a100bb3215219f54301b9ee82ffe71f/crates/turnloop-contract/tests/wasi.rs#L185
crates/turnloop-contract/tests/wasi.rs	271	cfg-selection	"#[cfg(feature = ""executor"")]"	STILL TRUE — contract platform/feature selection	N/W2/W3/WEB run applicable suites separately; Loom excludes OS bodies, executor requires feature. Apple/Linux/Android/FreeBSD cfg does not include every build.rs BSD; mobile/FreeBSD runtime absent. I12.	"}  #[cfg(feature = ""executor"")] #[test] fn executor_on_one_wasi_agent() {"	https://github.com/PerryTS/turnloop/blob/a0fbb1bf9a100bb3215219f54301b9ee82ffe71f/crates/turnloop-contract/tests/wasi.rs#L271
crates/turnloop-contract/tests/web/browser.rs	1	cfg-selection	"#![cfg(all(target_arch = ""wasm32"", target_os = ""unknown""))]"	STILL TRUE — web/worker/executor selection	WEB executes 13 subjects on each engine with worker/executor enabled. JS producers do not prove a Rust Loop per worker; no non-isolated Poster. I07.	"#![cfg(all(target_arch = ""wasm32"", target_os = ""unknown""))] wasm_bindgen_test::wasm_bindgen_test_configure!(run_in_browser); #[path = ""web_contract.rs""]"	https://github.com/PerryTS/turnloop/blob/a0fbb1bf9a100bb3215219f54301b9ee82ffe71f/crates/turnloop-contract/tests/web/browser.rs#L1
crates/turnloop-contract/tests/web/node.rs	1	cfg-selection	"#![cfg(all(target_arch = ""wasm32"", target_os = ""unknown""))]"	STILL TRUE — web/worker/executor selection	WEB executes 13 subjects on each engine with worker/executor enabled. JS producers do not prove a Rust Loop per worker; no non-isolated Poster. I07.	"#![cfg(all(target_arch = ""wasm32"", target_os = ""unknown""))] #[path = ""web_contract.rs""] mod web_contract;"	https://github.com/PerryTS/turnloop/blob/a0fbb1bf9a100bb3215219f54301b9ee82ffe71f/crates/turnloop-contract/tests/web/node.rs#L1
crates/turnloop-contract/tests/web/web_contract.rs	14	cfg-selection	"#[cfg(feature = ""web-worker"")]"	STILL TRUE — web/worker/executor selection	WEB executes 13 subjects on each engine with worker/executor enabled. JS producers do not prove a Rust Loop per worker; no non-isolated Poster. I07.	"fn sleep(ms: f64) -> Promise; fn stats(base: &str) -> Promise; #[cfg(feature = ""web-worker"")] fn producers(descriptor: &JsValue, count: u32) -> JsValue; #[cfg(feature = ""web-worker"")]"	https://github.com/PerryTS/turnloop/blob/a0fbb1bf9a100bb3215219f54301b9ee82ffe71f/crates/turnloop-contract/tests/web/web_contract.rs#L14
crates/turnloop-contract/tests/web/web_contract.rs	16	cfg-selection	"#[cfg(feature = ""web-worker"")]"	STILL TRUE — web/worker/executor selection	WEB executes 13 subjects on each engine with worker/executor enabled. JS producers do not prove a Rust Loop per worker; no non-isolated Poster. I07.	"#[cfg(feature = ""web-worker"")] fn producers(descriptor: &JsValue, count: u32) -> JsValue; #[cfg(feature = ""web-worker"")] #[wasm_bindgen(js_name=stopProducers)] fn stop_producers(group: &JsValue);"	https://github.com/PerryTS/turnloop/blob/a0fbb1bf9a100bb3215219f54301b9ee82ffe71f/crates/turnloop-contract/tests/web/web_contract.rs#L16
crates/turnloop-contract/tests/web/web_contract.rs	19	cfg-selection	"#[cfg(feature = ""web-worker"")]"	STILL TRUE — web/worker/executor selection	WEB executes 13 subjects on each engine with worker/executor enabled. JS producers do not prove a Rust Loop per worker; no non-isolated Poster. I07.	"#[wasm_bindgen(js_name=stopProducers)] fn stop_producers(group: &JsValue); #[cfg(feature = ""web-worker"")] #[wasm_bindgen(js_name=producersDone)] fn producers_done(group: &JsValue) -> Promise;"	https://github.com/PerryTS/turnloop/blob/a0fbb1bf9a100bb3215219f54301b9ee82ffe71f/crates/turnloop-contract/tests/web/web_contract.rs#L19
crates/turnloop-contract/tests/web/web_contract.rs	22	cfg-selection	"#[cfg(feature = ""web-worker"")]"	STILL TRUE — web/worker/executor selection	WEB executes 13 subjects on each engine with worker/executor enabled. JS producers do not prove a Rust Loop per worker; no non-isolated Poster. I07.	"#[wasm_bindgen(js_name=producersDone)] fn producers_done(group: &JsValue) -> Promise; #[cfg(feature = ""web-worker"")] #[wasm_bindgen(js_name=fillRing)] fn fill_ring(descriptor: &JsValue);"	https://github.com/PerryTS/turnloop/blob/a0fbb1bf9a100bb3215219f54301b9ee82ffe71f/crates/turnloop-contract/tests/web/web_contract.rs#L22
crates/turnloop-contract/tests/web/web_contract.rs	73	unsupported	ErrorKind::Unsupported	STILL TRUE — test/spike capability assertion	Negative test, mock provider, or historical spike. Passing rejection proves the error/cleanup subject, not successful unsupported I/O.	"assert_eq!( l.turn(timeout, &mut out).expect_err(""must reject"").kind, ErrorKind::Unsupported ); }"	https://github.com/PerryTS/turnloop/blob/a0fbb1bf9a100bb3215219f54301b9ee82ffe71f/crates/turnloop-contract/tests/web/web_contract.rs#L73
crates/turnloop-contract/tests/web/web_contract.rs	84	unsupported	ErrorKind::Unsupported	STILL TRUE — test/spike capability assertion	Negative test, mock provider, or historical spike. Passing rejection proves the error/cleanup subject, not successful unsupported I/O.	".expect_err(""raw TCP"") .kind, ErrorKind::Unsupported ); assert_eq!("	https://github.com/PerryTS/turnloop/blob/a0fbb1bf9a100bb3215219f54301b9ee82ffe71f/crates/turnloop-contract/tests/web/web_contract.rs#L84
crates/turnloop-contract/tests/web/web_contract.rs	90	unsupported	ErrorKind::Unsupported	STILL TRUE — test/spike capability assertion	Negative test, mock provider, or historical spike. Passing rejection proves the error/cleanup subject, not successful unsupported I/O.	".expect_err(""listen"") .kind, ErrorKind::Unsupported ); assert_eq!("	https://github.com/PerryTS/turnloop/blob/a0fbb1bf9a100bb3215219f54301b9ee82ffe71f/crates/turnloop-contract/tests/web/web_contract.rs#L90
crates/turnloop-contract/tests/web/web_contract.rs	94	unsupported	ErrorKind::Unsupported	STILL TRUE — test/spike capability assertion	Negative test, mock provider, or historical spike. Passing rejection proves the error/cleanup subject, not successful unsupported I/O.	"assert_eq!( l.udp_bind(addr, &UdpOpts::default()).expect_err(""UDP"").kind, ErrorKind::Unsupported ); assert_eq!("	https://github.com/PerryTS/turnloop/blob/a0fbb1bf9a100bb3215219f54301b9ee82ffe71f/crates/turnloop-contract/tests/web/web_contract.rs#L94
crates/turnloop-contract/tests/web/web_contract.rs	100	unsupported	ErrorKind::Unsupported	STILL TRUE — test/spike capability assertion	Negative test, mock provider, or historical spike. Passing rejection proves the error/cleanup subject, not successful unsupported I/O.	".expect_err(""blocking"") .kind, ErrorKind::Unsupported ); }"	https://github.com/PerryTS/turnloop/blob/a0fbb1bf9a100bb3215219f54301b9ee82ffe71f/crates/turnloop-contract/tests/web/web_contract.rs#L100
crates/turnloop-contract/tests/web/web_contract.rs	245	cfg-selection	"#[cfg(feature = ""web-worker"")]"	STILL TRUE — web/worker/executor selection	WEB executes 13 subjects on each engine with worker/executor enabled. JS producers do not prove a Rust Loop per worker; no non-isolated Poster. I07.	"}  #[cfg(feature = ""web-worker"")] #[wasm_bindgen_test(async)] async fn worker_mpsc_backpressure_and_no_lost_wake() {"	https://github.com/PerryTS/turnloop/blob/a0fbb1bf9a100bb3215219f54301b9ee82ffe71f/crates/turnloop-contract/tests/web/web_contract.rs#L245
crates/turnloop-contract/tests/web/web_contract.rs	361	unsupported	ErrorKind::Unsupported	STILL TRUE — test/spike capability assertion	Negative test, mock provider, or historical spike. Passing rejection proves the error/cleanup subject, not successful unsupported I/O.	"assert_eq!( l.read_start(h, Token(1)).expect_err(""multishot"").kind, ErrorKind::Unsupported ); assert_eq!("	https://github.com/PerryTS/turnloop/blob/a0fbb1bf9a100bb3215219f54301b9ee82ffe71f/crates/turnloop-contract/tests/web/web_contract.rs#L361
crates/turnloop-contract/tests/web/web_contract.rs	367	unsupported	ErrorKind::Unsupported	STILL TRUE — test/spike capability assertion	Negative test, mock provider, or historical spike. Passing rejection proves the error/cleanup subject, not successful unsupported I/O.	".expect_err(""writev"") .kind, ErrorKind::Unsupported ); assert_eq!("	https://github.com/PerryTS/turnloop/blob/a0fbb1bf9a100bb3215219f54301b9ee82ffe71f/crates/turnloop-contract/tests/web/web_contract.rs#L367
crates/turnloop-contract/tests/web/web_contract.rs	371	unsupported	ErrorKind::Unsupported	STILL TRUE — test/spike capability assertion	Negative test, mock provider, or historical spike. Passing rejection proves the error/cleanup subject, not successful unsupported I/O.	"assert_eq!( l.detach(h).expect_err(""transfer"").kind, ErrorKind::Unsupported ); let read = l.read(h, ReadBuf::Pooled, Token(3)).expect(""read"");"	https://github.com/PerryTS/turnloop/blob/a0fbb1bf9a100bb3215219f54301b9ee82ffe71f/crates/turnloop-contract/tests/web/web_contract.rs#L371
crates/turnloop-contract/tests/web/web_contract.rs	428	unsupported	ErrorKind::Unsupported	STILL TRUE — test/spike capability assertion	Negative test, mock provider, or historical spike. Passing rejection proves the error/cleanup subject, not successful unsupported I/O.	"assert_eq!( l.open_stdio(which).expect_err(""browser stdio"").kind, ErrorKind::Unsupported ); }"	https://github.com/PerryTS/turnloop/blob/a0fbb1bf9a100bb3215219f54301b9ee82ffe71f/crates/turnloop-contract/tests/web/web_contract.rs#L428
crates/turnloop-contract/tests/web/web_contract.rs	508	cfg-selection	"#[cfg(feature = ""executor"")]"	STILL TRUE — web/worker/executor selection	WEB executes 13 subjects on each engine with worker/executor enabled. JS producers do not prove a Rust Loop per worker; no non-isolated Poster. I07.	"}  #[cfg(feature = ""executor"")] async fn executor_scheduled(ex: &mut LocalExecutor<backend::Platform>) { let mut resolve = None;"	https://github.com/PerryTS/turnloop/blob/a0fbb1bf9a100bb3215219f54301b9ee82ffe71f/crates/turnloop-contract/tests/web/web_contract.rs#L508
crates/turnloop-contract/tests/web/web_contract.rs	528	cfg-selection	"#[cfg(feature = ""executor"")]"	STILL TRUE — web/worker/executor selection	WEB executes 13 subjects on each engine with worker/executor enabled. JS producers do not prove a Rust Loop per worker; no non-isolated Poster. I07.	"}  #[cfg(feature = ""executor"")] #[wasm_bindgen_test(async)] async fn executor_websocket_sleep_and_cancel() {"	https://github.com/PerryTS/turnloop/blob/a0fbb1bf9a100bb3215219f54301b9ee82ffe71f/crates/turnloop-contract/tests/web/web_contract.rs#L528
crates/turnloop-contract/tests/web/web_contract.rs	591	cfg-selection	"#[cfg(feature = ""web-worker"")]"	STILL TRUE — web/worker/executor selection	WEB executes 13 subjects on each engine with worker/executor enabled. JS producers do not prove a Rust Loop per worker; no non-isolated Poster. I07.	"}  #[cfg(feature = ""web-worker"")] #[wasm_bindgen(module = ""/tests/web/helpers.js"")] extern ""C"" {"	https://github.com/PerryTS/turnloop/blob/a0fbb1bf9a100bb3215219f54301b9ee82ffe71f/crates/turnloop-contract/tests/web/web_contract.rs#L591
crates/turnloop-contract/tests/web/web_contract.rs	605	cfg-selection	"#[cfg(feature = ""web-worker"")]"	STILL TRUE — web/worker/executor selection	WEB executes 13 subjects on each engine with worker/executor enabled. JS producers do not prove a Rust Loop per worker; no non-isolated Poster. I07.	"fn condition_closed(descriptor: &JsValue); } #[cfg(feature = ""web-worker"")] #[wasm_bindgen_test(async)] async fn worker_conditions_notify_waiting_loops_and_close() {"	https://github.com/PerryTS/turnloop/blob/a0fbb1bf9a100bb3215219f54301b9ee82ffe71f/crates/turnloop-contract/tests/web/web_contract.rs#L605
crates/turnloop-contract/tests/web/web_contract.rs	671	cfg-selection	"#[cfg(feature = ""executor"")]"	STILL TRUE — web/worker/executor selection	WEB executes 13 subjects on each engine with worker/executor enabled. JS producers do not prove a Rust Loop per worker; no non-isolated Poster. I07.	"}  #[cfg(feature = ""executor"")] #[wasm_bindgen_test(async)] async fn executor_fetch_bytes_and_deadline_abort() {"	https://github.com/PerryTS/turnloop/blob/a0fbb1bf9a100bb3215219f54301b9ee82ffe71f/crates/turnloop-contract/tests/web/web_contract.rs#L671
crates/turnloop-contract/tests/windows.rs	1	cfg-selection	#![cfg(all(windows, not(loom)))]	STILL TRUE — native platform selection	N-W executes Windows bodies; N Unix executes applicable child helpers. Unsupported branches/empty target binaries are not counted as platform tests. I12.	#![cfg(all(windows, not(loom)))] #![deny(unsafe_op_in_unsafe_fn)] use turnloop::{backend::Platform, *};	https://github.com/PerryTS/turnloop/blob/a0fbb1bf9a100bb3215219f54301b9ee82ffe71f/crates/turnloop-contract/tests/windows.rs#L1
crates/turnloop-contract/tests/windows.rs	94	unsupported	kind: ErrorKind::Unsupported,	STILL TRUE — test/spike capability assertion	Negative test, mock provider, or historical spike. Passing rejection proves the error/cleanup subject, not successful unsupported I/O.	result, Err(Error { kind: ErrorKind::Unsupported, .. })	https://github.com/PerryTS/turnloop/blob/a0fbb1bf9a100bb3215219f54301b9ee82ffe71f/crates/turnloop-contract/tests/windows.rs#L94
crates/turnloop-contract/tests/windows_console.rs	1	cfg-selection	#![cfg(all(windows, not(loom)))]	STILL TRUE — native platform selection	N-W executes Windows bodies; N Unix executes applicable child helpers. Unsupported branches/empty target binaries are not counted as platform tests. I12.	#![cfg(all(windows, not(loom)))] #![deny(unsafe_op_in_unsafe_fn)] use std::{	https://github.com/PerryTS/turnloop/blob/a0fbb1bf9a100bb3215219f54301b9ee82ffe71f/crates/turnloop-contract/tests/windows_console.rs#L1
crates/turnloop-contract/tests/windows_lifetimes.rs	1	cfg-selection	#![cfg(all(windows, not(loom)))]	STILL TRUE — native platform selection	N-W executes Windows bodies; N Unix executes applicable child helpers. Unsupported branches/empty target binaries are not counted as platform tests. I12.	#![cfg(all(windows, not(loom)))] #![deny(unsafe_op_in_unsafe_fn)] use std::{	https://github.com/PerryTS/turnloop/blob/a0fbb1bf9a100bb3215219f54301b9ee82ffe71f/crates/turnloop-contract/tests/windows_lifetimes.rs#L1
crates/turnloop-contract/tests/windows_lifetimes.rs	271	unsupported	kind: ErrorKind::Unsupported,	STILL TRUE — test/spike capability assertion	Negative test, mock provider, or historical spike. Passing rejection proves the error/cleanup subject, not successful unsupported I/O.	Detached::from_handle(file.into()), Err(Error { kind: ErrorKind::Unsupported, .. })	https://github.com/PerryTS/turnloop/blob/a0fbb1bf9a100bb3215219f54301b9ee82ffe71f/crates/turnloop-contract/tests/windows_lifetimes.rs#L271
crates/turnloop-contract/tests/windows_lifetimes.rs	699	unsupported	ErrorKind::Unsupported	STILL TRUE — test/spike capability assertion	Negative test, mock provider, or historical spike. Passing rejection proves the error/cleanup subject, not successful unsupported I/O.	".expect_err(""pending-open state is not a connected transport"") .kind, ErrorKind::Unsupported ); client.close(h, Token(2)).expect(""close expired client"");"	https://github.com/PerryTS/turnloop/blob/a0fbb1bf9a100bb3215219f54301b9ee82ffe71f/crates/turnloop-contract/tests/windows_lifetimes.rs#L699
crates/turnloop-io/Cargo.toml	32	cfg-selection	[target.'cfg(windows)'.dependencies]	STILL TRUE — core feature/platform selection	N native/default/executor/fallbacks; W2/W3, WEB; MODEL production cfg(loom) and timer/table Miri. Build selection alone does not verify non-CI targets; see platform matrix. I04/I09/I12 as applicable.	"harness = false  [target.'cfg(windows)'.dependencies] windows-sys = { version = ""=0.61.2"", features = [""Win32_NetworkManagement_Dns"", ""Win32_Foundation"", ""Win32_Networking_WinSock""] }"	https://github.com/PerryTS/turnloop/blob/a0fbb1bf9a100bb3215219f54301b9ee82ffe71f/crates/turnloop-io/Cargo.toml#L32
crates/turnloop-io/README.md	20	doc-progress	while delivery is pending. Partial writes and errors retain ownership.	STILL TRUE — behavior/policy, not open work	Pending means operation/queue/phase state or a reporting rule. Read linked context; no missing implementation inferred.	upgrades. On no progress, await a transport read; never wake/poll an idle core. 3. Use `drain` to write core output, flush, then acknowledge it. Do not clear output while delivery is pending. Partial writes and errors retain ownership. 4. A request owns its connection lease until its response body is fully consumed. Dropping an incomplete exchange closes the stream rather than returning a	https://github.com/PerryTS/turnloop/blob/a0fbb1bf9a100bb3215219f54301b9ee82ffe71f/crates/turnloop-io/README.md#L20
crates/turnloop-io/src/dns.rs	24	cfg-selection	"#[cfg(any(test, windows, all(unix, not(target_arch = ""wasm32""))))]"	STILL TRUE — resolver platform selection	Native Unix res_send/Windows DnsQuery implementation; real SRV/TXT not CI-proven (I11); wasm fallback Unsupported.	"Txt, } #[cfg(any(test, windows, all(unix, not(target_arch = ""wasm32""))))] impl Query { fn code(self) -> u16 {"	https://github.com/PerryTS/turnloop/blob/a0fbb1bf9a100bb3215219f54301b9ee82ffe71f/crates/turnloop-io/src/dns.rs#L24
crates/turnloop-io/src/dns.rs	57	cfg-selection	"#[cfg(all(unix, not(target_arch = ""wasm32"")))]"	STILL TRUE — resolver platform selection	Native Unix res_send/Windows DnsQuery implementation; real SRV/TXT not CI-proven (I11); wasm fallback Unsupported.	"} } #[cfg(all(unix, not(target_arch = ""wasm32"")))] fn native_query(name: &str, kind: Query) -> io::Result<Vec<Record>> { use std::sync::{"	https://github.com/PerryTS/turnloop/blob/a0fbb1bf9a100bb3215219f54301b9ee82ffe71f/crates/turnloop-io/src/dns.rs#L57
crates/turnloop-io/src/dns.rs	69	cfg-selection	"#[cfg_attr(target_vendor = ""apple"", link_name = ""res_9_send"")]"	STILL TRUE — resolver platform selection	Native Unix res_send/Windows DnsQuery implementation; real SRV/TXT not CI-proven (I11); wasm fallback Unsupported.	"#[link(name = ""resolv"")] unsafe extern ""C"" { #[cfg_attr(target_vendor = ""apple"", link_name = ""res_9_send"")] fn res_send( msg: *const u8,"	https://github.com/PerryTS/turnloop/blob/a0fbb1bf9a100bb3215219f54301b9ee82ffe71f/crates/turnloop-io/src/dns.rs#L69
crates/turnloop-io/src/dns.rs	119	cfg-selection	#[cfg(windows)]	STILL TRUE — resolver platform selection	Native Unix res_send/Windows DnsQuery implementation; real SRV/TXT not CI-proven (I11); wasm fallback Unsupported.	parse(&answer, kind) } #[cfg(windows)] fn native_query(name: &str, kind: Query) -> io::Result<Vec<Record>> { use std::ffi::{CStr, CString};	https://github.com/PerryTS/turnloop/blob/a0fbb1bf9a100bb3215219f54301b9ee82ffe71f/crates/turnloop-io/src/dns.rs#L119
crates/turnloop-io/src/dns.rs	201	cfg-selection	"#[cfg(not(any(windows, all(unix, not(target_arch = ""wasm32"")))))]"	STILL TRUE — resolver platform selection	Native Unix res_send/Windows DnsQuery implementation; real SRV/TXT not CI-proven (I11); wasm fallback Unsupported.	"Ok(output) } #[cfg(not(any(windows, all(unix, not(target_arch = ""wasm32"")))))] fn native_query(_: &str, _: Query) -> io::Result<Vec<Record>> { Err(io::Error::new("	https://github.com/PerryTS/turnloop/blob/a0fbb1bf9a100bb3215219f54301b9ee82ffe71f/crates/turnloop-io/src/dns.rs#L201
crates/turnloop-io/src/dns.rs	204	unsupported	io::ErrorKind::Unsupported,	STILL TRUE — capability gap	SRV/TXT Unsupported outside native Unix/Windows; basic p2 A/AAAA uses Backend resolver, p3 missing. I05/I11.	"fn native_query(_: &str, _: Query) -> io::Result<Vec<Record>> { Err(io::Error::new( io::ErrorKind::Unsupported, ""host has no SRV/TXT resolver capability"", ))"	https://github.com/PerryTS/turnloop/blob/a0fbb1bf9a100bb3215219f54301b9ee82ffe71f/crates/turnloop-io/src/dns.rs#L204
crates/turnloop-io/src/dns.rs	208	cfg-selection	"#[cfg(any(test, all(unix, not(target_arch = ""wasm32""))))]"	STILL TRUE — resolver platform selection	Native Unix res_send/Windows DnsQuery implementation; real SRV/TXT not CI-proven (I11); wasm fallback Unsupported.	")) } #[cfg(any(test, all(unix, not(target_arch = ""wasm32""))))] fn parse(bytes: &[u8], kind: Query) -> io::Result<Vec<Record>> { fn invalid() -> io::Error {"	https://github.com/PerryTS/turnloop/blob/a0fbb1bf9a100bb3215219f54301b9ee82ffe71f/crates/turnloop-io/src/dns.rs#L208
crates/turnloop-io/src/dns.rs	331	cfg-selection	#[cfg(test)]	STILL TRUE — resolver platform selection	Native Unix res_send/Windows DnsQuery implementation; real SRV/TXT not CI-proven (I11); wasm fallback Unsupported.	Ok(records) } #[cfg(test)] mod tests { use super::*;	https://github.com/PerryTS/turnloop/blob/a0fbb1bf9a100bb3215219f54301b9ee82ffe71f/crates/turnloop-io/src/dns.rs#L331
crates/turnloop-io/src/lib.rs	25	unsupported	turnloop::ErrorKind::Unsupported => io::ErrorKind::Unsupported,	STILL TRUE — capability/error handling	Read enclosing branch: includes enum/error mappings and capability documentation, not automatically a missing supported operation. DESIGN_AUDIT.md classifies actual gaps.	let kind = match e.kind { turnloop::ErrorKind::TimedOut => io::ErrorKind::TimedOut, turnloop::ErrorKind::Unsupported => io::ErrorKind::Unsupported, turnloop::ErrorKind::InvalidInput => io::ErrorKind::InvalidInput, turnloop::ErrorKind::Cancelled => io::ErrorKind::Interrupted,	https://github.com/PerryTS/turnloop/blob/a0fbb1bf9a100bb3215219f54301b9ee82ffe71f/crates/turnloop-io/src/lib.rs#L25
crates/turnloop-io/tests/allocations.rs	2	cfg-selection	"#[cfg(not(all(target_arch = ""wasm32"", target_os = ""unknown"")))]"	STILL TRUE — core feature/platform selection	N native/default/executor/fallbacks; W2/W3, WEB; MODEL production cfg(loom) and timer/table Miri. Build selection alone does not verify non-CI targets; see platform matrix. I04/I09/I12 as applicable.	"#![deny(unsafe_op_in_unsafe_fn)] #[cfg(not(all(target_arch = ""wasm32"", target_os = ""unknown"")))] mod native { use std::{"	https://github.com/PerryTS/turnloop/blob/a0fbb1bf9a100bb3215219f54301b9ee82ffe71f/crates/turnloop-io/tests/allocations.rs#L2
crates/turnloop-io/tests/allocations.rs	176	cfg-selection	"#[cfg(not(all(target_arch = ""wasm32"", target_os = ""unknown"")))]"	STILL TRUE — core feature/platform selection	N native/default/executor/fallbacks; W2/W3, WEB; MODEL production cfg(loom) and timer/table Miri. Build selection alone does not verify non-CI targets; see platform matrix. I04/I09/I12 as applicable.	"} fn main() { #[cfg(not(all(target_arch = ""wasm32"", target_os = ""unknown"")))] { native::real_tcp_shared_driver_zero_allocations_after_warmup();"	https://github.com/PerryTS/turnloop/blob/a0fbb1bf9a100bb3215219f54301b9ee82ffe71f/crates/turnloop-io/tests/allocations.rs#L176
crates/turnloop-io/tests/streams.rs	1	cfg-selection	"#![cfg(not(all(target_arch = ""wasm32"", target_os = ""unknown"")))]"	STILL TRUE — DNS capability selection	N/PW2 positive A/AAAA; PW3 explicit Unsupported; Unix real SRV/TXT subject at line 215 has no runner. I05/I11. Browser test binary excluded.	"#![cfg(not(all(target_arch = ""wasm32"", target_os = ""unknown"")))] use std::{ future::Future,"	https://github.com/PerryTS/turnloop/blob/a0fbb1bf9a100bb3215219f54301b9ee82ffe71f/crates/turnloop-io/tests/streams.rs#L1
crates/turnloop-io/tests/streams.rs	81	cfg-selection	"#[cfg(any( not(target_arch = ""wasm32""), all(target_os = ""wasi"", target_env = ""p2"") ))]"	STILL TRUE — DNS capability selection	N/PW2 positive A/AAAA; PW3 explicit Unsupported; Unix real SRV/TXT subject at line 215 has no runner. I05/I11. Browser test binary excluded.	"}  #[cfg(any( not(target_arch = ""wasm32""), all(target_os = ""wasi"", target_env = ""p2"")"	https://github.com/PerryTS/turnloop/blob/a0fbb1bf9a100bb3215219f54301b9ee82ffe71f/crates/turnloop-io/tests/streams.rs#L81
crates/turnloop-io/tests/streams.rs	127	cfg-selection	"#[cfg(all(target_os = ""wasi"", target_env = ""p3""))]"	STILL TRUE — DNS capability selection	N/PW2 positive A/AAAA; PW3 explicit Unsupported; Unix real SRV/TXT subject at line 215 has no runner. I05/I11. Browser test binary excluded.	"}  #[cfg(all(target_os = ""wasi"", target_env = ""p3""))] #[test] fn unsupported_wasi_dns_releases_reserved_slots() {"	https://github.com/PerryTS/turnloop/blob/a0fbb1bf9a100bb3215219f54301b9ee82ffe71f/crates/turnloop-io/tests/streams.rs#L127
crates/turnloop-io/tests/streams.rs	151	unsupported	assert_eq!(error.kind, turnloop::ErrorKind::Unsupported);	STILL TRUE — test/spike capability assertion	Negative test, mock provider, or historical spike. Passing rejection proves the error/cleanup subject, not successful unsupported I/O.	".await .expect_err(""WASI has no native blocking DNS pool""); assert_eq!(error.kind, turnloop::ErrorKind::Unsupported); h.sleep(Duration::from_millis(1)) .await"	https://github.com/PerryTS/turnloop/blob/a0fbb1bf9a100bb3215219f54301b9ee82ffe71f/crates/turnloop-io/tests/streams.rs#L151
crates/turnloop-io/tests/streams.rs	167	cfg-selection	"#[cfg(all(unix, not(target_arch = ""wasm32"")))]"	STILL TRUE — DNS capability selection	N/PW2 positive A/AAAA; PW3 explicit Unsupported; Unix real SRV/TXT subject at line 215 has no runner. I05/I11. Browser test binary excluded.	"}  #[cfg(all(unix, not(target_arch = ""wasm32"")))] #[test] fn blocking_worker_and_dns_validation_deliver_results() {"	https://github.com/PerryTS/turnloop/blob/a0fbb1bf9a100bb3215219f54301b9ee82ffe71f/crates/turnloop-io/tests/streams.rs#L167
crates/turnloop-io/tests/streams.rs	213	cfg-selection	"#[cfg(all(unix, not(target_arch = ""wasm32"")))]"	STILL TRUE — DNS capability selection	N/PW2 positive A/AAAA; PW3 explicit Unsupported; Unix real SRV/TXT subject at line 215 has no runner. I05/I11. Browser test binary excluded.	"}  #[cfg(all(unix, not(target_arch = ""wasm32"")))] #[test] #[ignore = ""requires external DNS; deterministic wire/worker tests run by default""]"	https://github.com/PerryTS/turnloop/blob/a0fbb1bf9a100bb3215219f54301b9ee82ffe71f/crates/turnloop-io/tests/streams.rs#L213
crates/turnloop-io/tests/streams.rs	215	ignored-test	"#[ignore = ""requires external DNS; deterministic wire/worker tests run by default""]"	STILL TRUE — ignored without CI runner	native_srv_txt_records_through_blocking_pool: not selected by protocol metadata; N ordinary workspace leaves ignored; PW2/PW3 skip native branch. I11.	"fn native_srv_txt_records_through_blocking_pool() {     let mut executor = LocalExecutor::<Platform>::new(Config::default()).expect(""executor"");     let h = executor.handle();"	https://github.com/PerryTS/turnloop/blob/a0fbb1bf9a100bb3215219f54301b9ee82ffe71f/crates/turnloop-io/tests/streams.rs#L215
crates/turnloop-wasi-random/Cargo.toml	17	cfg-selection	"[target.'cfg(all(target_os = ""wasi"", target_env = ""p3""))'.dependencies]"	STILL TRUE — core feature/platform selection	N native/default/executor/fallbacks; W2/W3, WEB; MODEL production cfg(loom) and timer/table Miri. Build selection alone does not verify non-CI targets; see platform matrix. I04/I09/I12 as applicable.	"workspace = true  [target.'cfg(all(target_os = ""wasi"", target_env = ""p3""))'.dependencies] getrandom03 = { package = ""getrandom"", version = ""=0.3.4"" } getrandom04 = { package = ""getrandom"", version = ""=0.4.3"" }"	https://github.com/PerryTS/turnloop/blob/a0fbb1bf9a100bb3215219f54301b9ee82ffe71f/crates/turnloop-wasi-random/Cargo.toml#L17
crates/turnloop-wasi-random/src/lib.rs	3	cfg-selection	"#![cfg(all(target_os = ""wasi"", target_env = ""p3""))]"	STILL TRUE — core feature/platform selection	N native/default/executor/fallbacks; W2/W3, WEB; MODEL production cfg(loom) and timer/table Miri. Build selection alone does not verify non-CI targets; see platform matrix. I04/I09/I12 as applicable.	"//! Explicit, single-definition linkage for getrandom's p3-only custom backend. //! Import this crate with `use turnloop_wasi_random as _;` in final consumers. #![cfg(all(target_os = ""wasi"", target_env = ""p3""))]  #[link(wasm_import_module = ""wasi:random/random@0.3.0"")]"	https://github.com/PerryTS/turnloop/blob/a0fbb1bf9a100bb3215219f54301b9ee82ffe71f/crates/turnloop-wasi-random/src/lib.rs#L3
crates/turnloop/Cargo.toml	25	cfg-selection	[target.'cfg(unix)'.dependencies]	STILL TRUE — core feature/platform selection	N native/default/executor/fallbacks; W2/W3, WEB; MODEL production cfg(loom) and timer/table Miri. Build selection alone does not verify non-CI targets; see platform matrix. I04/I09/I12 as applicable.	futures-io = { workspace = true, optional = true }  [target.'cfg(unix)'.dependencies] libc.workspace = true 	https://github.com/PerryTS/turnloop/blob/a0fbb1bf9a100bb3215219f54301b9ee82ffe71f/crates/turnloop/Cargo.toml#L25
crates/turnloop/Cargo.toml	28	cfg-selection	[target.'cfg(windows)'.dependencies]	STILL TRUE — core feature/platform selection	N native/default/executor/fallbacks; W2/W3, WEB; MODEL production cfg(loom) and timer/table Miri. Build selection alone does not verify non-CI targets; see platform matrix. I04/I09/I12 as applicable.	"libc.workspace = true  [target.'cfg(windows)'.dependencies] windows-sys = { version = ""=0.61.2"", features = [ ""Wdk_Storage_FileSystem"","	https://github.com/PerryTS/turnloop/blob/a0fbb1bf9a100bb3215219f54301b9ee82ffe71f/crates/turnloop/Cargo.toml#L28
crates/turnloop/Cargo.toml	40	cfg-selection	[target.'cfg(loom)'.dependencies]	STILL TRUE — core feature/platform selection	N native/default/executor/fallbacks; W2/W3, WEB; MODEL production cfg(loom) and timer/table Miri. Build selection alone does not verify non-CI targets; see platform matrix. I04/I09/I12 as applicable.	workspace = true  [target.'cfg(loom)'.dependencies] loom.workspace = true 	https://github.com/PerryTS/turnloop/blob/a0fbb1bf9a100bb3215219f54301b9ee82ffe71f/crates/turnloop/Cargo.toml#L40
crates/turnloop/Cargo.toml	49	cfg-selection	"[target.'cfg(all(target_os = ""wasi"", target_env = ""p2""))'.dependencies]"	STILL TRUE — core feature/platform selection	N native/default/executor/fallbacks; W2/W3, WEB; MODEL production cfg(loom) and timer/table Miri. Build selection alone does not verify non-CI targets; see platform matrix. I04/I09/I12 as applicable.	"miri-filters = [""timer::tests"", ""table::tests""]  [target.'cfg(all(target_os = ""wasi"", target_env = ""p2""))'.dependencies] wasip2 = ""=1.0.3"" "	https://github.com/PerryTS/turnloop/blob/a0fbb1bf9a100bb3215219f54301b9ee82ffe71f/crates/turnloop/Cargo.toml#L49
crates/turnloop/Cargo.toml	52	cfg-selection	"[target.'cfg(all(target_os = ""wasi"", target_env = ""p3""))'.dependencies]"	STILL TRUE — core feature/platform selection	N native/default/executor/fallbacks; W2/W3, WEB; MODEL production cfg(loom) and timer/table Miri. Build selection alone does not verify non-CI targets; see platform matrix. I04/I09/I12 as applicable.	"wasip2 = ""=1.0.3""  [target.'cfg(all(target_os = ""wasi"", target_env = ""p3""))'.dependencies] wasip3 = { version = ""=0.8.0"", optional = true } "	https://github.com/PerryTS/turnloop/blob/a0fbb1bf9a100bb3215219f54301b9ee82ffe71f/crates/turnloop/Cargo.toml#L52
crates/turnloop/Cargo.toml	55	cfg-selection	"[target.'cfg(all(target_arch = ""wasm32"", target_os = ""unknown""))'.dependencies]"	STILL TRUE — core feature/platform selection	N native/default/executor/fallbacks; W2/W3, WEB; MODEL production cfg(loom) and timer/table Miri. Build selection alone does not verify non-CI targets; see platform matrix. I04/I09/I12 as applicable.	"wasip3 = { version = ""=0.8.0"", optional = true }  [target.'cfg(all(target_arch = ""wasm32"", target_os = ""unknown""))'.dependencies] wasm-bindgen = ""=0.2.108"" js-sys = ""=0.3.85"""	https://github.com/PerryTS/turnloop/blob/a0fbb1bf9a100bb3215219f54301b9ee82ffe71f/crates/turnloop/Cargo.toml#L55
crates/turnloop/README.md	10	manual-doc-claim	Protocol engines consume bytes and produce actions; host transport adapters are still being integrated. The optional local executor	STALE — current implementation	Protocol host transport adapters exist and execute in N/P/PW2/PW3.	PostgreSQL, MySQL, Redis, MongoDB and SMTP protocol engines. APIs can change. Protocol engines consume bytes and produce actions; host transport adapters are still being integrated. The optional local executor drives futures-io streams, sleep and timeout from host turns. Perry is the first intended consumer. 	https://github.com/PerryTS/turnloop/blob/a0fbb1bf9a100bb3215219f54301b9ee82ffe71f/crates/turnloop/README.md#L10
crates/turnloop/README.md	17	doc-progress	| FreeBSD / Apple mobile / Android | Unix backend paths | Best effort; runtime validation pending |	STILL TRUE — limitation or scoped statement	Still applies in stated scope; advanced parity, perf attribution, mobile/FreeBSD, fuzz and long soak are not implied by green bounded CI. See REMAINING_WORK.md.	| macOS arm64 | kqueue, TCP/UDP/local IPC, stdio, processes, signals, TTY, timers and shared services | Native contracts, six allocation gates and executor tests | | Linux x86_64 / arm64 | epoll, pidfd/SIGCHLD, native services, nanosecond waits and timerfd fallback | Cross-checked locally; native CI required | | FreeBSD / Apple mobile / Android | Unix backend paths | Best effort; runtime validation pending | | Windows x86_64 | IOCP, TCP/UDP/named pipes, stdio, processes, console signals, timers and shared services | Native Windows 11 contracts and allocation/executor tests; see `spikes/iocp/WINDOWS_RESULTS.md` | | WASI 0.2 / 0.3 | Standalone polling / component async spikes | Production adapters and shared contracts pending |	https://github.com/PerryTS/turnloop/blob/a0fbb1bf9a100bb3215219f54301b9ee82ffe71f/crates/turnloop/README.md#L17
crates/turnloop/README.md	19	doc-progress	| WASI 0.2 / 0.3 | Standalone polling / component async spikes | Production adapters and shared contracts pending |	STALE — current coverage/implementation	N-W: required Windows default/executor/all-feature production suites execute; standalone spike reruns, ETW/cycles/minimum-version/long-soak are not implied.	| FreeBSD / Apple mobile / Android | Unix backend paths | Best effort; runtime validation pending | | Windows x86_64 | IOCP, TCP/UDP/named pipes, stdio, processes, console signals, timers and shared services | Native Windows 11 contracts and allocation/executor tests; see `spikes/iocp/WINDOWS_RESULTS.md` | | WASI 0.2 / 0.3 | Standalone polling / component async spikes | Production adapters and shared contracts pending | | Web | Standalone host-callback spike | Production adapter and browser contracts pending | 	https://github.com/PerryTS/turnloop/blob/a0fbb1bf9a100bb3215219f54301b9ee82ffe71f/crates/turnloop/README.md#L19
crates/turnloop/README.md	20	doc-progress	| Web | Standalone host-callback spike | Production adapter and browser contracts pending |	STALE — current coverage/implementation	N-W: required Windows default/executor/all-feature production suites execute; standalone spike reruns, ETW/cycles/minimum-version/long-soak are not implied.	| Windows x86_64 | IOCP, TCP/UDP/named pipes, stdio, processes, console signals, timers and shared services | Native Windows 11 contracts and allocation/executor tests; see `spikes/iocp/WINDOWS_RESULTS.md` | | WASI 0.2 / 0.3 | Standalone polling / component async spikes | Production adapters and shared contracts pending | | Web | Standalone host-callback spike | Production adapter and browser contracts pending |  Windows and WASM are required for the first release; standalone spikes are	https://github.com/PerryTS/turnloop/blob/a0fbb1bf9a100bb3215219f54301b9ee82ffe71f/crates/turnloop/README.md#L20
crates/turnloop/build.rs	16	unsupported	"_ => ""unsupported"","	STILL TRUE — capability/error handling	Read enclosing branch: includes enum/error mappings and capability documentation, not automatically a missing supported operation. DESIGN_AUDIT.md classifies actual gaps.	"""wasi"" if env == ""p3"" => ""wasi_p3"", ""unknown"" if std::env::var(""CARGO_CFG_TARGET_ARCH"").as_deref() == Ok(""wasm32"") => ""web"", _ => ""unsupported"", }; println!(""cargo:rustc-cfg=turnloop_backend=\""{backend}\"""");"	https://github.com/PerryTS/turnloop/blob/a0fbb1bf9a100bb3215219f54301b9ee82ffe71f/crates/turnloop/build.rs#L16
crates/turnloop/src/backend/epoll.rs	117	unsupported	let unsupported = if probe < 0 {	STILL TRUE — capability/error handling	Read enclosing branch: includes enum/error mappings and capability documentation, not automatically a missing supported operation. DESIGN_AUDIT.md classifies actual gaps.	) }; let unsupported = if probe < 0 { let e = std::io::Error::last_os_error(); if e.raw_os_error() != Some(libc::ENOSYS) {	https://github.com/PerryTS/turnloop/blob/a0fbb1bf9a100bb3215219f54301b9ee82ffe71f/crates/turnloop/src/backend/epoll.rs#L117
crates/turnloop/src/backend/epoll.rs	126	cfg-selection	"let timer = if unsupported || cfg!(feature = ""epoll-timerfd"") {"	STILL TRUE — core feature/platform selection	N native/default/executor/fallbacks; W2/W3, WEB; MODEL production cfg(loom) and timer/table Miri. Build selection alone does not verify non-CI targets; see platform matrix. I04/I09/I12 as applicable.	"false }; let timer = if unsupported || cfg!(feature = ""epoll-timerfd"") { // SAFETY: CLOCK_MONOTONIC and timerfd flags are valid. let timer = owned(unsafe {"	https://github.com/PerryTS/turnloop/blob/a0fbb1bf9a100bb3215219f54301b9ee82ffe71f/crates/turnloop/src/backend/epoll.rs#L126
crates/turnloop/src/backend/epoll.rs	126	unsupported	"let timer = if unsupported || cfg!(feature = ""epoll-timerfd"") {"	STILL TRUE — capability/error handling	Read enclosing branch: includes enum/error mappings and capability documentation, not automatically a missing supported operation. DESIGN_AUDIT.md classifies actual gaps.	"false }; let timer = if unsupported || cfg!(feature = ""epoll-timerfd"") { // SAFETY: CLOCK_MONOTONIC and timerfd flags are valid. let timer = owned(unsafe {"	https://github.com/PerryTS/turnloop/blob/a0fbb1bf9a100bb3215219f54301b9ee82ffe71f/crates/turnloop/src/backend/epoll.rs#L126
crates/turnloop/src/backend/epoll.rs	174	cfg-selection	"if cfg!(feature = ""process-sigchld"") {"	STILL TRUE — core feature/platform selection	N native/default/executor/fallbacks; W2/W3, WEB; MODEL production cfg(loom) and timer/table Miri. Build selection alone does not verify non-CI targets; see platform matrix. I04/I09/I12 as applicable.	"} fn process(&mut self, pid: u32, key: u64) -> Result<Option<OwnedFd>> { if cfg!(feature = ""process-sigchld"") { return Err(std::io::Error::from_raw_os_error(libc::ENOSYS).into()); }"	https://github.com/PerryTS/turnloop/blob/a0fbb1bf9a100bb3215219f54301b9ee82ffe71f/crates/turnloop/src/backend/epoll.rs#L174
crates/turnloop/src/backend/epoll.rs	278	cfg-selection	#[cfg(all(test, not(loom)))]	STILL TRUE — core feature/platform selection	N native/default/executor/fallbacks; W2/W3, WEB; MODEL production cfg(loom) and timer/table Miri. Build selection alone does not verify non-CI targets; see platform matrix. I04/I09/I12 as applicable.	}  #[cfg(all(test, not(loom)))] mod tests { use super::*;	https://github.com/PerryTS/turnloop/blob/a0fbb1bf9a100bb3215219f54301b9ee82ffe71f/crates/turnloop/src/backend/epoll.rs#L278
crates/turnloop/src/backend/epoll.rs	286	cfg-selection	"if cfg!(feature = ""epoll-timerfd"") {"	STILL TRUE — core feature/platform selection	N native/default/executor/fallbacks; W2/W3, WEB; MODEL production cfg(loom) and timer/table Miri. Build selection alone does not verify non-CI targets; see platform matrix. I04/I09/I12 as applicable.	"fn timeout_and_notifier_waits_keep_distinct_counts_after_rearming() { let mut poller = Epoll::new(4).expect(""epoll""); if cfg!(feature = ""epoll-timerfd"") { assert!(poller.timer.is_some(), ""forced timerfd mode must execute""); }"	https://github.com/PerryTS/turnloop/blob/a0fbb1bf9a100bb3215219f54301b9ee82ffe71f/crates/turnloop/src/backend/epoll.rs#L286
crates/turnloop/src/backend/epoll.rs	339	cfg-selection	"#[cfg(feature = ""process-sigchld"")]"	STILL TRUE — core feature/platform selection	N native/default/executor/fallbacks; W2/W3, WEB; MODEL production cfg(loom) and timer/table Miri. Build selection alone does not verify non-CI targets; see platform matrix. I04/I09/I12 as applicable.	"}  #[cfg(feature = ""process-sigchld"")] #[test] fn forced_sigchld_mode_never_registers_a_pidfd() {"	https://github.com/PerryTS/turnloop/blob/a0fbb1bf9a100bb3215219f54301b9ee82ffe71f/crates/turnloop/src/backend/epoll.rs#L339
crates/turnloop/src/backend/files.rs	156	unsupported	_ => return Err(Error::new(ErrorKind::Unsupported)),	STILL TRUE — capability/error handling	Read enclosing branch: includes enum/error mappings and capability documentation, not automatically a missing supported operation. DESIGN_AUDIT.md classifies actual gaps.	Operation::Read { multishot, .. } => multishot, Operation::Write(_) | Operation::Writev(_) => false, _ => return Err(Error::new(ErrorKind::Unsupported)), }; if matches!(&request.operation, Operation::Read { buf: ReadBuf::Provided(b), .. } if b.is_empty())	https://github.com/PerryTS/turnloop/blob/a0fbb1bf9a100bb3215219f54301b9ee82ffe71f/crates/turnloop/src/backend/files.rs#L156
crates/turnloop/src/backend/files.rs	406	unsupported	_ => Err(Error::new(ErrorKind::Unsupported)),	STILL TRUE — capability/error handling	Read enclosing branch: includes enum/error mappings and capability documentation, not automatically a missing supported operation. DESIGN_AUDIT.md classifies actual gaps.	Ok(FileOutcome::Wrote(n)) } _ => Err(Error::new(ErrorKind::Unsupported)), } }	https://github.com/PerryTS/turnloop/blob/a0fbb1bf9a100bb3215219f54301b9ee82ffe71f/crates/turnloop/src/backend/files.rs#L406
crates/turnloop/src/backend/iocp/README.md	6	doc-progress	sockets and OVERLAPPED storage until acknowledgement; destruction drains pending	STILL TRUE — behavior/policy, not open work	Pending means operation/queue/phase state or a reporting rule. Read linked context; no missing implementation inferred.	Requests use core generational IDs, per-direction FIFO queues, fixed operation storage and a separate pinned kernel slab. Cancellation retains buffers, accepted sockets and OVERLAPPED storage until acknowledgement; destruction drains pending I/O before releasing caller memory. 	https://github.com/PerryTS/turnloop/blob/a0fbb1bf9a100bb3215219f54301b9ee82ffe71f/crates/turnloop/src/backend/iocp/README.md#L6
crates/turnloop/src/backend/iocp/README.md	25	doc-progress	out the pending wait through normal cancellation acknowledgement before TimedOut;	STILL TRUE — behavior/policy, not open work	Pending means operation/queue/phase state or a reporting rule. Read linked context; no missing implementation inferred.	availability operation underlying `WaitNamedPipeW`; no worker or retry tick is used. `pipe_connect_until` sets an absolute connection deadline. Expiry closes out the pending wait through normal cancellation acknowledgement before TimedOut; ordinary `pipe_connect` remains unbounded and cancellable. - Socket passing is	https://github.com/PerryTS/turnloop/blob/a0fbb1bf9a100bb3215219f54301b9ee82ffe71f/crates/turnloop/src/backend/iocp/README.md#L25
crates/turnloop/src/backend/iocp/README.md	37	doc-progress	Callbacks are joined before slot reuse. Named-pipe listeners and pending busy	STILL TRUE — behavior/policy, not open work	Pending means operation/queue/phase state or a reporting rule. Read linked context; no missing implementation inferred.	endpoints suppress their old port's notifications with the OVERLAPPED event's low bit; one-shot registered event waits forward completion to the new port. Callbacks are joined before slot reuse. Named-pipe listeners and pending busy connections cannot be detached; socket listeners and connected pipe endpoints can. Reuse-port is unsupported.	https://github.com/PerryTS/turnloop/blob/a0fbb1bf9a100bb3215219f54301b9ee82ffe71f/crates/turnloop/src/backend/iocp/README.md#L37
crates/turnloop/src/backend/iocp/bridge.rs	26	cfg-selection	#[cfg(test)]	STILL TRUE — core feature/platform selection	N native/default/executor/fallbacks; W2/W3, WEB; MODEL production cfg(loom) and timer/table Miri. Build selection alone does not verify non-CI targets; see platform matrix. I04/I09/I12 as applicable.	 pub(super) const KEY: usize = 2; #[cfg(test)] thread_local! { pub(super) static REGISTRATIONS: std::cell::Cell<usize> = const { std::cell::Cell::new(0) }; } struct Context {	https://github.com/PerryTS/turnloop/blob/a0fbb1bf9a100bb3215219f54301b9ee82ffe71f/crates/turnloop/src/backend/iocp/bridge.rs#L26
crates/turnloop/src/backend/iocp/bridge.rs	104	cfg-selection	#[cfg(test)]	STILL TRUE — core feature/platform selection	N native/default/executor/fallbacks; W2/W3, WEB; MODEL production cfg(loom) and timer/table Miri. Build selection alone does not verify non-CI targets; see platform matrix. I04/I09/I12 as applicable.	} pub(super) fn start(&mut self) -> Result<()> { #[cfg(test)] { REGISTRATIONS.with(|n| n.set(n.get() + 1));	https://github.com/PerryTS/turnloop/blob/a0fbb1bf9a100bb3215219f54301b9ee82ffe71f/crates/turnloop/src/backend/iocp/bridge.rs#L104
crates/turnloop/src/backend/iocp/mod.rs	44	unsupported	fn unsupported() -> Error {	STILL TRUE — Windows capability/precondition	Explicit unsupported signal/uid-gid/reuse-port/resource-kind/TTY/provider/minimum-timer condition; supported IOCP operations tested N-W. See enclosing source and I10 for broader limits.	Error::new(ErrorKind::InvalidInput) } fn unsupported() -> Error { Error::new(ErrorKind::Unsupported) }	https://github.com/PerryTS/turnloop/blob/a0fbb1bf9a100bb3215219f54301b9ee82ffe71f/crates/turnloop/src/backend/iocp/mod.rs#L44
crates/turnloop/src/backend/iocp/mod.rs	45	unsupported	Error::new(ErrorKind::Unsupported)	STILL TRUE — Windows capability/precondition	Explicit unsupported signal/uid-gid/reuse-port/resource-kind/TTY/provider/minimum-timer condition; supported IOCP operations tested N-W. See enclosing source and I10 for broader limits.	} fn unsupported() -> Error { Error::new(ErrorKind::Unsupported) } fn os_error() -> Error {	https://github.com/PerryTS/turnloop/blob/a0fbb1bf9a100bb3215219f54301b9ee82ffe71f/crates/turnloop/src/backend/iocp/mod.rs#L45
crates/turnloop/src/backend/iocp/mod.rs	249	unsupported	// SAFETY: live overlapped IFS handle. Unsupported skip mode retains	STILL TRUE — Windows capability/precondition	Explicit unsupported signal/uid-gid/reuse-port/resource-kind/TTY/provider/minimum-timer condition; supported IOCP operations tested N-W. See enclosing source and I10 for broader limits.	}; if ifs { // SAFETY: live overlapped IFS handle. Unsupported skip mode retains // normal completion packets, including synchronous successes. skip = unsafe { SetFileCompletionNotificationModes(raw, 1) } != 0;	https://github.com/PerryTS/turnloop/blob/a0fbb1bf9a100bb3215219f54301b9ee82ffe71f/crates/turnloop/src/backend/iocp/mod.rs#L249
crates/turnloop/src/backend/iocp/mod.rs	542	unsupported	_ => return Err(unsupported()),	STILL TRUE — Windows capability/precondition	Explicit unsupported signal/uid-gid/reuse-port/resource-kind/TTY/provider/minimum-timer condition; supported IOCP operations tested N-W. See enclosing source and I10 for broader limits.	p.stage = Stage::Start; } _ => return Err(unsupported()), } }	https://github.com/PerryTS/turnloop/blob/a0fbb1bf9a100bb3215219f54301b9ee82ffe71f/crates/turnloop/src/backend/iocp/mod.rs#L542
crates/turnloop/src/backend/iocp/mod.rs	586	unsupported	return Err(unsupported());	STILL TRUE — Windows capability/precondition	Explicit unsupported signal/uid-gid/reuse-port/resource-kind/TTY/provider/minimum-timer condition; supported IOCP operations tested N-W. See enclosing source and I10 for broader limits.	socket::check(unsafe { shutdown(raw as usize, SD_SEND) })?; } else { return Err(unsupported()); } return Ok(Some((Outcome::Shutdown, true)));	https://github.com/PerryTS/turnloop/blob/a0fbb1bf9a100bb3215219f54301b9ee82ffe71f/crates/turnloop/src/backend/iocp/mod.rs#L586
crates/turnloop/src/backend/iocp/mod.rs	721	unsupported	.ok_or_else(unsupported)?;	STILL TRUE — Windows capability/precondition	Explicit unsupported signal/uid-gid/reuse-port/resource-kind/TTY/provider/minimum-timer condition; supported IOCP operations tested N-W. See enclosing source and I10 for broader limits.	let connect = unsafe { socket::extension::<LPFN_CONNECTEX>(raw as usize, &WSAID_CONNECTEX) }? .ok_or_else(unsupported)?; let k = self.prepare(i, p)?; let mut bytes = 0;	https://github.com/PerryTS/turnloop/blob/a0fbb1bf9a100bb3215219f54301b9ee82ffe71f/crates/turnloop/src/backend/iocp/mod.rs#L721
crates/turnloop/src/backend/iocp/mod.rs	748	unsupported	.ok_or_else(unsupported)?;	STILL TRUE — Windows capability/precondition	Explicit unsupported signal/uid-gid/reuse-port/resource-kind/TTY/provider/minimum-timer condition; supported IOCP operations tested N-W. See enclosing source and I10 for broader limits.	"let accept = unsafe { socket::extension::<LPFN_ACCEPTEX>(raw as usize, &WSAID_ACCEPTEX) }? .ok_or_else(unsupported)?; let k = self.prepare(i, p)?; let accepted = p.accepted.as_ref().expect(""socket"").native.raw() as usize;"	https://github.com/PerryTS/turnloop/blob/a0fbb1bf9a100bb3215219f54301b9ee82ffe71f/crates/turnloop/src/backend/iocp/mod.rs#L748
crates/turnloop/src/backend/iocp/mod.rs	782	unsupported	_ => return Err(unsupported()),	STILL TRUE — Windows capability/precondition	Explicit unsupported signal/uid-gid/reuse-port/resource-kind/TTY/provider/minimum-timer condition; supported IOCP operations tested N-W. See enclosing source and I10 for broader limits.	p.listener_wait = true; } _ => return Err(unsupported()), } Ok(None)	https://github.com/PerryTS/turnloop/blob/a0fbb1bf9a100bb3215219f54301b9ee82ffe71f/crates/turnloop/src/backend/iocp/mod.rs#L782
crates/turnloop/src/backend/iocp/mod.rs	1053	unsupported	let original = r.transport.mode.ok_or_else(unsupported)?;	STILL TRUE — Windows capability/precondition	Explicit unsupported signal/uid-gid/reuse-port/resource-kind/TTY/provider/minimum-timer condition; supported IOCP operations tested N-W. See enclosing source and I10 for broader limits.	use windows_sys::Win32::System::Console::*; let r = self.get(handle)?; let original = r.transport.mode.ok_or_else(unsupported)?; let raw = r.transport.native.raw(); let flags = match mode {	https://github.com/PerryTS/turnloop/blob/a0fbb1bf9a100bb3215219f54301b9ee82ffe71f/crates/turnloop/src/backend/iocp/mod.rs#L1053
crates/turnloop/src/backend/iocp/mod.rs	1079	unsupported	return Err(unsupported());	STILL TRUE — Windows capability/precondition	Explicit unsupported signal/uid-gid/reuse-port/resource-kind/TTY/provider/minimum-timer condition; supported IOCP operations tested N-W. See enclosing source and I10 for broader limits.	let r = self.get(handle)?; if r.transport.mode.is_none() { return Err(unsupported()); } // SAFETY: plain writable console screen-buffer information.	https://github.com/PerryTS/turnloop/blob/a0fbb1bf9a100bb3215219f54301b9ee82ffe71f/crates/turnloop/src/backend/iocp/mod.rs#L1079
crates/turnloop/src/backend/iocp/mod.rs	1169	unsupported	return Err(unsupported());	STILL TRUE — Windows capability/precondition	Explicit unsupported signal/uid-gid/reuse-port/resource-kind/TTY/provider/minimum-timer condition; supported IOCP operations tested N-W. See enclosing source and I10 for broader limits.	Open::Listener { addr, opts } => { if opts.reuse_port { return Err(unsupported()); } let socket = socket::create(addr.is_ipv6(), false)?;	https://github.com/PerryTS/turnloop/blob/a0fbb1bf9a100bb3215219f54301b9ee82ffe71f/crates/turnloop/src/backend/iocp/mod.rs#L1169
crates/turnloop/src/backend/iocp/mod.rs	1185	unsupported	return Err(unsupported());	STILL TRUE — Windows capability/precondition	Explicit unsupported signal/uid-gid/reuse-port/resource-kind/TTY/provider/minimum-timer condition; supported IOCP operations tested N-W. See enclosing source and I10 for broader limits.	Open::Udp { addr, opts } => { if opts.reuse_port { return Err(unsupported()); } let socket = socket::create(addr.is_ipv6(), true)?;	https://github.com/PerryTS/turnloop/blob/a0fbb1bf9a100bb3215219f54301b9ee82ffe71f/crates/turnloop/src/backend/iocp/mod.rs#L1185
crates/turnloop/src/backend/iocp/mod.rs	1197	unsupported	return Err(unsupported());	STILL TRUE — Windows capability/precondition	Explicit unsupported signal/uid-gid/reuse-port/resource-kind/TTY/provider/minimum-timer condition; supported IOCP operations tested N-W. See enclosing source and I10 for broader limits.	Open::PipeListener { name, opts } => { if opts.reuse_port { return Err(unsupported()); } let name = pipes::name(&name)?;	https://github.com/PerryTS/turnloop/blob/a0fbb1bf9a100bb3215219f54301b9ee82ffe71f/crates/turnloop/src/backend/iocp/mod.rs#L1197
crates/turnloop/src/backend/iocp/mod.rs	1241	unsupported	return Err(unsupported());	STILL TRUE — Windows capability/precondition	Explicit unsupported signal/uid-gid/reuse-port/resource-kind/TTY/provider/minimum-timer condition; supported IOCP operations tested N-W. See enclosing source and I10 for broader limits.	let r = self.get(h)?; if !matches!(r.transport.native, Native::Socket(_)) { return Err(unsupported()); } socket::address(r.transport.native.raw() as usize, false)	https://github.com/PerryTS/turnloop/blob/a0fbb1bf9a100bb3215219f54301b9ee82ffe71f/crates/turnloop/src/backend/iocp/mod.rs#L1241
crates/turnloop/src/backend/iocp/mod.rs	1263	unsupported	return Err(unsupported());	STILL TRUE — Windows capability/precondition	Explicit unsupported signal/uid-gid/reuse-port/resource-kind/TTY/provider/minimum-timer condition; supported IOCP operations tested N-W. See enclosing source and I10 for broader limits.	}; if !valid { return Err(unsupported()); } let passed = if let Operation::SendHandle(source) = request.operation {	https://github.com/PerryTS/turnloop/blob/a0fbb1bf9a100bb3215219f54301b9ee82ffe71f/crates/turnloop/src/backend/iocp/mod.rs#L1263
crates/turnloop/src/backend/iocp/mod.rs	1267	unsupported	return Err(unsupported());	STILL TRUE — design capability gap	Transfer limited to sockets; named-pipe listener/busy connect detach rejected. I10; N tests supported socket transfer.	let passed = if let Operation::SendHandle(source) = request.operation { let Native::Socket(socket) = &self.get(source)?.transport.native else { return Err(unsupported()); }; Some(socket::duplicate(socket)?)	https://github.com/PerryTS/turnloop/blob/a0fbb1bf9a100bb3215219f54301b9ee82ffe71f/crates/turnloop/src/backend/iocp/mod.rs#L1267
crates/turnloop/src/backend/iocp/mod.rs	1427	unsupported	return Err(unsupported());	STILL TRUE — design capability gap	Transfer limited to sockets; named-pipe listener/busy connect detach rejected. I10; N tests supported socket transfer.	let r = self.get(h)?; if matches!(r.transport.kind, Kind::PipeListener | Kind::PipeConnecting) { return Err(unsupported()); } if r.heads.iter().any(Option::is_some) {	https://github.com/PerryTS/turnloop/blob/a0fbb1bf9a100bb3215219f54301b9ee82ffe71f/crates/turnloop/src/backend/iocp/mod.rs#L1427
crates/turnloop/src/backend/iocp/mod.rs	1557	cfg-selection	#[cfg(all(test, not(loom)))]	STILL TRUE — core feature/platform selection	N native/default/executor/fallbacks; W2/W3, WEB; MODEL production cfg(loom) and timer/table Miri. Build selection alone does not verify non-CI targets; see platform matrix. I04/I09/I12 as applicable.	}  #[cfg(all(test, not(loom)))] mod tests { use super::*;	https://github.com/PerryTS/turnloop/blob/a0fbb1bf9a100bb3215219f54301b9ee82ffe71f/crates/turnloop/src/backend/iocp/mod.rs#L1557
crates/turnloop/src/backend/iocp/pipes.rs	333	cfg-selection	#[cfg(all(test, not(loom)))]	STILL TRUE — core feature/platform selection	N native/default/executor/fallbacks; W2/W3, WEB; MODEL production cfg(loom) and timer/table Miri. Build selection alone does not verify non-CI targets; see platform matrix. I04/I09/I12 as applicable.	}  #[cfg(all(test, not(loom)))] mod tests { use crate::*;	https://github.com/PerryTS/turnloop/blob/a0fbb1bf9a100bb3215219f54301b9ee82ffe71f/crates/turnloop/src/backend/iocp/pipes.rs#L333
crates/turnloop/src/backend/iocp/pipes.rs	486	cfg-selection	#[cfg(all(test, not(loom)))]	STILL TRUE — core feature/platform selection	N native/default/executor/fallbacks; W2/W3, WEB; MODEL production cfg(loom) and timer/table Miri. Build selection alone does not verify non-CI targets; see platform matrix. I04/I09/I12 as applicable.	}  #[cfg(all(test, not(loom)))] #[test] fn unassociated_import_uses_direct_iocp_without_a_bridge() {	https://github.com/PerryTS/turnloop/blob/a0fbb1bf9a100bb3215219f54301b9ee82ffe71f/crates/turnloop/src/backend/iocp/pipes.rs#L486
crates/turnloop/src/backend/iocp/process.rs	1	unsupported	use super::{Detached, Kind, Native, bool_result, invalid, os_error, port::owned, unsupported};	STILL TRUE — Windows capability/precondition	Explicit unsupported signal/uid-gid/reuse-port/resource-kind/TTY/provider/minimum-timer condition; supported IOCP operations tested N-W. See enclosing source and I10 for broader limits.	use super::{Detached, Kind, Native, bool_result, invalid, os_error, port::owned, unsupported}; use crate::{ExitStatus, Notifier, ProcessSpec, ProcessStdio, Result, Signal}; use std::{	https://github.com/PerryTS/turnloop/blob/a0fbb1bf9a100bb3215219f54301b9ee82ffe71f/crates/turnloop/src/backend/iocp/process.rs#L1
crates/turnloop/src/backend/iocp/process.rs	261	cfg-selection	#[cfg(test)]	STILL TRUE — core feature/platform selection	N native/default/executor/fallbacks; W2/W3, WEB; MODEL production cfg(loom) and timer/table Miri. Build selection alone does not verify non-CI targets; see platform matrix. I04/I09/I12 as applicable.	wait: HANDLE, status: Option<ExitStatus>, #[cfg(test)] terminate_override: Option<fn(HANDLE, bool) -> Result<()>>, #[cfg(test)]	https://github.com/PerryTS/turnloop/blob/a0fbb1bf9a100bb3215219f54301b9ee82ffe71f/crates/turnloop/src/backend/iocp/process.rs#L261
crates/turnloop/src/backend/iocp/process.rs	263	cfg-selection	#[cfg(test)]	STILL TRUE — core feature/platform selection	N native/default/executor/fallbacks; W2/W3, WEB; MODEL production cfg(loom) and timer/table Miri. Build selection alone does not verify non-CI targets; see platform matrix. I04/I09/I12 as applicable.	#[cfg(test)] terminate_override: Option<fn(HANDLE, bool) -> Result<()>>, #[cfg(test)] exit_code_override: Option<fn(HANDLE) -> Result<u32>>, pub pid: u32,	https://github.com/PerryTS/turnloop/blob/a0fbb1bf9a100bb3215219f54301b9ee82ffe71f/crates/turnloop/src/backend/iocp/process.rs#L263
crates/turnloop/src/backend/iocp/process.rs	308	unsupported	return Err(unsupported());	STILL TRUE — Windows capability/precondition	Explicit unsupported signal/uid-gid/reuse-port/resource-kind/TTY/provider/minimum-timer condition; supported IOCP operations tested N-W. See enclosing source and I10 for broader limits.	} if signal != Signal::Kill { return Err(unsupported()); } let result = self.terminate(group);	https://github.com/PerryTS/turnloop/blob/a0fbb1bf9a100bb3215219f54301b9ee82ffe71f/crates/turnloop/src/backend/iocp/process.rs#L308
crates/turnloop/src/backend/iocp/process.rs	340	cfg-selection	#[cfg(test)]	STILL TRUE — core feature/platform selection	N native/default/executor/fallbacks; W2/W3, WEB; MODEL production cfg(loom) and timer/table Miri. Build selection alone does not verify non-CI targets; see platform matrix. I04/I09/I12 as applicable.	self.process.as_raw_handle() }; #[cfg(test)] if let Some(terminate) = self.terminate_override { return terminate(handle, group);	https://github.com/PerryTS/turnloop/blob/a0fbb1bf9a100bb3215219f54301b9ee82ffe71f/crates/turnloop/src/backend/iocp/process.rs#L340
crates/turnloop/src/backend/iocp/process.rs	353	cfg-selection	#[cfg(test)]	STILL TRUE — core feature/platform selection	N native/default/executor/fallbacks; W2/W3, WEB; MODEL production cfg(loom) and timer/table Miri. Build selection alone does not verify non-CI targets; see platform matrix. I04/I09/I12 as applicable.	} fn exit_code(&self) -> Result<u32> { #[cfg(test)] if let Some(exit_code) = self.exit_code_override { return exit_code(self.process.as_raw_handle());	https://github.com/PerryTS/turnloop/blob/a0fbb1bf9a100bb3215219f54301b9ee82ffe71f/crates/turnloop/src/backend/iocp/process.rs#L353
crates/turnloop/src/backend/iocp/process.rs	406	unsupported	return Err(unsupported());	STILL TRUE — Windows capability/precondition	Explicit unsupported signal/uid-gid/reuse-port/resource-kind/TTY/provider/minimum-timer condition; supported IOCP operations tested N-W. See enclosing source and I10 for broader limits.	) -> Result<(Child, [Option<Detached>; 3])> { if spec.uid.is_some() || spec.gid.is_some() || spec.program.is_empty() { return Err(unsupported()); } let application = wide(program(spec)?.as_os_str())?;	https://github.com/PerryTS/turnloop/blob/a0fbb1bf9a100bb3215219f54301b9ee82ffe71f/crates/turnloop/src/backend/iocp/process.rs#L406
crates/turnloop/src/backend/iocp/process.rs	533	cfg-selection	#[cfg(test)]	STILL TRUE — core feature/platform selection	N native/default/executor/fallbacks; W2/W3, WEB; MODEL production cfg(loom) and timer/table Miri. Build selection alone does not verify non-CI targets; see platform matrix. I04/I09/I12 as applicable.	wait: ptr::null_mut(), status: None, #[cfg(test)] terminate_override: None, #[cfg(test)]	https://github.com/PerryTS/turnloop/blob/a0fbb1bf9a100bb3215219f54301b9ee82ffe71f/crates/turnloop/src/backend/iocp/process.rs#L533
crates/turnloop/src/backend/iocp/process.rs	535	cfg-selection	#[cfg(test)]	STILL TRUE — core feature/platform selection	N native/default/executor/fallbacks; W2/W3, WEB; MODEL production cfg(loom) and timer/table Miri. Build selection alone does not verify non-CI targets; see platform matrix. I04/I09/I12 as applicable.	#[cfg(test)] terminate_override: None, #[cfg(test)] exit_code_override: None, pid: info.dwProcessId,	https://github.com/PerryTS/turnloop/blob/a0fbb1bf9a100bb3215219f54301b9ee82ffe71f/crates/turnloop/src/backend/iocp/process.rs#L535
crates/turnloop/src/backend/iocp/process.rs	562	cfg-selection	#[cfg(all(test, not(loom)))]	STILL TRUE — core feature/platform selection	N native/default/executor/fallbacks; W2/W3, WEB; MODEL production cfg(loom) and timer/table Miri. Build selection alone does not verify non-CI targets; see platform matrix. I04/I09/I12 as applicable.	}  #[cfg(all(test, not(loom)))] mod tests { use super::*;	https://github.com/PerryTS/turnloop/blob/a0fbb1bf9a100bb3215219f54301b9ee82ffe71f/crates/turnloop/src/backend/iocp/process.rs#L562
crates/turnloop/src/backend/iocp/services.rs	1	unsupported	use super::{Detached, invalid, process::Child, signals::Subscription, unsupported};	STILL TRUE — Windows capability/precondition	Explicit unsupported signal/uid-gid/reuse-port/resource-kind/TTY/provider/minimum-timer condition; supported IOCP operations tested N-W. See enclosing source and I10 for broader limits.	use super::{Detached, invalid, process::Child, signals::Subscription, unsupported}; use crate::{ backend::{Event, Operation, Outcome, Request},	https://github.com/PerryTS/turnloop/blob/a0fbb1bf9a100bb3215219f54301b9ee82ffe71f/crates/turnloop/src/backend/iocp/services.rs#L1
crates/turnloop/src/backend/iocp/services.rs	71	unsupported	return Err(unsupported());	STILL TRUE — Windows capability/precondition	Explicit unsupported signal/uid-gid/reuse-port/resource-kind/TTY/provider/minimum-timer condition; supported IOCP operations tested N-W. See enclosing source and I10 for broader limits.	| (Service::Signal(..), Operation::WatchSignal) ) { return Err(unsupported()); } entry.op = Some(request.op);	https://github.com/PerryTS/turnloop/blob/a0fbb1bf9a100bb3215219f54301b9ee82ffe71f/crates/turnloop/src/backend/iocp/services.rs#L71
crates/turnloop/src/backend/iocp/services.rs	111	unsupported	_ => Err(unsupported()),	STILL TRUE — Windows capability/precondition	Explicit unsupported signal/uid-gid/reuse-port/resource-kind/TTY/provider/minimum-timer condition; supported IOCP operations tested N-W. See enclosing source and I10 for broader limits.	match &mut entry.service { Service::Child(child) => child.kill(signal, group), _ => Err(unsupported()), } }	https://github.com/PerryTS/turnloop/blob/a0fbb1bf9a100bb3215219f54301b9ee82ffe71f/crates/turnloop/src/backend/iocp/services.rs#L111
crates/turnloop/src/backend/iocp/signals.rs	1	unsupported	use super::{bool_result, unsupported};	STILL TRUE — Windows capability/precondition	Explicit unsupported signal/uid-gid/reuse-port/resource-kind/TTY/provider/minimum-timer condition; supported IOCP operations tested N-W. See enclosing source and I10 for broader limits.	use super::{bool_result, unsupported}; use crate::{Error, ErrorKind, Notifier, Result, Signal}; use std::{	https://github.com/PerryTS/turnloop/blob/a0fbb1bf9a100bb3215219f54301b9ee82ffe71f/crates/turnloop/src/backend/iocp/signals.rs#L1
crates/turnloop/src/backend/iocp/signals.rs	60	unsupported	return Err(unsupported());	STILL TRUE — Windows capability/precondition	Explicit unsupported signal/uid-gid/reuse-port/resource-kind/TTY/provider/minimum-timer condition; supported IOCP operations tested N-W. See enclosing source and I10 for broader limits.	Signal::Int | Signal::Break | Signal::Hup | Signal::WinCh ) { return Err(unsupported()); } let mut count = REGISTRATION.lock().unwrap_or_else(|e| e.into_inner());	https://github.com/PerryTS/turnloop/blob/a0fbb1bf9a100bb3215219f54301b9ee82ffe71f/crates/turnloop/src/backend/iocp/signals.rs#L60
crates/turnloop/src/backend/iocp/signals.rs	112	cfg-selection	#[cfg(all(test, not(loom)))]	STILL TRUE — core feature/platform selection	N native/default/executor/fallbacks; W2/W3, WEB; MODEL production cfg(loom) and timer/table Miri. Build selection alone does not verify non-CI targets; see platform matrix. I04/I09/I12 as applicable.	}  #[cfg(all(test, not(loom)))] mod tests { use super::*;	https://github.com/PerryTS/turnloop/blob/a0fbb1bf9a100bb3215219f54301b9ee82ffe71f/crates/turnloop/src/backend/iocp/signals.rs#L112
crates/turnloop/src/backend/iocp/socket.rs	1	unsupported	use super::{Detached, Kind, Native, invalid, unsupported};	STILL TRUE — Windows capability/precondition	Explicit unsupported signal/uid-gid/reuse-port/resource-kind/TTY/provider/minimum-timer condition; supported IOCP operations tested N-W. See enclosing source and I10 for broader limits.	use super::{Detached, Kind, Native, invalid, unsupported}; use crate::{Error, Result}; use std::{	https://github.com/PerryTS/turnloop/blob/a0fbb1bf9a100bb3215219f54301b9ee82ffe71f/crates/turnloop/src/backend/iocp/socket.rs#L1
crates/turnloop/src/backend/iocp/socket.rs	225	unsupported	return Err(unsupported());	STILL TRUE — Windows capability/precondition	Explicit unsupported signal/uid-gid/reuse-port/resource-kind/TTY/provider/minimum-timer condition; supported IOCP operations tested N-W. See enclosing source and I10 for broader limits.	})?; if bytes as usize != size_of::<T>() { return Err(unsupported()); } // SAFETY: successful ioctl initialized the entire documented pointer type.	https://github.com/PerryTS/turnloop/blob/a0fbb1bf9a100bb3215219f54301b9ee82ffe71f/crates/turnloop/src/backend/iocp/socket.rs#L225
crates/turnloop/src/backend/iocp/socket.rs	299	unsupported	return Err(unsupported());	STILL TRUE — Windows capability/precondition	Explicit unsupported signal/uid-gid/reuse-port/resource-kind/TTY/provider/minimum-timer condition; supported IOCP operations tested N-W. See enclosing source and I10 for broader limits.	} } else { return Err(unsupported()); }; Ok(Self::new(Native::Socket(socket), kind, true))	https://github.com/PerryTS/turnloop/blob/a0fbb1bf9a100bb3215219f54301b9ee82ffe71f/crates/turnloop/src/backend/iocp/socket.rs#L299
crates/turnloop/src/backend/iocp/socket.rs	305	cfg-selection	#[cfg(all(test, not(loom)))]	STILL TRUE — core feature/platform selection	N native/default/executor/fallbacks; W2/W3, WEB; MODEL production cfg(loom) and timer/table Miri. Build selection alone does not verify non-CI targets; see platform matrix. I04/I09/I12 as applicable.	}  #[cfg(all(test, not(loom)))] mod tests { use super::*;	https://github.com/PerryTS/turnloop/blob/a0fbb1bf9a100bb3215219f54301b9ee82ffe71f/crates/turnloop/src/backend/iocp/socket.rs#L305
crates/turnloop/src/backend/iocp/sync_io.rs	4	unsupported	Detached, Kind, Native, bool_result, os_error, port::Port, process, signals, unsupported,	STILL TRUE — file adoption boundary	Only supported synchronous handles and overlapped pipes are adopted; arbitrary overlapped files rejected. I06/I10; N-W negative test proves rejection.	//! buffers until the worker's completion packet; cancellation joins buffer access. use super::{ Detached, Kind, Native, bool_result, os_error, port::Port, process, signals, unsupported, }; use crate::{Result, Signal};	https://github.com/PerryTS/turnloop/blob/a0fbb1bf9a100bb3215219f54301b9ee82ffe71f/crates/turnloop/src/backend/iocp/sync_io.rs#L4
crates/turnloop/src/backend/iocp/sync_io.rs	345	unsupported	/// association. Other overlapped handles return Unsupported. Captured console	STILL TRUE — file adoption boundary	Only supported synchronous handles and overlapped pipes are adopted; arbitrary overlapped files rejected. I06/I10; N-W negative test proves rejection.	/// Adopt a quiescent file, pipe or console handle. Synchronous handles use a /// worker; overlapped pipes use event-routed I/O even with a prior IOCP /// association. Other overlapped handles return Unsupported. Captured console /// modes are restored on close or drop. pub fn from_handle(handle: OwnedHandle) -> Result<Self> {	https://github.com/PerryTS/turnloop/blob/a0fbb1bf9a100bb3215219f54301b9ee82ffe71f/crates/turnloop/src/backend/iocp/sync_io.rs#L345
crates/turnloop/src/backend/iocp/sync_io.rs	389	unsupported	return Err(unsupported());	STILL TRUE — file adoption boundary	Only supported synchronous handles and overlapped pipes are adopted; arbitrary overlapped files rejected. I06/I10; N-W negative test proves rejection.	}; if result != 0 { return Err(unsupported()); } if info.Mode & (FILE_SYNCHRONOUS_IO_ALERT | FILE_SYNCHRONOUS_IO_NONALERT) != 0 {	https://github.com/PerryTS/turnloop/blob/a0fbb1bf9a100bb3215219f54301b9ee82ffe71f/crates/turnloop/src/backend/iocp/sync_io.rs#L389
crates/turnloop/src/backend/iocp/sync_io.rs	399	unsupported	Err(unsupported())	STILL TRUE — file adoption boundary	Only supported synchronous handles and overlapped pipes are adopted; arbitrary overlapped files rejected. I06/I10; N-W negative test proves rejection.	// Never submit synchronous ReadFile with null OVERLAPPED on an unknown // asynchronous handle: a pending result would outlive worker buffers. Err(unsupported()) } }	https://github.com/PerryTS/turnloop/blob/a0fbb1bf9a100bb3215219f54301b9ee82ffe71f/crates/turnloop/src/backend/iocp/sync_io.rs#L399
crates/turnloop/src/backend/iocp/timer.rs	27	unsupported	// Windows 10 1803+: do not silently downgrade precision if unsupported.	STILL TRUE — Windows capability/precondition	Explicit unsupported signal/uid-gid/reuse-port/resource-kind/TTY/provider/minimum-timer condition; supported IOCP operations tested N-W. See enclosing source and I10 for broader limits.	fn high_resolution() -> io::Result<OwnedHandle> { // SAFETY: unnamed, noninheritable timer; ownership transferred once. // Windows 10 1803+: do not silently downgrade precision if unsupported. // https://learn.microsoft.com/en-us/windows/win32/api/synchapi/nf-synchapi-createwaitabletimerexw unsafe {	https://github.com/PerryTS/turnloop/blob/a0fbb1bf9a100bb3215219f54301b9ee82ffe71f/crates/turnloop/src/backend/iocp/timer.rs#L27
crates/turnloop/src/backend/iocp/timer.rs	58	unsupported	io::ErrorKind::Unsupported,	STILL TRUE — Windows capability/precondition	Explicit unsupported signal/uid-gid/reuse-port/resource-kind/TTY/provider/minimum-timer condition; supported IOCP operations tested N-W. See enclosing source and I10 for broader limits.	"unsafe { GetProcAddress(module, name.as_ptr().cast()) }.ok_or_else(|| { io::Error::new( io::ErrorKind::Unsupported, format!(""{} is unavailable"", name.to_string_lossy()), )"	https://github.com/PerryTS/turnloop/blob/a0fbb1bf9a100bb3215219f54301b9ee82ffe71f/crates/turnloop/src/backend/iocp/timer.rs#L58
crates/turnloop/src/backend/iocp/timer.rs	204	cfg-selection	#[cfg(all(test, not(loom)))]	STILL TRUE — core feature/platform selection	N native/default/executor/fallbacks; W2/W3, WEB; MODEL production cfg(loom) and timer/table Miri. Build selection alone does not verify non-CI targets; see platform matrix. I04/I09/I12 as applicable.	}  #[cfg(all(test, not(loom)))] mod tests { use super::*;	https://github.com/PerryTS/turnloop/blob/a0fbb1bf9a100bb3215219f54301b9ee82ffe71f/crates/turnloop/src/backend/iocp/timer.rs#L204
crates/turnloop/src/backend/ipc.rs	29	cfg-selection	"#[cfg(turnloop_backend = ""kqueue"")]"	STILL TRUE — core feature/platform selection	N native/default/executor/fallbacks; W2/W3, WEB; MODEL production cfg(loom) and timer/table Miri. Build selection alone does not verify non-CI targets; see platform matrix. I04/I09/I12 as applicable.	"let len = (std::mem::offset_of!(libc::sockaddr_un, sun_path) + bytes.len() + 1) as libc::socklen_t; #[cfg(turnloop_backend = ""kqueue"")] { un.sun_len = len as u8;"	https://github.com/PerryTS/turnloop/blob/a0fbb1bf9a100bb3215219f54301b9ee82ffe71f/crates/turnloop/src/backend/ipc.rs#L29
crates/turnloop/src/backend/ipc.rs	113	cfg-selection	"#[cfg(turnloop_backend = ""epoll"")]"	STILL TRUE — core feature/platform selection	N native/default/executor/fallbacks; W2/W3, WEB; MODEL production cfg(loom) and timer/table Miri. Build selection alone does not verify non-CI targets; see platform matrix. I04/I09/I12 as applicable.	"} let socket_type = get_option(fd.as_raw_fd(), libc::SO_TYPE)?; #[cfg(turnloop_backend = ""epoll"")] let listening = get_option(fd.as_raw_fd(), libc::SO_ACCEPTCONN)? != 0; #[cfg(turnloop_backend = ""kqueue"")]"	https://github.com/PerryTS/turnloop/blob/a0fbb1bf9a100bb3215219f54301b9ee82ffe71f/crates/turnloop/src/backend/ipc.rs#L113
crates/turnloop/src/backend/ipc.rs	115	cfg-selection	"#[cfg(turnloop_backend = ""kqueue"")]"	STILL TRUE — core feature/platform selection	N native/default/executor/fallbacks; W2/W3, WEB; MODEL production cfg(loom) and timer/table Miri. Build selection alone does not verify non-CI targets; see platform matrix. I04/I09/I12 as applicable.	"#[cfg(turnloop_backend = ""epoll"")] let listening = get_option(fd.as_raw_fd(), libc::SO_ACCEPTCONN)? != 0; #[cfg(turnloop_backend = ""kqueue"")] let listening = listener; #[cfg(turnloop_backend = ""epoll"")]"	https://github.com/PerryTS/turnloop/blob/a0fbb1bf9a100bb3215219f54301b9ee82ffe71f/crates/turnloop/src/backend/ipc.rs#L115
crates/turnloop/src/backend/ipc.rs	117	cfg-selection	"#[cfg(turnloop_backend = ""epoll"")]"	STILL TRUE — core feature/platform selection	N native/default/executor/fallbacks; W2/W3, WEB; MODEL production cfg(loom) and timer/table Miri. Build selection alone does not verify non-CI targets; see platform matrix. I04/I09/I12 as applicable.	"#[cfg(turnloop_backend = ""kqueue"")] let listening = listener; #[cfg(turnloop_backend = ""epoll"")] let _ = listener; match (addr.storage.ss_family as i32, socket_type, listening) {"	https://github.com/PerryTS/turnloop/blob/a0fbb1bf9a100bb3215219f54301b9ee82ffe71f/crates/turnloop/src/backend/ipc.rs#L117
crates/turnloop/src/backend/ipc.rs	125	unsupported	_ => return Err(Error::new(ErrorKind::Unsupported)),	STILL TRUE — design capability gap	Transfer limited to sockets; named-pipe listener/busy connect detach rejected. I10; N tests supported socket transfer.	(libc::AF_INET | libc::AF_INET6, libc::SOCK_STREAM, true) => Kind::Listener, (libc::AF_INET | libc::AF_INET6, libc::SOCK_DGRAM, _) => Kind::Udp, _ => return Err(Error::new(ErrorKind::Unsupported)), } } else if stat.st_mode & libc::S_IFMT == libc::S_IFREG {	https://github.com/PerryTS/turnloop/blob/a0fbb1bf9a100bb3215219f54301b9ee82ffe71f/crates/turnloop/src/backend/ipc.rs#L125
crates/turnloop/src/backend/ipc.rs	214	cfg-selection	"#[cfg(turnloop_backend = ""epoll"")]"	STILL TRUE — core feature/platform selection	N native/default/executor/fallbacks; W2/W3, WEB; MODEL production cfg(loom) and timer/table Miri. Build selection alone does not verify non-CI targets; see platform matrix. I04/I09/I12 as applicable.	"std::ptr::write_unaligned(libc::CMSG_DATA(c).cast::<i32>(), passed.fd.as_raw_fd()); } #[cfg(turnloop_backend = ""epoll"")] let flags = libc::MSG_NOSIGNAL; #[cfg(turnloop_backend = ""kqueue"")]"	https://github.com/PerryTS/turnloop/blob/a0fbb1bf9a100bb3215219f54301b9ee82ffe71f/crates/turnloop/src/backend/ipc.rs#L214
crates/turnloop/src/backend/ipc.rs	216	cfg-selection	"#[cfg(turnloop_backend = ""kqueue"")]"	STILL TRUE — core feature/platform selection	N native/default/executor/fallbacks; W2/W3, WEB; MODEL production cfg(loom) and timer/table Miri. Build selection alone does not verify non-CI targets; see platform matrix. I04/I09/I12 as applicable.	"#[cfg(turnloop_backend = ""epoll"")] let flags = libc::MSG_NOSIGNAL; #[cfg(turnloop_backend = ""kqueue"")] let flags = 0; // SAFETY: all msghdr regions are initialized, stack-owned and live for this call."	https://github.com/PerryTS/turnloop/blob/a0fbb1bf9a100bb3215219f54301b9ee82ffe71f/crates/turnloop/src/backend/ipc.rs#L216
crates/turnloop/src/backend/ipc.rs	244	cfg-selection	"#[cfg(turnloop_backend = ""epoll"")]"	STILL TRUE — core feature/platform selection	N native/default/executor/fallbacks; W2/W3, WEB; MODEL production cfg(loom) and timer/table Miri. Build selection alone does not verify non-CI targets; see platform matrix. I04/I09/I12 as applicable.	"msg.msg_control = control.bytes.as_mut_ptr().cast(); msg.msg_controllen = control.bytes.len() as _; #[cfg(turnloop_backend = ""epoll"")] let flags = libc::MSG_CMSG_CLOEXEC; #[cfg(turnloop_backend = ""kqueue"")]"	https://github.com/PerryTS/turnloop/blob/a0fbb1bf9a100bb3215219f54301b9ee82ffe71f/crates/turnloop/src/backend/ipc.rs#L244
crates/turnloop/src/backend/ipc.rs	246	cfg-selection	"#[cfg(turnloop_backend = ""kqueue"")]"	STILL TRUE — core feature/platform selection	N native/default/executor/fallbacks; W2/W3, WEB; MODEL production cfg(loom) and timer/table Miri. Build selection alone does not verify non-CI targets; see platform matrix. I04/I09/I12 as applicable.	"#[cfg(turnloop_backend = ""epoll"")] let flags = libc::MSG_CMSG_CLOEXEC; #[cfg(turnloop_backend = ""kqueue"")] let flags = 0; // SAFETY: exclusive writable message, payload and ancillary output storage."	https://github.com/PerryTS/turnloop/blob/a0fbb1bf9a100bb3215219f54301b9ee82ffe71f/crates/turnloop/src/backend/ipc.rs#L246
crates/turnloop/src/backend/ipc.rs	285	unsupported	return Err(Error::new(ErrorKind::Unsupported));	STILL TRUE — design capability gap	Transfer limited to sockets; named-pipe listener/busy connect detach rejected. I10; N tests supported socket transfer.	let transport = classify_hint(received, byte == 0x55)?; if matches!(transport.kind, Kind::Stream | Kind::File) { return Err(Error::new(ErrorKind::Unsupported)); } Ok(transport)	https://github.com/PerryTS/turnloop/blob/a0fbb1bf9a100bb3215219f54301b9ee82ffe71f/crates/turnloop/src/backend/ipc.rs#L285
crates/turnloop/src/backend/ipc.rs	321	cfg-selection	"#[cfg(turnloop_backend = ""kqueue"")]"	STILL TRUE — core feature/platform selection	N native/default/executor/fallbacks; W2/W3, WEB; MODEL production cfg(loom) and timer/table Miri. Build selection alone does not verify non-CI targets; see platform matrix. I04/I09/I12 as applicable.	"} pub(super) unsafe fn errno() -> *mut i32 { #[cfg(turnloop_backend = ""kqueue"")] // SAFETY: libc returns this thread's live errno storage. unsafe {"	https://github.com/PerryTS/turnloop/blob/a0fbb1bf9a100bb3215219f54301b9ee82ffe71f/crates/turnloop/src/backend/ipc.rs#L321
crates/turnloop/src/backend/ipc.rs	326	cfg-selection	"#[cfg(all(turnloop_backend = ""epoll"", not(target_os = ""android"")))]"	STILL TRUE — core feature/platform selection	N native/default/executor/fallbacks; W2/W3, WEB; MODEL production cfg(loom) and timer/table Miri. Build selection alone does not verify non-CI targets; see platform matrix. I04/I09/I12 as applicable.	"libc::__error() } #[cfg(all(turnloop_backend = ""epoll"", not(target_os = ""android"")))] // SAFETY: libc returns this thread's live errno storage. unsafe {"	https://github.com/PerryTS/turnloop/blob/a0fbb1bf9a100bb3215219f54301b9ee82ffe71f/crates/turnloop/src/backend/ipc.rs#L326
crates/turnloop/src/backend/ipc.rs	331	cfg-selection	"#[cfg(target_os = ""android"")]"	STILL TRUE — core feature/platform selection	N native/default/executor/fallbacks; W2/W3, WEB; MODEL production cfg(loom) and timer/table Miri. Build selection alone does not verify non-CI targets; see platform matrix. I04/I09/I12 as applicable.	"libc::__errno_location() } #[cfg(target_os = ""android"")] // SAFETY: Bionic returns this thread's live errno storage. unsafe {"	https://github.com/PerryTS/turnloop/blob/a0fbb1bf9a100bb3215219f54301b9ee82ffe71f/crates/turnloop/src/backend/ipc.rs#L331
crates/turnloop/src/backend/mod.rs	13	unsupported	//!   (unsupported/invalid operation, capacity/resource setup failure).	STILL TRUE — default/documented capability	Optional trait method or contract documentation; native overrides implement services; WASI/web process/signal/IPC rejection is intentional.	//!   request performs the connection. Once validated/accepted, even a synchronous //!   I/O error is queued as a terminal Event. Submit errors reject before acceptance //!   (unsupported/invalid operation, capacity/resource setup failure). //!   `submit` accepts ownership of a Request only on Ok; on //!   Err it must have stopped all access to its buffers before returning.	https://github.com/PerryTS/turnloop/blob/a0fbb1bf9a100bb3215219f54301b9ee82ffe71f/crates/turnloop/src/backend/mod.rs#L13
crates/turnloop/src/backend/mod.rs	63	unsupported	//!   on the destination. Unsupported resources return Unsupported. For asynchronous	STILL TRUE — default/documented capability	Optional trait method or contract documentation; native overrides implement services; WASI/web process/signal/IPC rejection is intentional.	//! * `detach` is called only when all operations are quiescent. It unregisters the //!   source loop before returning an owning Send transport. `attach` re-registers //!   on the destination. Unsupported resources return Unsupported. For asynchronous //!   cancellation, public detach can return WouldBlock while cancellation drains; //!   the caller turns the source loop and retries. No blocking wait is hidden here.	https://github.com/PerryTS/turnloop/blob/a0fbb1bf9a100bb3215219f54301b9ee82ffe71f/crates/turnloop/src/backend/mod.rs#L63
crates/turnloop/src/backend/mod.rs	72	unsupported	//! * Unsupported platforms/capabilities return errors; no fake successful I/O.	STILL TRUE — default/documented capability	Optional trait method or contract documentation; native overrides implement services; WASI/web process/signal/IPC rejection is intentional.	//!   it as a flag/host scheduler token. No backend creates a loop-driving thread. //!   Windows' explicitly requested Integration::Event helper is the D7 exception. //! * Unsupported platforms/capabilities return errors; no fake successful I/O. use crate::{ BufLease, BufferPool, Config, Error, Handle, Integration, OpId, Open, ReadBuf, Result,	https://github.com/PerryTS/turnloop/blob/a0fbb1bf9a100bb3215219f54301b9ee82ffe71f/crates/turnloop/src/backend/mod.rs#L72
crates/turnloop/src/backend/mod.rs	230	unsupported	Err(Error::new(crate::ErrorKind::Unsupported))	STILL TRUE — default/documented capability	Optional trait method or contract documentation; native overrides implement services; WASI/web process/signal/IPC rejection is intentional.	_spec: &crate::ProcessSpec, ) -> Result<u32> { Err(Error::new(crate::ErrorKind::Unsupported)) } /// Begin nonblocking resource teardown before the core cancels its operations.	https://github.com/PerryTS/turnloop/blob/a0fbb1bf9a100bb3215219f54301b9ee82ffe71f/crates/turnloop/src/backend/mod.rs#L230
crates/turnloop/src/backend/mod.rs	241	unsupported	Err(Error::new(crate::ErrorKind::Unsupported))	STILL TRUE — default/documented capability	Optional trait method or contract documentation; native overrides implement services; WASI/web process/signal/IPC rejection is intentional.	/// Signal an owned child, or its explicitly isolated process group. fn kill(&mut self, _handle: Handle, _signal: crate::Signal, _group: bool) -> Result<()> { Err(Error::new(crate::ErrorKind::Unsupported)) } /// Bind a process-wide signal subscription to a new core handle.	https://github.com/PerryTS/turnloop/blob/a0fbb1bf9a100bb3215219f54301b9ee82ffe71f/crates/turnloop/src/backend/mod.rs#L241
crates/turnloop/src/backend/mod.rs	245	unsupported	Err(Error::new(crate::ErrorKind::Unsupported))	STILL TRUE — default/documented capability	Optional trait method or contract documentation; native overrides implement services; WASI/web process/signal/IPC rejection is intentional.	/// Bind a process-wide signal subscription to a new core handle. fn signal(&mut self, _handle: Handle, _signal: crate::Signal) -> Result<()> { Err(Error::new(crate::ErrorKind::Unsupported)) } /// Set a terminal mode, retaining the original settings until release/drop.	https://github.com/PerryTS/turnloop/blob/a0fbb1bf9a100bb3215219f54301b9ee82ffe71f/crates/turnloop/src/backend/mod.rs#L245
crates/turnloop/src/backend/mod.rs	249	unsupported	Err(Error::new(crate::ErrorKind::Unsupported))	STILL TRUE — capability gap	Defaults reject TTY mode/size on WASI/web; WASI size claim in DESIGN needs resolution (I16). Native backends override.	/// Set a terminal mode, retaining the original settings until release/drop. fn tty_set_mode(&mut self, _handle: Handle, _mode: crate::TtyMode) -> Result<()> { Err(Error::new(crate::ErrorKind::Unsupported)) } /// Query current terminal dimensions.	https://github.com/PerryTS/turnloop/blob/a0fbb1bf9a100bb3215219f54301b9ee82ffe71f/crates/turnloop/src/backend/mod.rs#L249
crates/turnloop/src/backend/mod.rs	253	unsupported	Err(Error::new(crate::ErrorKind::Unsupported))	STILL TRUE — capability gap	Defaults reject TTY mode/size on WASI/web; WASI size claim in DESIGN needs resolution (I16). Native backends override.	/// Query current terminal dimensions. fn tty_window_size(&self, _handle: Handle) -> Result<crate::WindowSize> { Err(Error::new(crate::ErrorKind::Unsupported)) } /// Monotonic, nondecreasing time in a consistent domain across calls. Native	https://github.com/PerryTS/turnloop/blob/a0fbb1bf9a100bb3215219f54301b9ee82ffe71f/crates/turnloop/src/backend/mod.rs#L253
crates/turnloop/src/backend/mod.rs	284	unsupported	Err(Error::new(crate::ErrorKind::Unsupported))	STILL TRUE — design gap	Default resolver fallback; native pool and p2 override work, p3 has neither supported route. I05.	/// obey the same terminal/cancellation and no-spin rules as socket I/O. fn resolve(&mut self, _op: OpId, _request: &crate::DnsRequest) -> Result<()> { Err(Error::new(crate::ErrorKind::Unsupported)) } /// Request cancellation; terminal acknowledgement must precede memory reuse.	https://github.com/PerryTS/turnloop/blob/a0fbb1bf9a100bb3215219f54301b9ee82ffe71f/crates/turnloop/src/backend/mod.rs#L284
crates/turnloop/src/backend/mod.rs	306	cfg-selection	"#[cfg(turnloop_backend = ""epoll"")]"	STILL TRUE — core feature/platform selection	N native/default/executor/fallbacks; W2/W3, WEB; MODEL production cfg(loom) and timer/table Miri. Build selection alone does not verify non-CI targets; see platform matrix. I04/I09/I12 as applicable.	"}  #[cfg(turnloop_backend = ""epoll"")] mod epoll; #[cfg(turnloop_backend = ""kqueue"")]"	https://github.com/PerryTS/turnloop/blob/a0fbb1bf9a100bb3215219f54301b9ee82ffe71f/crates/turnloop/src/backend/mod.rs#L306
crates/turnloop/src/backend/mod.rs	308	cfg-selection	"#[cfg(turnloop_backend = ""kqueue"")]"	STILL TRUE — core feature/platform selection	N native/default/executor/fallbacks; W2/W3, WEB; MODEL production cfg(loom) and timer/table Miri. Build selection alone does not verify non-CI targets; see platform matrix. I04/I09/I12 as applicable.	"#[cfg(turnloop_backend = ""epoll"")] mod epoll; #[cfg(turnloop_backend = ""kqueue"")] mod kqueue; #[cfg(any(turnloop_backend = ""kqueue"", turnloop_backend = ""epoll""))]"	https://github.com/PerryTS/turnloop/blob/a0fbb1bf9a100bb3215219f54301b9ee82ffe71f/crates/turnloop/src/backend/mod.rs#L308
crates/turnloop/src/backend/mod.rs	310	cfg-selection	"#[cfg(any(turnloop_backend = ""kqueue"", turnloop_backend = ""epoll""))]"	STILL TRUE — core feature/platform selection	N native/default/executor/fallbacks; W2/W3, WEB; MODEL production cfg(loom) and timer/table Miri. Build selection alone does not verify non-CI targets; see platform matrix. I04/I09/I12 as applicable.	"#[cfg(turnloop_backend = ""kqueue"")] mod kqueue; #[cfg(any(turnloop_backend = ""kqueue"", turnloop_backend = ""epoll""))] mod poller; #[cfg(any(turnloop_backend = ""kqueue"", turnloop_backend = ""epoll""))]"	https://github.com/PerryTS/turnloop/blob/a0fbb1bf9a100bb3215219f54301b9ee82ffe71f/crates/turnloop/src/backend/mod.rs#L310
crates/turnloop/src/backend/mod.rs	312	cfg-selection	"#[cfg(any(turnloop_backend = ""kqueue"", turnloop_backend = ""epoll""))]"	STILL TRUE — core feature/platform selection	N native/default/executor/fallbacks; W2/W3, WEB; MODEL production cfg(loom) and timer/table Miri. Build selection alone does not verify non-CI targets; see platform matrix. I04/I09/I12 as applicable.	"#[cfg(any(turnloop_backend = ""kqueue"", turnloop_backend = ""epoll""))] mod poller; #[cfg(any(turnloop_backend = ""kqueue"", turnloop_backend = ""epoll""))] mod socket; #[cfg(any(turnloop_backend = ""kqueue"", turnloop_backend = ""epoll""))]"	https://github.com/PerryTS/turnloop/blob/a0fbb1bf9a100bb3215219f54301b9ee82ffe71f/crates/turnloop/src/backend/mod.rs#L312
crates/turnloop/src/backend/mod.rs	314	cfg-selection	"#[cfg(any(turnloop_backend = ""kqueue"", turnloop_backend = ""epoll""))]"	STILL TRUE — core feature/platform selection	N native/default/executor/fallbacks; W2/W3, WEB; MODEL production cfg(loom) and timer/table Miri. Build selection alone does not verify non-CI targets; see platform matrix. I04/I09/I12 as applicable.	"#[cfg(any(turnloop_backend = ""kqueue"", turnloop_backend = ""epoll""))] mod socket; #[cfg(any(turnloop_backend = ""kqueue"", turnloop_backend = ""epoll""))] pub mod unix; #[cfg(any(turnloop_backend = ""kqueue"", turnloop_backend = ""epoll""))]"	https://github.com/PerryTS/turnloop/blob/a0fbb1bf9a100bb3215219f54301b9ee82ffe71f/crates/turnloop/src/backend/mod.rs#L314
crates/turnloop/src/backend/mod.rs	316	cfg-selection	"#[cfg(any(turnloop_backend = ""kqueue"", turnloop_backend = ""epoll""))]"	STILL TRUE — core feature/platform selection	N native/default/executor/fallbacks; W2/W3, WEB; MODEL production cfg(loom) and timer/table Miri. Build selection alone does not verify non-CI targets; see platform matrix. I04/I09/I12 as applicable.	"#[cfg(any(turnloop_backend = ""kqueue"", turnloop_backend = ""epoll""))] pub mod unix; #[cfg(any(turnloop_backend = ""kqueue"", turnloop_backend = ""epoll""))] pub use unix::Unix as Platform; "	https://github.com/PerryTS/turnloop/blob/a0fbb1bf9a100bb3215219f54301b9ee82ffe71f/crates/turnloop/src/backend/mod.rs#L316
crates/turnloop/src/backend/mod.rs	319	cfg-selection	"#[cfg(turnloop_backend = ""iocp"")]"	STILL TRUE — core feature/platform selection	N native/default/executor/fallbacks; W2/W3, WEB; MODEL production cfg(loom) and timer/table Miri. Build selection alone does not verify non-CI targets; see platform matrix. I04/I09/I12 as applicable.	"pub use unix::Unix as Platform;  #[cfg(turnloop_backend = ""iocp"")] pub mod iocp; #[cfg(turnloop_backend = ""iocp"")]"	https://github.com/PerryTS/turnloop/blob/a0fbb1bf9a100bb3215219f54301b9ee82ffe71f/crates/turnloop/src/backend/mod.rs#L319
crates/turnloop/src/backend/mod.rs	321	cfg-selection	"#[cfg(turnloop_backend = ""iocp"")]"	STILL TRUE — core feature/platform selection	N native/default/executor/fallbacks; W2/W3, WEB; MODEL production cfg(loom) and timer/table Miri. Build selection alone does not verify non-CI targets; see platform matrix. I04/I09/I12 as applicable.	"#[cfg(turnloop_backend = ""iocp"")] pub mod iocp; #[cfg(turnloop_backend = ""iocp"")] pub use iocp::Iocp as Platform; "	https://github.com/PerryTS/turnloop/blob/a0fbb1bf9a100bb3215219f54301b9ee82ffe71f/crates/turnloop/src/backend/mod.rs#L321
crates/turnloop/src/backend/mod.rs	324	cfg-selection	"#[cfg(turnloop_backend = ""wasi_p2"")]"	STILL TRUE — core feature/platform selection	N native/default/executor/fallbacks; W2/W3, WEB; MODEL production cfg(loom) and timer/table Miri. Build selection alone does not verify non-CI targets; see platform matrix. I04/I09/I12 as applicable.	"pub use iocp::Iocp as Platform;  #[cfg(turnloop_backend = ""wasi_p2"")] pub mod wasi_p2; #[cfg(turnloop_backend = ""wasi_p2"")]"	https://github.com/PerryTS/turnloop/blob/a0fbb1bf9a100bb3215219f54301b9ee82ffe71f/crates/turnloop/src/backend/mod.rs#L324
crates/turnloop/src/backend/mod.rs	326	cfg-selection	"#[cfg(turnloop_backend = ""wasi_p2"")]"	STILL TRUE — core feature/platform selection	N native/default/executor/fallbacks; W2/W3, WEB; MODEL production cfg(loom) and timer/table Miri. Build selection alone does not verify non-CI targets; see platform matrix. I04/I09/I12 as applicable.	"#[cfg(turnloop_backend = ""wasi_p2"")] pub mod wasi_p2; #[cfg(turnloop_backend = ""wasi_p2"")] pub use wasi_p2::WasiP2 as Platform; "	https://github.com/PerryTS/turnloop/blob/a0fbb1bf9a100bb3215219f54301b9ee82ffe71f/crates/turnloop/src/backend/mod.rs#L326
crates/turnloop/src/backend/mod.rs	329	cfg-selection	"#[cfg(turnloop_backend = ""web"")]"	STILL TRUE — core feature/platform selection	N native/default/executor/fallbacks; W2/W3, WEB; MODEL production cfg(loom) and timer/table Miri. Build selection alone does not verify non-CI targets; see platform matrix. I04/I09/I12 as applicable.	"pub use wasi_p2::WasiP2 as Platform;  #[cfg(turnloop_backend = ""web"")] pub mod web; #[cfg(turnloop_backend = ""web"")]"	https://github.com/PerryTS/turnloop/blob/a0fbb1bf9a100bb3215219f54301b9ee82ffe71f/crates/turnloop/src/backend/mod.rs#L329
crates/turnloop/src/backend/mod.rs	331	cfg-selection	"#[cfg(turnloop_backend = ""web"")]"	STILL TRUE — core feature/platform selection	N native/default/executor/fallbacks; W2/W3, WEB; MODEL production cfg(loom) and timer/table Miri. Build selection alone does not verify non-CI targets; see platform matrix. I04/I09/I12 as applicable.	"#[cfg(turnloop_backend = ""web"")] pub mod web; #[cfg(turnloop_backend = ""web"")] pub use web::Web as Platform; "	https://github.com/PerryTS/turnloop/blob/a0fbb1bf9a100bb3215219f54301b9ee82ffe71f/crates/turnloop/src/backend/mod.rs#L331
crates/turnloop/src/backend/mod.rs	334	cfg-selection	"#[cfg(all(turnloop_backend = ""wasi_p3"", feature = ""wasi-p3-experimental""))]"	STILL TRUE — core feature/platform selection	N native/default/executor/fallbacks; W2/W3, WEB; MODEL production cfg(loom) and timer/table Miri. Build selection alone does not verify non-CI targets; see platform matrix. I04/I09/I12 as applicable.	"pub use web::Web as Platform;  #[cfg(all(turnloop_backend = ""wasi_p3"", feature = ""wasi-p3-experimental""))] pub mod wasi_p3; #[cfg(all(turnloop_backend = ""wasi_p3"", feature = ""wasi-p3-experimental""))]"	https://github.com/PerryTS/turnloop/blob/a0fbb1bf9a100bb3215219f54301b9ee82ffe71f/crates/turnloop/src/backend/mod.rs#L334
crates/turnloop/src/backend/mod.rs	336	cfg-selection	"#[cfg(all(turnloop_backend = ""wasi_p3"", feature = ""wasi-p3-experimental""))]"	STILL TRUE — core feature/platform selection	N native/default/executor/fallbacks; W2/W3, WEB; MODEL production cfg(loom) and timer/table Miri. Build selection alone does not verify non-CI targets; see platform matrix. I04/I09/I12 as applicable.	"#[cfg(all(turnloop_backend = ""wasi_p3"", feature = ""wasi-p3-experimental""))] pub mod wasi_p3; #[cfg(all(turnloop_backend = ""wasi_p3"", feature = ""wasi-p3-experimental""))] pub use wasi_p3::WasiP3 as Platform; #[cfg(any(turnloop_backend = ""kqueue"", turnloop_backend = ""epoll""))]"	https://github.com/PerryTS/turnloop/blob/a0fbb1bf9a100bb3215219f54301b9ee82ffe71f/crates/turnloop/src/backend/mod.rs#L336
crates/turnloop/src/backend/mod.rs	338	cfg-selection	"#[cfg(any(turnloop_backend = ""kqueue"", turnloop_backend = ""epoll""))]"	STILL TRUE — core feature/platform selection	N native/default/executor/fallbacks; W2/W3, WEB; MODEL production cfg(loom) and timer/table Miri. Build selection alone does not verify non-CI targets; see platform matrix. I04/I09/I12 as applicable.	"#[cfg(all(turnloop_backend = ""wasi_p3"", feature = ""wasi-p3-experimental""))] pub use wasi_p3::WasiP3 as Platform; #[cfg(any(turnloop_backend = ""kqueue"", turnloop_backend = ""epoll""))] mod ipc; "	https://github.com/PerryTS/turnloop/blob/a0fbb1bf9a100bb3215219f54301b9ee82ffe71f/crates/turnloop/src/backend/mod.rs#L338
crates/turnloop/src/backend/mod.rs	341	cfg-selection	"#[cfg(any(turnloop_backend = ""kqueue"", turnloop_backend = ""epoll""))]"	STILL TRUE — core feature/platform selection	N native/default/executor/fallbacks; W2/W3, WEB; MODEL production cfg(loom) and timer/table Miri. Build selection alone does not verify non-CI targets; see platform matrix. I04/I09/I12 as applicable.	"mod ipc;  #[cfg(any(turnloop_backend = ""kqueue"", turnloop_backend = ""epoll""))] mod services; #[cfg(any(turnloop_backend = ""kqueue"", turnloop_backend = ""epoll""))]"	https://github.com/PerryTS/turnloop/blob/a0fbb1bf9a100bb3215219f54301b9ee82ffe71f/crates/turnloop/src/backend/mod.rs#L341
crates/turnloop/src/backend/mod.rs	343	cfg-selection	"#[cfg(any(turnloop_backend = ""kqueue"", turnloop_backend = ""epoll""))]"	STILL TRUE — core feature/platform selection	N native/default/executor/fallbacks; W2/W3, WEB; MODEL production cfg(loom) and timer/table Miri. Build selection alone does not verify non-CI targets; see platform matrix. I04/I09/I12 as applicable.	"#[cfg(any(turnloop_backend = ""kqueue"", turnloop_backend = ""epoll""))] mod services; #[cfg(any(turnloop_backend = ""kqueue"", turnloop_backend = ""epoll""))] mod signals; "	https://github.com/PerryTS/turnloop/blob/a0fbb1bf9a100bb3215219f54301b9ee82ffe71f/crates/turnloop/src/backend/mod.rs#L343
crates/turnloop/src/backend/mod.rs	346	cfg-selection	"#[cfg(any(turnloop_backend = ""kqueue"", turnloop_backend = ""epoll""))]"	STILL TRUE — core feature/platform selection	N native/default/executor/fallbacks; W2/W3, WEB; MODEL production cfg(loom) and timer/table Miri. Build selection alone does not verify non-CI targets; see platform matrix. I04/I09/I12 as applicable.	"mod signals;  #[cfg(any(turnloop_backend = ""kqueue"", turnloop_backend = ""epoll""))] mod files;"	https://github.com/PerryTS/turnloop/blob/a0fbb1bf9a100bb3215219f54301b9ee82ffe71f/crates/turnloop/src/backend/mod.rs#L346
crates/turnloop/src/backend/services.rs	12	cfg-selection	#[cfg(loom)]	STILL TRUE — core feature/platform selection	N native/default/executor/fallbacks; W2/W3, WEB; MODEL production cfg(loom) and timer/table Miri. Build selection alone does not verify non-CI targets; see platform matrix. I04/I09/I12 as applicable.	*, }; #[cfg(loom)] use loom::sync::Mutex; #[cfg(not(loom))]	https://github.com/PerryTS/turnloop/blob/a0fbb1bf9a100bb3215219f54301b9ee82ffe71f/crates/turnloop/src/backend/services.rs#L12
crates/turnloop/src/backend/services.rs	14	cfg-selection	#[cfg(not(loom))]	STILL TRUE — core feature/platform selection	N native/default/executor/fallbacks; W2/W3, WEB; MODEL production cfg(loom) and timer/table Miri. Build selection alone does not verify non-CI targets; see platform matrix. I04/I09/I12 as applicable.	#[cfg(loom)] use loom::sync::Mutex; #[cfg(not(loom))] use std::sync::Mutex; use std::{	https://github.com/PerryTS/turnloop/blob/a0fbb1bf9a100bb3215219f54301b9ee82ffe71f/crates/turnloop/src/backend/services.rs#L14
crates/turnloop/src/backend/services.rs	34	cfg-selection	#[cfg(all(test, loom))]	STILL TRUE — core feature/platform selection	N native/default/executor/fallbacks; W2/W3, WEB; MODEL production cfg(loom) and timer/table Miri. Build selection alone does not verify non-CI targets; see platform matrix. I04/I09/I12 as applicable.	}  #[cfg(all(test, loom))] mod readiness_models { use super::*;	https://github.com/PerryTS/turnloop/blob/a0fbb1bf9a100bb3215219f54301b9ee82ffe71f/crates/turnloop/src/backend/services.rs#L34
crates/turnloop/src/backend/services.rs	282	cfg-selection	"#[cfg(turnloop_backend = ""epoll"")]"	STILL TRUE — core feature/platform selection	N native/default/executor/fallbacks; W2/W3, WEB; MODEL production cfg(loom) and timer/table Miri. Build selection alone does not verify non-CI targets; see platform matrix. I04/I09/I12 as applicable.	"// immediately before interpreting registration failure. if state.reap()?.is_none() { #[cfg(turnloop_backend = ""epoll"")] if matches!(e.os, Some(libc::ENOSYS | libc::EINVAL | libc::EPERM)) { // The subscription above already covers the SIGCHLD"	https://github.com/PerryTS/turnloop/blob/a0fbb1bf9a100bb3215219f54301b9ee82ffe71f/crates/turnloop/src/backend/services.rs#L282
crates/turnloop/src/backend/services.rs	290	cfg-selection	"#[cfg(turnloop_backend = ""kqueue"")]"	STILL TRUE — core feature/platform selection	N native/default/executor/fallbacks; W2/W3, WEB; MODEL production cfg(loom) and timer/table Miri. Build selection alone does not verify non-CI targets; see platform matrix. I04/I09/I12 as applicable.	"return Err(e); } #[cfg(turnloop_backend = ""kqueue"")] return Err(e); }"	https://github.com/PerryTS/turnloop/blob/a0fbb1bf9a100bb3215219f54301b9ee82ffe71f/crates/turnloop/src/backend/services.rs#L290
crates/turnloop/src/backend/services.rs	463	cfg-selection	#[cfg(all(test, not(loom)))]	STILL TRUE — core feature/platform selection	N native/default/executor/fallbacks; W2/W3, WEB; MODEL production cfg(loom) and timer/table Miri. Build selection alone does not verify non-CI targets; see platform matrix. I04/I09/I12 as applicable.	}  #[cfg(all(test, not(loom)))] mod tests { use super::*;	https://github.com/PerryTS/turnloop/blob/a0fbb1bf9a100bb3215219f54301b9ee82ffe71f/crates/turnloop/src/backend/services.rs#L463
crates/turnloop/src/backend/signals.rs	23	unsupported	Signal::Break => return Err(Error::new(ErrorKind::Unsupported)),	STILL TRUE — capability/error handling	Read enclosing branch: includes enum/error mappings and capability documentation, not automatically a missing supported operation. DESIGN_AUDIT.md classifies actual gaps.	Signal::Usr1 => libc::SIGUSR1, Signal::Usr2 => libc::SIGUSR2, Signal::Break => return Err(Error::new(ErrorKind::Unsupported)), }) }	https://github.com/PerryTS/turnloop/blob/a0fbb1bf9a100bb3215219f54301b9ee82ffe71f/crates/turnloop/src/backend/signals.rs#L23
crates/turnloop/src/backend/signals.rs	49	cfg-selection	"#[cfg(turnloop_backend = ""epoll"")]"	STILL TRUE — core feature/platform selection	N native/default/executor/fallbacks; W2/W3, WEB; MODEL production cfg(loom) and timer/table Miri. Build selection alone does not verify non-CI targets; see platform matrix. I04/I09/I12 as applicable.	"fd: OwnedFd, records: Mutex<Vec<Record>>, #[cfg(turnloop_backend = ""epoll"")] _writer: OwnedFd, }"	https://github.com/PerryTS/turnloop/blob/a0fbb1bf9a100bb3215219f54301b9ee82ffe71f/crates/turnloop/src/backend/signals.rs#L49
crates/turnloop/src/backend/signals.rs	53	cfg-selection	"#[cfg(turnloop_backend = ""epoll"")]"	STILL TRUE — core feature/platform selection	N native/default/executor/fallbacks; W2/W3, WEB; MODEL production cfg(loom) and timer/table Miri. Build selection alone does not verify non-CI targets; see platform matrix. I04/I09/I12 as applicable.	"} static DISPATCHER: OnceLock<Result<Arc<Dispatcher>>> = OnceLock::new(); #[cfg(turnloop_backend = ""epoll"")] static WRITE_FD: std::sync::atomic::AtomicI32 = std::sync::atomic::AtomicI32::new(-1); #[cfg(turnloop_backend = ""epoll"")]"	https://github.com/PerryTS/turnloop/blob/a0fbb1bf9a100bb3215219f54301b9ee82ffe71f/crates/turnloop/src/backend/signals.rs#L53
crates/turnloop/src/backend/signals.rs	55	cfg-selection	"#[cfg(turnloop_backend = ""epoll"")]"	STILL TRUE — core feature/platform selection	N native/default/executor/fallbacks; W2/W3, WEB; MODEL production cfg(loom) and timer/table Miri. Build selection alone does not verify non-CI targets; see platform matrix. I04/I09/I12 as applicable.	"#[cfg(turnloop_backend = ""epoll"")] static WRITE_FD: std::sync::atomic::AtomicI32 = std::sync::atomic::AtomicI32::new(-1); #[cfg(turnloop_backend = ""epoll"")] static PENDING: [AtomicBool; 128] = [const { AtomicBool::new(false) }; 128]; extern ""C"" fn handler(_signal: i32) {"	https://github.com/PerryTS/turnloop/blob/a0fbb1bf9a100bb3215219f54301b9ee82ffe71f/crates/turnloop/src/backend/signals.rs#L55
crates/turnloop/src/backend/signals.rs	58	cfg-selection	"#[cfg(turnloop_backend = ""epoll"")]"	STILL TRUE — core feature/platform selection	N native/default/executor/fallbacks; W2/W3, WEB; MODEL production cfg(loom) and timer/table Miri. Build selection alone does not verify non-CI targets; see platform matrix. I04/I09/I12 as applicable.	"static PENDING: [AtomicBool; 128] = [const { AtomicBool::new(false) }; 128]; extern ""C"" fn handler(_signal: i32) { #[cfg(turnloop_backend = ""epoll"")] { if let Some(pending) = PENDING.get(_signal as usize) {"	https://github.com/PerryTS/turnloop/blob/a0fbb1bf9a100bb3215219f54301b9ee82ffe71f/crates/turnloop/src/backend/signals.rs#L58
crates/turnloop/src/backend/signals.rs	74	cfg-selection	"#[cfg(turnloop_backend = ""kqueue"")]"	STILL TRUE — core feature/platform selection	N native/default/executor/fallbacks; W2/W3, WEB; MODEL production cfg(loom) and timer/table Miri. Build selection alone does not verify non-CI targets; see platform matrix. I04/I09/I12 as applicable.	"} } #[cfg(turnloop_backend = ""kqueue"")] fn change(fd: i32, signal: i32, flags: u16) -> Result<()> { let event = libc::kevent {"	https://github.com/PerryTS/turnloop/blob/a0fbb1bf9a100bb3215219f54301b9ee82ffe71f/crates/turnloop/src/backend/signals.rs#L74
crates/turnloop/src/backend/signals.rs	91	cfg-selection	"#[cfg(turnloop_backend = ""kqueue"")]"	STILL TRUE — core feature/platform selection	N native/default/executor/fallbacks; W2/W3, WEB; MODEL production cfg(loom) and timer/table Miri. Build selection alone does not verify non-CI targets; see platform matrix. I04/I09/I12 as applicable.	"} fn start() -> Result<Arc<Dispatcher>> { #[cfg(turnloop_backend = ""kqueue"")] let fd = { // SAFETY: kqueue returns a fresh owned descriptor without pointer arguments."	https://github.com/PerryTS/turnloop/blob/a0fbb1bf9a100bb3215219f54301b9ee82ffe71f/crates/turnloop/src/backend/signals.rs#L91
crates/turnloop/src/backend/signals.rs	106	cfg-selection	"#[cfg(turnloop_backend = ""epoll"")]"	STILL TRUE — core feature/platform selection	N native/default/executor/fallbacks; W2/W3, WEB; MODEL production cfg(loom) and timer/table Miri. Build selection alone does not verify non-CI targets; see platform matrix. I04/I09/I12 as applicable.	"fd }; #[cfg(turnloop_backend = ""epoll"")] let (fd, writer) = { let mut pair = [-1; 2];"	https://github.com/PerryTS/turnloop/blob/a0fbb1bf9a100bb3215219f54301b9ee82ffe71f/crates/turnloop/src/backend/signals.rs#L106
crates/turnloop/src/backend/signals.rs	122	cfg-selection	"#[cfg(turnloop_backend = ""epoll"")]"	STILL TRUE — core feature/platform selection	N native/default/executor/fallbacks; W2/W3, WEB; MODEL production cfg(loom) and timer/table Miri. Build selection alone does not verify non-CI targets; see platform matrix. I04/I09/I12 as applicable.	"fd, records: Mutex::new(Vec::new()), #[cfg(turnloop_backend = ""epoll"")] _writer: writer, });"	https://github.com/PerryTS/turnloop/blob/a0fbb1bf9a100bb3215219f54301b9ee82ffe71f/crates/turnloop/src/backend/signals.rs#L122
crates/turnloop/src/backend/signals.rs	150	cfg-selection	"#[cfg(turnloop_backend = ""kqueue"")]"	STILL TRUE — core feature/platform selection	N native/default/executor/fallbacks; W2/W3, WEB; MODEL production cfg(loom) and timer/table Miri. Build selection alone does not verify non-CI targets; see platform matrix. I04/I09/I12 as applicable.	"fn run(&self) { loop { #[cfg(turnloop_backend = ""kqueue"")] { // SAFETY: kevent is plain C output storage."	https://github.com/PerryTS/turnloop/blob/a0fbb1bf9a100bb3215219f54301b9ee82ffe71f/crates/turnloop/src/backend/signals.rs#L150
crates/turnloop/src/backend/signals.rs	171	cfg-selection	"#[cfg(turnloop_backend = ""epoll"")]"	STILL TRUE — core feature/platform selection	N native/default/executor/fallbacks; W2/W3, WEB; MODEL production cfg(loom) and timer/table Miri. Build selection alone does not verify non-CI targets; see platform matrix. I04/I09/I12 as applicable.	"} } #[cfg(turnloop_backend = ""epoll"")] { let mut fd = libc::pollfd {"	https://github.com/PerryTS/turnloop/blob/a0fbb1bf9a100bb3215219f54301b9ee82ffe71f/crates/turnloop/src/backend/signals.rs#L171
crates/turnloop/src/backend/signals.rs	227	cfg-selection	"#[cfg(turnloop_backend = ""kqueue"")]"	STILL TRUE — core feature/platform selection	N native/default/executor/fallbacks; W2/W3, WEB; MODEL production cfg(loom) and timer/table Miri. Build selection alone does not verify non-CI targets; see platform matrix. I04/I09/I12 as applicable.	"unsafe { std::mem::zeroed() }; action.sa_sigaction = handler as *const () as usize; #[cfg(turnloop_backend = ""kqueue"")] { // EVFILT_SIGNAL observes generation even for SIG_IGN. A no-op"	https://github.com/PerryTS/turnloop/blob/a0fbb1bf9a100bb3215219f54301b9ee82ffe71f/crates/turnloop/src/backend/signals.rs#L227
crates/turnloop/src/backend/signals.rs	256	cfg-selection	"#[cfg(turnloop_backend = ""kqueue"")]"	STILL TRUE — core feature/platform selection	N native/default/executor/fallbacks; W2/W3, WEB; MODEL production cfg(loom) and timer/table Miri. Build selection alone does not verify non-CI targets; see platform matrix. I04/I09/I12 as applicable.	"return Err(last_error()); } #[cfg(turnloop_backend = ""kqueue"")] if let Err(e) = change( dispatcher.fd.as_raw_fd(),"	https://github.com/PerryTS/turnloop/blob/a0fbb1bf9a100bb3215219f54301b9ee82ffe71f/crates/turnloop/src/backend/signals.rs#L256
crates/turnloop/src/backend/signals.rs	301	cfg-selection	"#[cfg(turnloop_backend = ""kqueue"")]"	STILL TRUE — core feature/platform selection	N native/default/executor/fallbacks; W2/W3, WEB; MODEL production cfg(loom) and timer/table Miri. Build selection alone does not verify non-CI targets; see platform matrix. I04/I09/I12 as applicable.	"if records[i].subscribers.is_empty() { let record = records.swap_remove(i); #[cfg(turnloop_backend = ""kqueue"")] let _ = change(dispatcher.fd.as_raw_fd(), number, libc::EV_DELETE); // SAFETY: restore the exact disposition saved when first subscribed."	https://github.com/PerryTS/turnloop/blob/a0fbb1bf9a100bb3215219f54301b9ee82ffe71f/crates/turnloop/src/backend/signals.rs#L301
crates/turnloop/src/backend/socket.rs	26	cfg-selection	"#[cfg(turnloop_backend = ""kqueue"")]"	STILL TRUE — core feature/platform selection	N native/default/executor/fallbacks; W2/W3, WEB; MODEL production cfg(loom) and timer/table Miri. Build selection alone does not verify non-CI targets; see platform matrix. I04/I09/I12 as applicable.	"s.sin_addr.s_addr = u32::from_ne_bytes(a.ip().octets()); len = size_of::<libc::sockaddr_in>() as libc::socklen_t; #[cfg(turnloop_backend = ""kqueue"")] { s.sin_len = len as u8;"	https://github.com/PerryTS/turnloop/blob/a0fbb1bf9a100bb3215219f54301b9ee82ffe71f/crates/turnloop/src/backend/socket.rs#L26
crates/turnloop/src/backend/socket.rs	47	cfg-selection	"#[cfg(turnloop_backend = ""kqueue"")]"	STILL TRUE — core feature/platform selection	N native/default/executor/fallbacks; W2/W3, WEB; MODEL production cfg(loom) and timer/table Miri. Build selection alone does not verify non-CI targets; see platform matrix. I04/I09/I12 as applicable.	"s.sin6_addr.s6_addr = a.ip().octets(); len = size_of::<libc::sockaddr_in6>() as libc::socklen_t; #[cfg(turnloop_backend = ""kqueue"")] { s.sin6_len = len as u8;"	https://github.com/PerryTS/turnloop/blob/a0fbb1bf9a100bb3215219f54301b9ee82ffe71f/crates/turnloop/src/backend/socket.rs#L47
crates/turnloop/src/backend/socket.rs	129	cfg-selection	"#[cfg(turnloop_backend = ""kqueue"")]"	STILL TRUE — core feature/platform selection	N native/default/executor/fallbacks; W2/W3, WEB; MODEL production cfg(loom) and timer/table Miri. Build selection alone does not verify non-CI targets; see platform matrix. I04/I09/I12 as applicable.	"return Err(last_error()); } #[cfg(turnloop_backend = ""kqueue"")] option(fd, libc::SOL_SOCKET, libc::SO_NOSIGPIPE, 1)?; Ok(())"	https://github.com/PerryTS/turnloop/blob/a0fbb1bf9a100bb3215219f54301b9ee82ffe71f/crates/turnloop/src/backend/socket.rs#L129
crates/turnloop/src/backend/socket.rs	144	cfg-selection	"#[cfg(turnloop_backend = ""epoll"")]"	STILL TRUE — core feature/platform selection	N native/default/executor/fallbacks; W2/W3, WEB; MODEL production cfg(loom) and timer/table Miri. Build selection alone does not verify non-CI targets; see platform matrix. I04/I09/I12 as applicable.	"libc::SOCK_STREAM }; #[cfg(turnloop_backend = ""epoll"")] let kind = kind | libc::SOCK_CLOEXEC | libc::SOCK_NONBLOCK; // SAFETY: socket arguments are valid constants and no pointer is supplied."	https://github.com/PerryTS/turnloop/blob/a0fbb1bf9a100bb3215219f54301b9ee82ffe71f/crates/turnloop/src/backend/socket.rs#L144
crates/turnloop/src/backend/unix.rs	3	cfg-selection	"#[cfg(turnloop_backend = ""epoll"")]"	STILL TRUE — core feature/platform selection	N native/default/executor/fallbacks; W2/W3, WEB; MODEL production cfg(loom) and timer/table Miri. Build selection alone does not verify non-CI targets; see platform matrix. I04/I09/I12 as applicable.	"//! Shared completion engine for kqueue and epoll. Each direction has an intrusive //! FIFO of operations; readiness remains cached until an actual EAGAIN. #[cfg(turnloop_backend = ""epoll"")] use super::epoll::Epoll as SystemPoller; #[cfg(turnloop_backend = ""kqueue"")]"	https://github.com/PerryTS/turnloop/blob/a0fbb1bf9a100bb3215219f54301b9ee82ffe71f/crates/turnloop/src/backend/unix.rs#L3
crates/turnloop/src/backend/unix.rs	5	cfg-selection	"#[cfg(turnloop_backend = ""kqueue"")]"	STILL TRUE — core feature/platform selection	N native/default/executor/fallbacks; W2/W3, WEB; MODEL production cfg(loom) and timer/table Miri. Build selection alone does not verify non-CI targets; see platform matrix. I04/I09/I12 as applicable.	"#[cfg(turnloop_backend = ""epoll"")] use super::epoll::Epoll as SystemPoller; #[cfg(turnloop_backend = ""kqueue"")] use super::kqueue::Kqueue as SystemPoller; use super::{"	https://github.com/PerryTS/turnloop/blob/a0fbb1bf9a100bb3215219f54301b9ee82ffe71f/crates/turnloop/src/backend/unix.rs#L5
crates/turnloop/src/backend/unix.rs	246	cfg-selection	"#[cfg(turnloop_backend = ""kqueue"")]"	STILL TRUE — core feature/platform selection	N native/default/executor/fallbacks; W2/W3, WEB; MODEL production cfg(loom) and timer/table Miri. Build selection alone does not verify non-CI targets; see platform matrix. I04/I09/I12 as applicable.	"// buffer access. Readiness events contain generation keys, never buffer pointers. unsafe impl Backend for Unix { #[cfg(turnloop_backend = ""kqueue"")] type Wake = super::kqueue::KqueueWake; #[cfg(turnloop_backend = ""epoll"")]"	https://github.com/PerryTS/turnloop/blob/a0fbb1bf9a100bb3215219f54301b9ee82ffe71f/crates/turnloop/src/backend/unix.rs#L246
crates/turnloop/src/backend/unix.rs	248	cfg-selection	"#[cfg(turnloop_backend = ""epoll"")]"	STILL TRUE — core feature/platform selection	N native/default/executor/fallbacks; W2/W3, WEB; MODEL production cfg(loom) and timer/table Miri. Build selection alone does not verify non-CI targets; see platform matrix. I04/I09/I12 as applicable.	"#[cfg(turnloop_backend = ""kqueue"")] type Wake = super::kqueue::KqueueWake; #[cfg(turnloop_backend = ""epoll"")] type Wake = super::epoll::EpollWake; type Detached = Detached;"	https://github.com/PerryTS/turnloop/blob/a0fbb1bf9a100bb3215219f54301b9ee82ffe71f/crates/turnloop/src/backend/unix.rs#L248
crates/turnloop/src/backend/unix.rs	507	unsupported	return Err(Error::new(ErrorKind::Unsupported));	STILL TRUE — capability/error handling	Read enclosing branch: includes enum/error mappings and capability documentation, not automatically a missing supported operation. DESIGN_AUDIT.md classifies actual gaps.	Kind::Tcp | Kind::Listener | Kind::Udp | Kind::Pipe | Kind::PipeListener ) { return Err(Error::new(ErrorKind::Unsupported)); } Some(Detached::new(	https://github.com/PerryTS/turnloop/blob/a0fbb1bf9a100bb3215219f54301b9ee82ffe71f/crates/turnloop/src/backend/unix.rs#L507
crates/turnloop/src/backend/unix.rs	831	cfg-selection	"#[cfg(turnloop_backend = ""epoll"")]"	STILL TRUE — core feature/platform selection	N native/default/executor/fallbacks; W2/W3, WEB; MODEL production cfg(loom) and timer/table Miri. Build selection alone does not verify non-CI targets; see platform matrix. I04/I09/I12 as applicable.	"} fn send_flags() -> i32 { #[cfg(turnloop_backend = ""epoll"")] { libc::MSG_NOSIGNAL"	https://github.com/PerryTS/turnloop/blob/a0fbb1bf9a100bb3215219f54301b9ee82ffe71f/crates/turnloop/src/backend/unix.rs#L831
crates/turnloop/src/backend/unix.rs	835	cfg-selection	"#[cfg(turnloop_backend = ""kqueue"")]"	STILL TRUE — core feature/platform selection	N native/default/executor/fallbacks; W2/W3, WEB; MODEL production cfg(loom) and timer/table Miri. Build selection alone does not verify non-CI targets; see platform matrix. I04/I09/I12 as applicable.	"libc::MSG_NOSIGNAL } #[cfg(turnloop_backend = ""kqueue"")] { 0"	https://github.com/PerryTS/turnloop/blob/a0fbb1bf9a100bb3215219f54301b9ee82ffe71f/crates/turnloop/src/backend/unix.rs#L835
crates/turnloop/src/backend/unix.rs	892	cfg-selection	#[cfg(all(test, not(loom)))]	STILL TRUE — core feature/platform selection	N native/default/executor/fallbacks; W2/W3, WEB; MODEL production cfg(loom) and timer/table Miri. Build selection alone does not verify non-CI targets; see platform matrix. I04/I09/I12 as applicable.	}  #[cfg(all(test, not(loom)))] mod udp_tests { use super::*;	https://github.com/PerryTS/turnloop/blob/a0fbb1bf9a100bb3215219f54301b9ee82ffe71f/crates/turnloop/src/backend/unix.rs#L892
crates/turnloop/src/backend/unix.rs	1224	cfg-selection	#[cfg(all(test, not(loom)))]	STILL TRUE — core feature/platform selection	N native/default/executor/fallbacks; W2/W3, WEB; MODEL production cfg(loom) and timer/table Miri. Build selection alone does not verify non-CI targets; see platform matrix. I04/I09/I12 as applicable.	}  #[cfg(all(test, not(loom)))] mod process_races { use super::*;	https://github.com/PerryTS/turnloop/blob/a0fbb1bf9a100bb3215219f54301b9ee82ffe71f/crates/turnloop/src/backend/unix.rs#L1224
crates/turnloop/src/backend/wasi_p2.rs	63	unsupported	/// between loops is unsupported; no WASI resource is sent to an OS thread.	STILL TRUE — intentional capability/error mapping	Current WASI reuse-port/process/signal/IPC/local-address-on-stdio or source-less Forever wait restriction; basic TCP/UDP/stdio still supported. Basic p3 DNS/files omissions documented separately.	} /// An accepted transport, owned by core until attached. Explicit WASI transfer /// between loops is unsupported; no WASI resource is sent to an OS thread. #[derive(Debug)] pub struct Detached {	https://github.com/PerryTS/turnloop/blob/a0fbb1bf9a100bb3215219f54301b9ee82ffe71f/crates/turnloop/src/backend/wasi_p2.rs#L63
crates/turnloop/src/backend/wasi_p2.rs	175	unsupported	ErrorCode::NotSupported => ErrorKind::Unsupported,	STILL TRUE — intentional capability/error mapping	Current WASI reuse-port/process/signal/IPC/local-address-on-stdio or source-less Forever wait restriction; basic TCP/UDP/stdio still supported. Basic p3 DNS/files omissions documented separately.	Error::new(match e { ErrorCode::WouldBlock => ErrorKind::WouldBlock, ErrorCode::NotSupported => ErrorKind::Unsupported, ErrorCode::InvalidArgument | ErrorCode::InvalidState => ErrorKind::InvalidInput, ErrorCode::ConnectionRefused => ErrorKind::ConnectionRefused,	https://github.com/PerryTS/turnloop/blob/a0fbb1bf9a100bb3215219f54301b9ee82ffe71f/crates/turnloop/src/backend/wasi_p2.rs#L175
crates/turnloop/src/backend/wasi_p2.rs	412	unsupported	return Err(Error::new(ErrorKind::Unsupported));	STILL TRUE — intentional capability/error mapping	Current WASI reuse-port/process/signal/IPC/local-address-on-stdio or source-less Forever wait restriction; basic TCP/UDP/stdio still supported. Basic p3 DNS/files omissions documented separately.	let (addr, kind, reuse, backlog) = match spec { Open::Pipe(_) | Open::PipeListener { .. } => { return Err(Error::new(ErrorKind::Unsupported)); } Open::Stdio(which) => {	https://github.com/PerryTS/turnloop/blob/a0fbb1bf9a100bb3215219f54301b9ee82ffe71f/crates/turnloop/src/backend/wasi_p2.rs#L412
crates/turnloop/src/backend/wasi_p2.rs	443	unsupported	return Err(Error::new(ErrorKind::Unsupported));	STILL TRUE — intentional capability/error mapping	Current WASI reuse-port/process/signal/IPC/local-address-on-stdio or source-less Forever wait restriction; basic TCP/UDP/stdio still supported. Basic p3 DNS/files omissions documented separately.	}; if reuse { return Err(Error::new(ErrorKind::Unsupported)); } let family = if addr.is_ipv4() {	https://github.com/PerryTS/turnloop/blob/a0fbb1bf9a100bb3215219f54301b9ee82ffe71f/crates/turnloop/src/backend/wasi_p2.rs#L443
crates/turnloop/src/backend/wasi_p2.rs	501	unsupported	Socket::Stdio => return Err(Error::new(ErrorKind::Unsupported)),	STILL TRUE — intentional capability/error mapping	Current WASI reuse-port/process/signal/IPC/local-address-on-stdio or source-less Forever wait restriction; basic TCP/UDP/stdio still supported. Basic p3 DNS/files omissions documented separately.	Socket::Tcp(s) => s.local_address(), Socket::Udp(s) => s.local_address(), Socket::Stdio => return Err(Error::new(ErrorKind::Unsupported)), }; a.map(native).map_err(error)	https://github.com/PerryTS/turnloop/blob/a0fbb1bf9a100bb3215219f54301b9ee82ffe71f/crates/turnloop/src/backend/wasi_p2.rs#L501
crates/turnloop/src/backend/wasi_p2.rs	513	unsupported	return Err(Error::new(ErrorKind::Unsupported));	STILL TRUE — intentional capability/error mapping	Current WASI reuse-port/process/signal/IPC/local-address-on-stdio or source-less Forever wait restriction; basic TCP/UDP/stdio still supported. Basic p3 DNS/files omissions documented separately.	| Operation::RecvHandle ) { return Err(Error::new(ErrorKind::Unsupported)); } let h = request.handle;	https://github.com/PerryTS/turnloop/blob/a0fbb1bf9a100bb3215219f54301b9ee82ffe71f/crates/turnloop/src/backend/wasi_p2.rs#L513
crates/turnloop/src/backend/wasi_p2.rs	662	unsupported	return Err(Error::new(ErrorKind::Unsupported));	STILL TRUE — intentional capability/error mapping	Current WASI reuse-port/process/signal/IPC/local-address-on-stdio or source-less Forever wait restriction; basic TCP/UDP/stdio still supported. Basic p3 DNS/files omissions documented separately.	if self.handles.is_empty() { // No native source can ever wake a Forever wait on this single agent. return Err(Error::new(ErrorKind::Unsupported)); } abi::poll(&self.handles, &mut self.poll_storage, &mut self.indices);	https://github.com/PerryTS/turnloop/blob/a0fbb1bf9a100bb3215219f54301b9ee82ffe71f/crates/turnloop/src/backend/wasi_p2.rs#L662
crates/turnloop/src/backend/wasi_p2.rs	694	unsupported	Err(Error::new(ErrorKind::Unsupported))	STILL TRUE — single-agent transfer limit	WASI detach unsupported; native cross-thread transfer does not demonstrate component transfer. I10.	} fn detach(&mut self, _h: Handle) -> Result<Detached> { Err(Error::new(ErrorKind::Unsupported)) } fn attach(&mut self, h: Handle, transport: Detached) -> Result<()> {	https://github.com/PerryTS/turnloop/blob/a0fbb1bf9a100bb3215219f54301b9ee82ffe71f/crates/turnloop/src/backend/wasi_p2.rs#L694
crates/turnloop/src/backend/wasi_p2.rs	714	unsupported	| Operation::RecvHandle => Err(Error::new(ErrorKind::Unsupported)),	STILL TRUE — intentional capability/error mapping	Current WASI reuse-port/process/signal/IPC/local-address-on-stdio or source-less Forever wait restriction; basic TCP/UDP/stdio still supported. Basic p3 DNS/files omissions documented separately.	| Operation::WatchSignal | Operation::SendHandle(_) | Operation::RecvHandle => Err(Error::new(ErrorKind::Unsupported)), Operation::Connect => { let Socket::Tcp(socket) = &t.socket else {	https://github.com/PerryTS/turnloop/blob/a0fbb1bf9a100bb3215219f54301b9ee82ffe71f/crates/turnloop/src/backend/wasi_p2.rs#L714
crates/turnloop/src/backend/wasi_p3.rs	187	unsupported	ErrorCode::NotSupported => ErrorKind::Unsupported,	STILL TRUE — intentional capability/error mapping	Current WASI reuse-port/process/signal/IPC/local-address-on-stdio or source-less Forever wait restriction; basic TCP/UDP/stdio still supported. Basic p3 DNS/files omissions documented separately.	fn error(e: ErrorCode) -> Error { Error::new(match e { ErrorCode::NotSupported => ErrorKind::Unsupported, ErrorCode::InvalidArgument | ErrorCode::InvalidState => ErrorKind::InvalidInput, ErrorCode::ConnectionRefused => ErrorKind::ConnectionRefused,	https://github.com/PerryTS/turnloop/blob/a0fbb1bf9a100bb3215219f54301b9ee82ffe71f/crates/turnloop/src/backend/wasi_p3.rs#L187
crates/turnloop/src/backend/wasi_p3.rs	366	unsupported	return Err(Error::new(ErrorKind::Unsupported));	STILL TRUE — intentional capability/error mapping	Current WASI reuse-port/process/signal/IPC/local-address-on-stdio or source-less Forever wait restriction; basic TCP/UDP/stdio still supported. Basic p3 DNS/files omissions documented separately.	let (addr, kind, reuse, backlog) = match spec { Open::Pipe(_) | Open::PipeListener { .. } => { return Err(Error::new(ErrorKind::Unsupported)); } Open::Stdio(which) => {	https://github.com/PerryTS/turnloop/blob/a0fbb1bf9a100bb3215219f54301b9ee82ffe71f/crates/turnloop/src/backend/wasi_p3.rs#L366
crates/turnloop/src/backend/wasi_p3.rs	415	unsupported	return Err(Error::new(ErrorKind::Unsupported));	STILL TRUE — intentional capability/error mapping	Current WASI reuse-port/process/signal/IPC/local-address-on-stdio or source-less Forever wait restriction; basic TCP/UDP/stdio still supported. Basic p3 DNS/files omissions documented separately.	}; if reuse { return Err(Error::new(ErrorKind::Unsupported)); } let family = if addr.is_ipv4() {	https://github.com/PerryTS/turnloop/blob/a0fbb1bf9a100bb3215219f54301b9ee82ffe71f/crates/turnloop/src/backend/wasi_p3.rs#L415
crates/turnloop/src/backend/wasi_p3.rs	454	unsupported	Socket::Stdio => return Err(Error::new(ErrorKind::Unsupported)),	STILL TRUE — intentional capability/error mapping	Current WASI reuse-port/process/signal/IPC/local-address-on-stdio or source-less Forever wait restriction; basic TCP/UDP/stdio still supported. Basic p3 DNS/files omissions documented separately.	Socket::Tcp(s) => s.get_local_address(), Socket::Udp(s) => s.get_local_address(), Socket::Stdio => return Err(Error::new(ErrorKind::Unsupported)), } .map(native)	https://github.com/PerryTS/turnloop/blob/a0fbb1bf9a100bb3215219f54301b9ee82ffe71f/crates/turnloop/src/backend/wasi_p3.rs#L454
crates/turnloop/src/backend/wasi_p3.rs	467	unsupported	return Err(Error::new(ErrorKind::Unsupported));	STILL TRUE — intentional capability/error mapping	Current WASI reuse-port/process/signal/IPC/local-address-on-stdio or source-less Forever wait restriction; basic TCP/UDP/stdio still supported. Basic p3 DNS/files omissions documented separately.	| Operation::RecvHandle ) { return Err(Error::new(ErrorKind::Unsupported)); } let h = request.handle;	https://github.com/PerryTS/turnloop/blob/a0fbb1bf9a100bb3215219f54301b9ee82ffe71f/crates/turnloop/src/backend/wasi_p3.rs#L467
crates/turnloop/src/backend/wasi_p3.rs	575	unsupported	return Err(Error::new(ErrorKind::Unsupported));	STILL TRUE — intentional capability/error mapping	Current WASI reuse-port/process/signal/IPC/local-address-on-stdio or source-less Forever wait restriction; basic TCP/UDP/stdio still supported. Basic p3 DNS/files omissions documented separately.	&& !self.ops.iter().flatten().any(|p| p.wait.is_some()) { return Err(Error::new(ErrorKind::Unsupported)); } if !blocking && self.ops.iter().flatten().any(|p| p.wait.is_some()) {	https://github.com/PerryTS/turnloop/blob/a0fbb1bf9a100bb3215219f54301b9ee82ffe71f/crates/turnloop/src/backend/wasi_p3.rs#L575
crates/turnloop/src/backend/wasi_p3.rs	629	unsupported	Err(Error::new(ErrorKind::Unsupported))	STILL TRUE — single-agent transfer limit	WASI detach unsupported; native cross-thread transfer does not demonstrate component transfer. I10.	} fn detach(&mut self, _: Handle) -> Result<Detached> { Err(Error::new(ErrorKind::Unsupported)) } fn attach(&mut self, h: Handle, transport: Detached) -> Result<()> {	https://github.com/PerryTS/turnloop/blob/a0fbb1bf9a100bb3215219f54301b9ee82ffe71f/crates/turnloop/src/backend/wasi_p3.rs#L629
crates/turnloop/src/backend/wasi_p3.rs	839	unsupported	| Operation::RecvHandle => return Err(Error::new(ErrorKind::Unsupported)),	STILL TRUE — intentional capability/error mapping	Current WASI reuse-port/process/signal/IPC/local-address-on-stdio or source-less Forever wait restriction; basic TCP/UDP/stdio still supported. Basic p3 DNS/files omissions documented separately.	| Operation::WatchSignal | Operation::SendHandle(_) | Operation::RecvHandle => return Err(Error::new(ErrorKind::Unsupported)), Operation::Connect => { let Socket::Tcp(s) = &t.socket else {	https://github.com/PerryTS/turnloop/blob/a0fbb1bf9a100bb3215219f54301b9ee82ffe71f/crates/turnloop/src/backend/wasi_p3.rs#L839
crates/turnloop/src/backend/wasi_p3/return_storage.rs	7	cfg-selection	#[cfg(not(debug_assertions))]	STILL TRUE — debug/release split	W3 runs both; canonical allocation reuse and allocator tests are release-only; debug semantics passing is not debug zero-allocation proof. I04.	use std::{ops::Deref, rc::Rc};  #[cfg(not(debug_assertions))] mod retained { use std::{	https://github.com/PerryTS/turnloop/blob/a0fbb1bf9a100bb3215219f54301b9ee82ffe71f/crates/turnloop/src/backend/wasi_p3/return_storage.rs#L7
crates/turnloop/src/backend/wasi_p3/return_storage.rs	154	cfg-selection	#[cfg(not(debug_assertions))]	STILL TRUE — debug/release split	W3 runs both; canonical allocation reuse and allocator tests are release-only; debug semantics passing is not debug zero-allocation proof. I04.	} } #[cfg(not(debug_assertions))] pub use retained::{Arena, Reservation, scoped}; 	https://github.com/PerryTS/turnloop/blob/a0fbb1bf9a100bb3215219f54301b9ee82ffe71f/crates/turnloop/src/backend/wasi_p3/return_storage.rs#L154
crates/turnloop/src/backend/wasi_p3/return_storage.rs	157	cfg-selection	#[cfg(debug_assertions)]	STILL TRUE — debug/release split	W3 runs both; canonical allocation reuse and allocator tests are release-only; debug semantics passing is not debug zero-allocation proof. I04.	pub use retained::{Arena, Reservation, scoped};  #[cfg(debug_assertions)] pub struct Arena; #[cfg(debug_assertions)]	https://github.com/PerryTS/turnloop/blob/a0fbb1bf9a100bb3215219f54301b9ee82ffe71f/crates/turnloop/src/backend/wasi_p3/return_storage.rs#L157
crates/turnloop/src/backend/wasi_p3/return_storage.rs	159	cfg-selection	#[cfg(debug_assertions)]	STILL TRUE — debug/release split	W3 runs both; canonical allocation reuse and allocator tests are release-only; debug semantics passing is not debug zero-allocation proof. I04.	#[cfg(debug_assertions)] pub struct Arena; #[cfg(debug_assertions)] #[derive(Debug)] pub struct Reservation;	https://github.com/PerryTS/turnloop/blob/a0fbb1bf9a100bb3215219f54301b9ee82ffe71f/crates/turnloop/src/backend/wasi_p3/return_storage.rs#L159
crates/turnloop/src/backend/wasi_p3/return_storage.rs	162	cfg-selection	#[cfg(debug_assertions)]	STILL TRUE — debug/release split	W3 runs both; canonical allocation reuse and allocator tests are release-only; debug semantics passing is not debug zero-allocation proof. I04.	#[derive(Debug)] pub struct Reservation; #[cfg(debug_assertions)] impl Arena { pub fn shared() -> Rc<Self> {	https://github.com/PerryTS/turnloop/blob/a0fbb1bf9a100bb3215219f54301b9ee82ffe71f/crates/turnloop/src/backend/wasi_p3/return_storage.rs#L162
crates/turnloop/src/backend/wasi_p3/return_storage.rs	171	cfg-selection	#[cfg(debug_assertions)]	STILL TRUE — debug/release split	W3 runs both; canonical allocation reuse and allocator tests are release-only; debug semantics passing is not debug zero-allocation proof. I04.	} } #[cfg(debug_assertions)] pub fn scoped<T>(f: impl FnOnce() -> T) -> T { f()	https://github.com/PerryTS/turnloop/blob/a0fbb1bf9a100bb3215219f54301b9ee82ffe71f/crates/turnloop/src/backend/wasi_p3/return_storage.rs#L171
crates/turnloop/src/backend/wasi_p3/return_storage.rs	178	cfg-selection	#[cfg(not(debug_assertions))]	STILL TRUE — debug/release split	W3 runs both; canonical allocation reuse and allocator tests are release-only; debug semantics passing is not debug zero-allocation proof. I04.	pub enum ReturnBytes { Heap(Vec<u8>), #[cfg(not(debug_assertions))] Retained { arena: Rc<Arena>,	https://github.com/PerryTS/turnloop/blob/a0fbb1bf9a100bb3215219f54301b9ee82ffe71f/crates/turnloop/src/backend/wasi_p3/return_storage.rs#L178
crates/turnloop/src/backend/wasi_p3/return_storage.rs	197	cfg-selection	#[cfg(not(debug_assertions))]	STILL TRUE — debug/release split	W3 runs both; canonical allocation reuse and allocator tests are release-only; debug semantics passing is not debug zero-allocation proof. I04.	return Self::Heap(Vec::new()); } #[cfg(not(debug_assertions))] { let arena = Arena::shared();	https://github.com/PerryTS/turnloop/blob/a0fbb1bf9a100bb3215219f54301b9ee82ffe71f/crates/turnloop/src/backend/wasi_p3/return_storage.rs#L197
crates/turnloop/src/backend/wasi_p3/return_storage.rs	218	cfg-selection	#[cfg(not(debug_assertions))]	STILL TRUE — debug/release split	W3 runs both; canonical allocation reuse and allocator tests are release-only; debug semantics passing is not debug zero-allocation proof. I04.	match self { Self::Heap(bytes) => bytes, #[cfg(not(debug_assertions))] Self::Retained { ptr, len, .. } => { // SAFETY: the owned busy slot stays allocated and cannot be	https://github.com/PerryTS/turnloop/blob/a0fbb1bf9a100bb3215219f54301b9ee82ffe71f/crates/turnloop/src/backend/wasi_p3/return_storage.rs#L218
crates/turnloop/src/backend/wasi_p3/return_storage.rs	229	cfg-selection	#[cfg(not(debug_assertions))]	STILL TRUE — debug/release split	W3 runs both; canonical allocation reuse and allocator tests are release-only; debug semantics passing is not debug zero-allocation proof. I04.	impl Drop for ReturnBytes { fn drop(&mut self) { #[cfg(not(debug_assertions))] if let Self::Retained { arena, index, .. } = self { arena.release(*index);	https://github.com/PerryTS/turnloop/blob/a0fbb1bf9a100bb3215219f54301b9ee82ffe71f/crates/turnloop/src/backend/wasi_p3/return_storage.rs#L229
crates/turnloop/src/backend/wasi_p3/return_storage.rs	236	cfg-selection	#[cfg(all(test, not(debug_assertions)))]	STILL TRUE — debug/release split	W3 runs both; canonical allocation reuse and allocator tests are release-only; debug semantics passing is not debug zero-allocation proof. I04.	}  #[cfg(all(test, not(debug_assertions)))] mod tests { use super::*;	https://github.com/PerryTS/turnloop/blob/a0fbb1bf9a100bb3215219f54301b9ee82ffe71f/crates/turnloop/src/backend/wasi_p3/return_storage.rs#L236
crates/turnloop/src/backend/web.rs	40	cfg-selection	"#[cfg(feature = ""web-worker"")]"	STILL TRUE — core feature/platform selection	N native/default/executor/fallbacks; W2/W3, WEB; MODEL production cfg(loom) and timer/table Miri. Build selection alone does not verify non-CI targets; see platform matrix. I04/I09/I12 as applicable.	"fn dispose(id: u32); fn schedules(id: u32) -> u32; #[cfg(feature = ""web-worker"")] #[wasm_bindgen(js_name=workerSupported)] fn worker_supported() -> bool;"	https://github.com/PerryTS/turnloop/blob/a0fbb1bf9a100bb3215219f54301b9ee82ffe71f/crates/turnloop/src/backend/web.rs#L40
crates/turnloop/src/backend/web.rs	43	cfg-selection	"#[cfg(feature = ""web-worker"")]"	STILL TRUE — core feature/platform selection	N native/default/executor/fallbacks; W2/W3, WEB; MODEL production cfg(loom) and timer/table Miri. Build selection alone does not verify non-CI targets; see platform matrix. I04/I09/I12 as applicable.	"#[wasm_bindgen(js_name=workerSupported)] fn worker_supported() -> bool; #[cfg(feature = ""web-worker"")] #[wasm_bindgen(js_name=workerPending)] fn worker_pending(id: u32) -> bool;"	https://github.com/PerryTS/turnloop/blob/a0fbb1bf9a100bb3215219f54301b9ee82ffe71f/crates/turnloop/src/backend/web.rs#L43
crates/turnloop/src/backend/web.rs	46	cfg-selection	"#[cfg(feature = ""web-worker"")]"	STILL TRUE — core feature/platform selection	N native/default/executor/fallbacks; W2/W3, WEB; MODEL production cfg(loom) and timer/table Miri. Build selection alone does not verify non-CI targets; see platform matrix. I04/I09/I12 as applicable.	"#[wasm_bindgen(js_name=workerPending)] fn worker_pending(id: u32) -> bool; #[cfg(feature = ""web-worker"")] #[wasm_bindgen(catch, js_name=attachWorker)] fn attach_worker("	https://github.com/PerryTS/turnloop/blob/a0fbb1bf9a100bb3215219f54301b9ee82ffe71f/crates/turnloop/src/backend/web.rs#L46
crates/turnloop/src/backend/web.rs	53	cfg-selection	"#[cfg(feature = ""web-worker"")]"	STILL TRUE — core feature/platform selection	N native/default/executor/fallbacks; W2/W3, WEB; MODEL production cfg(loom) and timer/table Miri. Build selection alone does not verify non-CI targets; see platform matrix. I04/I09/I12 as applicable.	"accept: &Function, ) -> std::result::Result<JsValue, JsValue>; #[cfg(feature = ""web-worker"")] #[wasm_bindgen(catch, js_name=attachCondition)] fn attach_condition("	https://github.com/PerryTS/turnloop/blob/a0fbb1bf9a100bb3215219f54301b9ee82ffe71f/crates/turnloop/src/backend/web.rs#L53
crates/turnloop/src/backend/web.rs	95	cfg-selection	"#[cfg(feature = ""web-worker"")]"	STILL TRUE — core feature/platform selection	N native/default/executor/fallbacks; W2/W3, WEB; MODEL production cfg(loom) and timer/table Miri. Build selection alone does not verify non-CI targets; see platform matrix. I04/I09/I12 as applicable.	"pool: BufferPool, failure: Option<Error>, #[cfg(feature = ""web-worker"")] worker: Option<Closure<dyn FnMut(u64, u64) -> bool>>, #[cfg(feature = ""web-worker"")]"	https://github.com/PerryTS/turnloop/blob/a0fbb1bf9a100bb3215219f54301b9ee82ffe71f/crates/turnloop/src/backend/web.rs#L95
crates/turnloop/src/backend/web.rs	97	cfg-selection	"#[cfg(feature = ""web-worker"")]"	STILL TRUE — core feature/platform selection	N native/default/executor/fallbacks; W2/W3, WEB; MODEL production cfg(loom) and timer/table Miri. Build selection alone does not verify non-CI targets; see platform matrix. I04/I09/I12 as applicable.	"#[cfg(feature = ""web-worker"")] worker: Option<Closure<dyn FnMut(u64, u64) -> bool>>, #[cfg(feature = ""web-worker"")] conditions: Vec<Closure<dyn FnMut(u64, u64) -> bool>>, }"	https://github.com/PerryTS/turnloop/blob/a0fbb1bf9a100bb3215219f54301b9ee82ffe71f/crates/turnloop/src/backend/web.rs#L97
crates/turnloop/src/backend/web.rs	108	cfg-selection	"#[cfg(feature = ""web-worker"")]"	STILL TRUE — core feature/platform selection	N native/default/executor/fallbacks; W2/W3, WEB; MODEL production cfg(loom) and timer/table Miri. Build selection alone does not verify non-CI targets; see platform matrix. I04/I09/I12 as applicable.	"schedules(self.id) } #[cfg(feature = ""web-worker"")] pub(crate) fn worker_poster(&mut self, capacity: u32, poster: Poster) -> Result<JsValue> { if !worker_supported() {"	https://github.com/PerryTS/turnloop/blob/a0fbb1bf9a100bb3215219f54301b9ee82ffe71f/crates/turnloop/src/backend/web.rs#L108
crates/turnloop/src/backend/web.rs	111	unsupported	return Err(Error::new(ErrorKind::Unsupported));	STILL TRUE — design gap	Worker API requires isolation/SAB support; no postMessage fallback. I07.	pub(crate) fn worker_poster(&mut self, capacity: u32, poster: Poster) -> Result<JsValue> { if !worker_supported() { return Err(Error::new(ErrorKind::Unsupported)); } if self.worker.is_some()	https://github.com/PerryTS/turnloop/blob/a0fbb1bf9a100bb3215219f54301b9ee82ffe71f/crates/turnloop/src/backend/web.rs#L111
crates/turnloop/src/backend/web.rs	128	cfg-selection	"#[cfg(feature = ""web-worker"")]"	STILL TRUE — core feature/platform selection	N native/default/executor/fallbacks; W2/W3, WEB; MODEL production cfg(loom) and timer/table Miri. Build selection alone does not verify non-CI targets; see platform matrix. I04/I09/I12 as applicable.	"Ok(descriptor) } #[cfg(feature = ""web-worker"")] pub(crate) fn worker_condition( &mut self,"	https://github.com/PerryTS/turnloop/blob/a0fbb1bf9a100bb3215219f54301b9ee82ffe71f/crates/turnloop/src/backend/web.rs#L128
crates/turnloop/src/backend/web.rs	135	unsupported	return Err(Error::new(ErrorKind::Unsupported));	STILL TRUE — design gap	Worker API requires isolation/SAB support; no postMessage fallback. I07.	) -> Result<JsValue> { if !worker_supported() { return Err(Error::new(ErrorKind::Unsupported)); } if capacity == 0 || !capacity.is_power_of_two() || capacity > 1_048_576 {	https://github.com/PerryTS/turnloop/blob/a0fbb1bf9a100bb3215219f54301b9ee82ffe71f/crates/turnloop/src/backend/web.rs#L135
crates/turnloop/src/backend/web.rs	157	cfg-selection	"#[cfg(feature = ""web-worker"")]"	STILL TRUE — core feature/platform selection	N native/default/executor/fallbacks; W2/W3, WEB; MODEL production cfg(loom) and timer/table Miri. Build selection alone does not verify non-CI targets; see platform matrix. I04/I09/I12 as applicable.	"} fn worker_has_work(&self) -> bool { #[cfg(feature = ""web-worker"")] { worker_pending(self.id)"	https://github.com/PerryTS/turnloop/blob/a0fbb1bf9a100bb3215219f54301b9ee82ffe71f/crates/turnloop/src/backend/web.rs#L157
crates/turnloop/src/backend/web.rs	161	cfg-selection	"#[cfg(not(feature = ""web-worker""))]"	STILL TRUE — core feature/platform selection	N native/default/executor/fallbacks; W2/W3, WEB; MODEL production cfg(loom) and timer/table Miri. Build selection alone does not verify non-CI targets; see platform matrix. I04/I09/I12 as applicable.	"worker_pending(self.id) } #[cfg(not(feature = ""web-worker""))] { false"	https://github.com/PerryTS/turnloop/blob/a0fbb1bf9a100bb3215219f54301b9ee82ffe71f/crates/turnloop/src/backend/web.rs#L161
crates/turnloop/src/backend/web.rs	195	cfg-selection	"#[cfg(feature = ""web-worker"")]"	STILL TRUE — core feature/platform selection	N native/default/executor/fallbacks; W2/W3, WEB; MODEL production cfg(loom) and timer/table Miri. Build selection alone does not verify non-CI targets; see platform matrix. I04/I09/I12 as applicable.	"pool, failure: None, #[cfg(feature = ""web-worker"")] worker: None, #[cfg(feature = ""web-worker"")]"	https://github.com/PerryTS/turnloop/blob/a0fbb1bf9a100bb3215219f54301b9ee82ffe71f/crates/turnloop/src/backend/web.rs#L195
crates/turnloop/src/backend/web.rs	197	cfg-selection	"#[cfg(feature = ""web-worker"")]"	STILL TRUE — core feature/platform selection	N native/default/executor/fallbacks; W2/W3, WEB; MODEL production cfg(loom) and timer/table Miri. Build selection alone does not verify non-CI targets; see platform matrix. I04/I09/I12 as applicable.	"#[cfg(feature = ""web-worker"")] worker: None, #[cfg(feature = ""web-worker"")] conditions: Vec::new(), })"	https://github.com/PerryTS/turnloop/blob/a0fbb1bf9a100bb3215219f54301b9ee82ffe71f/crates/turnloop/src/backend/web.rs#L197
crates/turnloop/src/backend/web.rs	208	unsupported	Err(Error::new(ErrorKind::Unsupported))	STILL TRUE — intentional platform restriction	Now-only turn, no raw sockets/OS processes/signals/local address/IPC. WEB tests rejection; no invented native browser capability.	Ok(()) } else { Err(Error::new(ErrorKind::Unsupported)) } }	https://github.com/PerryTS/turnloop/blob/a0fbb1bf9a100bb3215219f54301b9ee82ffe71f/crates/turnloop/src/backend/web.rs#L208
crates/turnloop/src/backend/web.rs	226	unsupported	_ => return Err(Error::new(ErrorKind::Unsupported)),	STILL TRUE — intentional platform restriction	Now-only turn, no raw sockets/OS processes/signals/local address/IPC. WEB tests rejection; no invented native browser capability.	Open::Fetch { url } => (1, url), Open::WebSocket { url } => (2, url), _ => return Err(Error::new(ErrorKind::Unsupported)), }; if self.resources.get(h.index()).is_none_or(Option::is_some) {	https://github.com/PerryTS/turnloop/blob/a0fbb1bf9a100bb3215219f54301b9ee82ffe71f/crates/turnloop/src/backend/web.rs#L226
crates/turnloop/src/backend/web.rs	236	unsupported	Err(Error::new(ErrorKind::Unsupported))	STILL TRUE — intentional platform restriction	Now-only turn, no raw sockets/OS processes/signals/local address/IPC. WEB tests rejection; no invented native browser capability.	} fn local_addr(&self, _: Handle) -> Result<SocketAddr> { Err(Error::new(ErrorKind::Unsupported)) } fn submit(&mut self, request: Request) -> Result<()> {	https://github.com/PerryTS/turnloop/blob/a0fbb1bf9a100bb3215219f54301b9ee82ffe71f/crates/turnloop/src/backend/web.rs#L236
crates/turnloop/src/backend/web.rs	246	unsupported	return Err(Error::new(ErrorKind::Unsupported));	STILL TRUE — intentional platform restriction	Now-only turn, no raw sockets/OS processes/signals/local address/IPC. WEB tests rejection; no invented native browser capability.	| Operation::RecvHandle ) { return Err(Error::new(ErrorKind::Unsupported)); } let r = self.resource(request.handle)?;	https://github.com/PerryTS/turnloop/blob/a0fbb1bf9a100bb3215219f54301b9ee82ffe71f/crates/turnloop/src/backend/web.rs#L246
crates/turnloop/src/backend/web.rs	274	unsupported	_ => return Err(Error::new(ErrorKind::Unsupported)),	STILL TRUE — limited web surface	Multishot reads/writev/fetch writes unsupported; one read and host WS frame interface only. General streams missing. I07.	} Operation::Shutdown if r.kind == 2 => (4, JsValue::UNDEFINED), _ => return Err(Error::new(ErrorKind::Unsupported)), }; submit(	https://github.com/PerryTS/turnloop/blob/a0fbb1bf9a100bb3215219f54301b9ee82ffe71f/crates/turnloop/src/backend/web.rs#L274
crates/turnloop/src/backend/web.rs	320	unsupported	return Err(Error::new(ErrorKind::Unsupported));	STILL TRUE — intentional platform restriction	Now-only turn, no raw sockets/OS processes/signals/local address/IPC. WEB tests rejection; no invented native browser capability.	) -> Result<PollInfo> { if timeout != Some(Duration::ZERO) { return Err(Error::new(ErrorKind::Unsupported)); } if let Some(e) = self.failure.take() {	https://github.com/PerryTS/turnloop/blob/a0fbb1bf9a100bb3215219f54301b9ee82ffe71f/crates/turnloop/src/backend/web.rs#L320
crates/turnloop/src/backend/web.rs	401	unsupported	Err(Error::new(ErrorKind::Unsupported))	STILL TRUE — single-agent transfer limit	No resource detach; complete per-worker routing/transfer policy unresolved. I07/I10.	} fn detach(&mut self, _: Handle) -> Result<Detached> { Err(Error::new(ErrorKind::Unsupported)) } fn attach(&mut self, _: Handle, transport: Detached) -> Result<()> {	https://github.com/PerryTS/turnloop/blob/a0fbb1bf9a100bb3215219f54301b9ee82ffe71f/crates/turnloop/src/backend/web.rs#L401
crates/turnloop/src/backend/web/host.js	67	unsupported	else throw new Error('unsupported operation');	STILL TRUE — capability/error handling	Read enclosing branch: includes enum/error mappings and capability documentation, not automatically a missing supported operation. DESIGN_AUDIT.md classifies actual gaps.	} else if(kind===3) {r.socket.send(bytes);queueMicrotask(()=>finish(id,op,3,bytes.length));} else if(kind===4) {r.socket.close();queueMicrotask(()=>finish(id,op,4));} else throw new Error('unsupported operation'); } catch(error) {h.ops[index]=null;if(r.reader===op)r.reader=null;throw error;} }	https://github.com/PerryTS/turnloop/blob/a0fbb1bf9a100bb3215219f54301b9ee82ffe71f/crates/turnloop/src/backend/web/host.js#L67
crates/turnloop/src/blocking.rs	68	cfg-selection	"#[cfg(target_arch = ""wasm32"")]"	STILL TRUE — core feature/platform selection	N native/default/executor/fallbacks; W2/W3, WEB; MODEL production cfg(loom) and timer/table Miri. Build selection alone does not verify non-CI targets; see platform matrix. I04/I09/I12 as applicable.	"// The owning agent is already collecting this result. Do not leave a stale // notification that would turn its next future deadline into a Now poll. #[cfg(target_arch = ""wasm32"")] pub(crate) fn complete_during_turn(&self, result: WorkResult) { if !self.closed.load(Ordering::Acquire) {"	https://github.com/PerryTS/turnloop/blob/a0fbb1bf9a100bb3215219f54301b9ee82ffe71f/crates/turnloop/src/blocking.rs#L68
crates/turnloop/src/blocking.rs	90	cfg-selection	"#[cfg(any(turnloop_backend = ""kqueue"", turnloop_backend = ""epoll""))]"	STILL TRUE — core feature/platform selection	N native/default/executor/fallbacks; W2/W3, WEB; MODEL production cfg(loom) and timer/table Miri. Build selection alone does not verify non-CI targets; see platform matrix. I04/I09/I12 as applicable.	"} } #[cfg(any(turnloop_backend = ""kqueue"", turnloop_backend = ""epoll""))] pub(crate) trait ReusableWork: Send + Sync { fn run(&self);"	https://github.com/PerryTS/turnloop/blob/a0fbb1bf9a100bb3215219f54301b9ee82ffe71f/crates/turnloop/src/blocking.rs#L90
crates/turnloop/src/blocking.rs	94	cfg-selection	"#[cfg(not(target_arch = ""wasm32""))]"	STILL TRUE — core feature/platform selection	N native/default/executor/fallbacks; W2/W3, WEB; MODEL production cfg(loom) and timer/table Miri. Build selection alone does not verify non-CI targets; see platform matrix. I04/I09/I12 as applicable.	"fn run(&self); } #[cfg(not(target_arch = ""wasm32""))] mod native { use super::*;"	https://github.com/PerryTS/turnloop/blob/a0fbb1bf9a100bb3215219f54301b9ee82ffe71f/crates/turnloop/src/blocking.rs#L94
crates/turnloop/src/blocking.rs	111	cfg-selection	"#[cfg(any(turnloop_backend = ""kqueue"", turnloop_backend = ""epoll""))]"	STILL TRUE — core feature/platform selection	N native/default/executor/fallbacks; W2/W3, WEB; MODEL production cfg(loom) and timer/table Miri. Build selection alone does not verify non-CI targets; see platform matrix. I04/I09/I12 as applicable.	"enum Task { Boxed(Job), #[cfg(any(turnloop_backend = ""kqueue"", turnloop_backend = ""epoll""))] Reusable(Arc<dyn ReusableWork>), }"	https://github.com/PerryTS/turnloop/blob/a0fbb1bf9a100bb3215219f54301b9ee82ffe71f/crates/turnloop/src/blocking.rs#L111
crates/turnloop/src/blocking.rs	153	cfg-selection	"#[cfg(not(any(turnloop_backend = ""kqueue"", turnloop_backend = ""epoll"")))]"	STILL TRUE — core feature/platform selection	N native/default/executor/fallbacks; W2/W3, WEB; MODEL production cfg(loom) and timer/table Miri. Build selection alone does not verify non-CI targets; see platform matrix. I04/I09/I12 as applicable.	"jobs.pop_front().expect(""nonempty job queue"") }; #[cfg(not(any(turnloop_backend = ""kqueue"", turnloop_backend = ""epoll"")))] let Task::Boxed(job) = job; #[cfg(any(turnloop_backend = ""kqueue"", turnloop_backend = ""epoll""))]"	https://github.com/PerryTS/turnloop/blob/a0fbb1bf9a100bb3215219f54301b9ee82ffe71f/crates/turnloop/src/blocking.rs#L153
crates/turnloop/src/blocking.rs	155	cfg-selection	"#[cfg(any(turnloop_backend = ""kqueue"", turnloop_backend = ""epoll""))]"	STILL TRUE — core feature/platform selection	N native/default/executor/fallbacks; W2/W3, WEB; MODEL production cfg(loom) and timer/table Miri. Build selection alone does not verify non-CI targets; see platform matrix. I04/I09/I12 as applicable.	"#[cfg(not(any(turnloop_backend = ""kqueue"", turnloop_backend = ""epoll"")))] let Task::Boxed(job) = job; #[cfg(any(turnloop_backend = ""kqueue"", turnloop_backend = ""epoll""))] let job = match job { Task::Boxed(job) => job,"	https://github.com/PerryTS/turnloop/blob/a0fbb1bf9a100bb3215219f54301b9ee82ffe71f/crates/turnloop/src/blocking.rs#L155
crates/turnloop/src/blocking.rs	158	cfg-selection	"#[cfg(any(turnloop_backend = ""kqueue"", turnloop_backend = ""epoll""))]"	STILL TRUE — core feature/platform selection	N native/default/executor/fallbacks; W2/W3, WEB; MODEL production cfg(loom) and timer/table Miri. Build selection alone does not verify non-CI targets; see platform matrix. I04/I09/I12 as applicable.	"let job = match job { Task::Boxed(job) => job, #[cfg(any(turnloop_backend = ""kqueue"", turnloop_backend = ""epoll""))] Task::Reusable(work) => { work.run();"	https://github.com/PerryTS/turnloop/blob/a0fbb1bf9a100bb3215219f54301b9ee82ffe71f/crates/turnloop/src/blocking.rs#L158
crates/turnloop/src/blocking.rs	223	cfg-selection	"#[cfg(any(turnloop_backend = ""kqueue"", turnloop_backend = ""epoll""))]"	STILL TRUE — core feature/platform selection	N native/default/executor/fallbacks; W2/W3, WEB; MODEL production cfg(loom) and timer/table Miri. Build selection alone does not verify non-CI targets; see platform matrix. I04/I09/I12 as applicable.	"Ok(()) } #[cfg(any(turnloop_backend = ""kqueue"", turnloop_backend = ""epoll""))] pub(crate) fn reusable(config: PoolConfig, work: Arc<dyn ReusableWork>) -> Result<()> { if config.threads == 0 || config.queue_capacity == 0 {"	https://github.com/PerryTS/turnloop/blob/a0fbb1bf9a100bb3215219f54301b9ee82ffe71f/crates/turnloop/src/blocking.rs#L223
crates/turnloop/src/blocking.rs	255	cfg-selection	"#[cfg(not(target_arch = ""wasm32""))]"	STILL TRUE — core feature/platform selection	N native/default/executor/fallbacks; W2/W3, WEB; MODEL production cfg(loom) and timer/table Miri. Build selection alone does not verify non-CI targets; see platform matrix. I04/I09/I12 as applicable.	"f: Box<dyn FnOnce() -> Result<WorkOutput> + Send>, ) -> Result<()> { #[cfg(not(target_arch = ""wasm32""))] { native::submit(config, op, cancel, port, f)"	https://github.com/PerryTS/turnloop/blob/a0fbb1bf9a100bb3215219f54301b9ee82ffe71f/crates/turnloop/src/blocking.rs#L255
crates/turnloop/src/blocking.rs	259	cfg-selection	"#[cfg(target_arch = ""wasm32"")]"	STILL TRUE — core feature/platform selection	N native/default/executor/fallbacks; W2/W3, WEB; MODEL production cfg(loom) and timer/table Miri. Build selection alone does not verify non-CI targets; see platform matrix. I04/I09/I12 as applicable.	"native::submit(config, op, cancel, port, f) } #[cfg(target_arch = ""wasm32"")] { let _ = (config, op, cancel, port, f);"	https://github.com/PerryTS/turnloop/blob/a0fbb1bf9a100bb3215219f54301b9ee82ffe71f/crates/turnloop/src/blocking.rs#L259
crates/turnloop/src/blocking.rs	262	unsupported	Err(Error::new(ErrorKind::Unsupported))	STILL TRUE — design gap	All wasm generic jobs rejected; DESIGN 7.4 promises inline/host async jobs. I09.	{ let _ = (config, op, cancel, port, f); Err(Error::new(ErrorKind::Unsupported)) } }	https://github.com/PerryTS/turnloop/blob/a0fbb1bf9a100bb3215219f54301b9ee82ffe71f/crates/turnloop/src/blocking.rs#L262
crates/turnloop/src/blocking.rs	285	cfg-selection	#[cfg(all(test, loom))]	STILL TRUE — core feature/platform selection	N native/default/executor/fallbacks; W2/W3, WEB; MODEL production cfg(loom) and timer/table Miri. Build selection alone does not verify non-CI targets; see platform matrix. I04/I09/I12 as applicable.	}  #[cfg(all(test, loom))] mod models { use super::*;	https://github.com/PerryTS/turnloop/blob/a0fbb1bf9a100bb3215219f54301b9ee82ffe71f/crates/turnloop/src/blocking.rs#L285
crates/turnloop/src/blocking.rs	337	cfg-selection	"#[cfg(any(turnloop_backend = ""kqueue"", turnloop_backend = ""epoll""))]"	STILL TRUE — core feature/platform selection	N native/default/executor/fallbacks; W2/W3, WEB; MODEL production cfg(loom) and timer/table Miri. Build selection alone does not verify non-CI targets; see platform matrix. I04/I09/I12 as applicable.	"}  #[cfg(any(turnloop_backend = ""kqueue"", turnloop_backend = ""epoll""))] pub(crate) use native::reusable;"	https://github.com/PerryTS/turnloop/blob/a0fbb1bf9a100bb3215219f54301b9ee82ffe71f/crates/turnloop/src/blocking.rs#L337
crates/turnloop/src/buffer.rs	137	cfg-selection	"#[cfg(any( turnloop_backend = ""kqueue"", turnloop_backend = ""epoll"", turnloop_backend = ""iocp"" ))]"	STILL TRUE — core feature/platform selection	N native/default/executor/fallbacks; W2/W3, WEB; MODEL production cfg(loom) and timer/table Miri. Build selection alone does not verify non-CI targets; see platform matrix. I04/I09/I12 as applicable.	"} } #[cfg(any( turnloop_backend = ""kqueue"", turnloop_backend = ""epoll"","	https://github.com/PerryTS/turnloop/blob/a0fbb1bf9a100bb3215219f54301b9ee82ffe71f/crates/turnloop/src/buffer.rs#L137
crates/turnloop/src/driver.rs	347	cfg-selection	"#[cfg(target_arch = ""wasm32"")]"	STILL TRUE — core feature/platform selection	N native/default/executor/fallbacks; W2/W3, WEB; MODEL production cfg(loom) and timer/table Miri. Build selection alone does not verify non-CI targets; see platform matrix. I04/I09/I12 as applicable.	"(a, b) => a.or(b), }; #[cfg(target_arch = ""wasm32"")] let deadline = match (deadline, crate::external_wait::deadline(self.owner)) { (Some(a), Some(b)) => Some(a.min(b)),"	https://github.com/PerryTS/turnloop/blob/a0fbb1bf9a100bb3215219f54301b9ee82ffe71f/crates/turnloop/src/driver.rs#L347
crates/turnloop/src/driver.rs	756	cfg-selection	"#[cfg(target_arch = ""wasm32"")]"	STILL TRUE — core feature/platform selection	N native/default/executor/fallbacks; W2/W3, WEB; MODEL production cfg(loom) and timer/table Miri. Build selection alone does not verify non-CI targets; see platform matrix. I04/I09/I12 as applicable.	"if op.external_wait { crate::external_wait::cancel(id); #[cfg(target_arch = ""wasm32"")] self.backend.deadline_changed(self.next_deadline()); } else if let Some(cancel) = op.job_cancel {"	https://github.com/PerryTS/turnloop/blob/a0fbb1bf9a100bb3215219f54301b9ee82ffe71f/crates/turnloop/src/driver.rs#L756
crates/turnloop/src/driver.rs	848	cfg-selection	"#[cfg(target_arch = ""wasm32"")]"	STILL TRUE — core feature/platform selection	N native/default/executor/fallbacks; W2/W3, WEB; MODEL production cfg(loom) and timer/table Miri. Build selection alone does not verify non-CI targets; see platform matrix. I04/I09/I12 as applicable.	"return Err(e); } #[cfg(target_arch = ""wasm32"")] self.backend.deadline_changed(self.next_deadline()); Ok(op)"	https://github.com/PerryTS/turnloop/blob/a0fbb1bf9a100bb3215219f54301b9ee82ffe71f/crates/turnloop/src/driver.rs#L848
crates/turnloop/src/driver.rs	868	unsupported	if e.kind == ErrorKind::Unsupported {	STILL TRUE — capability/error handling	Read enclosing branch: includes enum/error mappings and capability documentation, not automatically a missing supported operation. DESIGN_AUDIT.md classifies actual gaps.	self.retire(op); self.outstanding -= 1; if e.kind == ErrorKind::Unsupported { self.submit_work(crate::blocking::resolve(request), token) } else {	https://github.com/PerryTS/turnloop/blob/a0fbb1bf9a100bb3215219f54301b9ee82ffe71f/crates/turnloop/src/driver.rs#L868
crates/turnloop/src/driver.rs	1007	cfg-selection	"#[cfg(target_arch = ""wasm32"")]"	STILL TRUE — core feature/platform selection	N native/default/executor/fallbacks; W2/W3, WEB; MODEL production cfg(loom) and timer/table Miri. Build selection alone does not verify non-CI targets; see platform matrix. I04/I09/I12 as applicable.	"let start = self.backend.now(); self.expire_connects(start)?; #[cfg(target_arch = ""wasm32"")] crate::external_wait::poll(self.owner, start); let deadline = match (timeout.deadline(start), self.next_deadline()) {"	https://github.com/PerryTS/turnloop/blob/a0fbb1bf9a100bb3215219f54301b9ee82ffe71f/crates/turnloop/src/driver.rs#L1007
crates/turnloop/src/driver.rs	1039	cfg-selection	"#[cfg(target_arch = ""wasm32"")]"	STILL TRUE — core feature/platform selection	N native/default/executor/fallbacks; W2/W3, WEB; MODEL production cfg(loom) and timer/table Miri. Build selection alone does not verify non-CI targets; see platform matrix. I04/I09/I12 as applicable.	"let now = self.backend.now(); self.expire_connects(now)?; #[cfg(target_arch = ""wasm32"")] crate::external_wait::poll(self.owner, now); for _ in 0..self.config.events_per_turn {"	https://github.com/PerryTS/turnloop/blob/a0fbb1bf9a100bb3215219f54301b9ee82ffe71f/crates/turnloop/src/driver.rs#L1039
crates/turnloop/src/driver.rs	1144	cfg-selection	"#[cfg(all(test, not(loom), not(turnloop_backend = ""web"")))]"	STILL TRUE — core feature/platform selection	N native/default/executor/fallbacks; W2/W3, WEB; MODEL production cfg(loom) and timer/table Miri. Build selection alone does not verify non-CI targets; see platform matrix. I04/I09/I12 as applicable.	"}  #[cfg(all(test, not(loom), not(turnloop_backend = ""web"")))] mod clock_contract { use super::*;"	https://github.com/PerryTS/turnloop/blob/a0fbb1bf9a100bb3215219f54301b9ee82ffe71f/crates/turnloop/src/driver.rs#L1144
crates/turnloop/src/driver.rs	1199	unsupported	Err(Error::new(ErrorKind::Unsupported))	STILL TRUE — test/spike capability assertion	Negative test, mock provider, or historical spike. Passing rejection proves the error/cleanup subject, not successful unsupported I/O.	Ok(()) } else { Err(Error::new(ErrorKind::Unsupported)) } }	https://github.com/PerryTS/turnloop/blob/a0fbb1bf9a100bb3215219f54301b9ee82ffe71f/crates/turnloop/src/driver.rs#L1199
crates/turnloop/src/driver.rs	1210	unsupported	Err(Error::new(ErrorKind::Unsupported))	STILL TRUE — test/spike capability assertion	Negative test, mock provider, or historical spike. Passing rejection proves the error/cleanup subject, not successful unsupported I/O.	Ok(()) } else { Err(Error::new(ErrorKind::Unsupported)) } }	https://github.com/PerryTS/turnloop/blob/a0fbb1bf9a100bb3215219f54301b9ee82ffe71f/crates/turnloop/src/driver.rs#L1210
crates/turnloop/src/driver.rs	1214	unsupported	Err(Error::new(ErrorKind::Unsupported))	STILL TRUE — test/spike capability assertion	Negative test, mock provider, or historical spike. Passing rejection proves the error/cleanup subject, not successful unsupported I/O.	} fn local_addr(&self, _: Handle) -> Result<SocketAddr> { Err(Error::new(ErrorKind::Unsupported)) } fn submit(&mut self, request: Request) -> Result<()> {	https://github.com/PerryTS/turnloop/blob/a0fbb1bf9a100bb3215219f54301b9ee82ffe71f/crates/turnloop/src/driver.rs#L1214
crates/turnloop/src/driver.rs	1221	unsupported	Err(Error::new(ErrorKind::Unsupported))	STILL TRUE — test/spike capability assertion	Negative test, mock provider, or historical spike. Passing rejection proves the error/cleanup subject, not successful unsupported I/O.	Ok(()) } else { Err(Error::new(ErrorKind::Unsupported)) } }	https://github.com/PerryTS/turnloop/blob/a0fbb1bf9a100bb3215219f54301b9ee82ffe71f/crates/turnloop/src/driver.rs#L1221
crates/turnloop/src/driver.rs	1264	unsupported	Err(Error::new(ErrorKind::Unsupported))	STILL TRUE — test/spike capability assertion	Negative test, mock provider, or historical spike. Passing rejection proves the error/cleanup subject, not successful unsupported I/O.	fn release(&mut self, _: Handle) {} fn detach(&mut self, _: Handle) -> Result<()> { Err(Error::new(ErrorKind::Unsupported)) } fn attach(&mut self, _: Handle, _: ()) -> Result<()> {	https://github.com/PerryTS/turnloop/blob/a0fbb1bf9a100bb3215219f54301b9ee82ffe71f/crates/turnloop/src/driver.rs#L1264
crates/turnloop/src/driver.rs	1267	unsupported	Err(Error::new(ErrorKind::Unsupported))	STILL TRUE — test/spike capability assertion	Negative test, mock provider, or historical spike. Passing rejection proves the error/cleanup subject, not successful unsupported I/O.	} fn attach(&mut self, _: Handle, _: ()) -> Result<()> { Err(Error::new(ErrorKind::Unsupported)) } fn integration(&mut self) -> Result<Integration> {	https://github.com/PerryTS/turnloop/blob/a0fbb1bf9a100bb3215219f54301b9ee82ffe71f/crates/turnloop/src/driver.rs#L1267
crates/turnloop/src/driver.rs	1353	unsupported	".expect_err(""unsupported spawn"")"	STILL TRUE — test/spike capability assertion	Negative test, mock provider, or historical spike. Passing rejection proves the error/cleanup subject, not successful unsupported I/O.	"assert_eq!( l.spawn(&spec, Token(1)) .expect_err(""unsupported spawn"") .kind, ErrorKind::Unsupported"	https://github.com/PerryTS/turnloop/blob/a0fbb1bf9a100bb3215219f54301b9ee82ffe71f/crates/turnloop/src/driver.rs#L1353
crates/turnloop/src/driver.rs	1355	unsupported	ErrorKind::Unsupported	STILL TRUE — test/spike capability assertion	Negative test, mock provider, or historical spike. Passing rejection proves the error/cleanup subject, not successful unsupported I/O.	".expect_err(""unsupported spawn"") .kind, ErrorKind::Unsupported ); assert_eq!("	https://github.com/PerryTS/turnloop/blob/a0fbb1bf9a100bb3215219f54301b9ee82ffe71f/crates/turnloop/src/driver.rs#L1355
crates/turnloop/src/driver.rs	1359	unsupported	".expect_err(""unsupported signal"")"	STILL TRUE — test/spike capability assertion	Negative test, mock provider, or historical spike. Passing rejection proves the error/cleanup subject, not successful unsupported I/O.	"assert_eq!( l.signal_start(Signal::Int, Token(2)) .expect_err(""unsupported signal"") .kind, ErrorKind::Unsupported"	https://github.com/PerryTS/turnloop/blob/a0fbb1bf9a100bb3215219f54301b9ee82ffe71f/crates/turnloop/src/driver.rs#L1359
crates/turnloop/src/driver.rs	1361	unsupported	ErrorKind::Unsupported	STILL TRUE — test/spike capability assertion	Negative test, mock provider, or historical spike. Passing rejection proves the error/cleanup subject, not successful unsupported I/O.	".expect_err(""unsupported signal"") .kind, ErrorKind::Unsupported ); assert_eq!("	https://github.com/PerryTS/turnloop/blob/a0fbb1bf9a100bb3215219f54301b9ee82ffe71f/crates/turnloop/src/driver.rs#L1361
crates/turnloop/src/driver.rs	1365	unsupported	".expect_err(""unsupported stdio"")"	STILL TRUE — test/spike capability assertion	Negative test, mock provider, or historical spike. Passing rejection proves the error/cleanup subject, not successful unsupported I/O.	"assert_eq!( l.open_stdio(Stdio::Stdin) .expect_err(""unsupported stdio"") .kind, ErrorKind::Unsupported"	https://github.com/PerryTS/turnloop/blob/a0fbb1bf9a100bb3215219f54301b9ee82ffe71f/crates/turnloop/src/driver.rs#L1365
crates/turnloop/src/driver.rs	1367	unsupported	ErrorKind::Unsupported	STILL TRUE — test/spike capability assertion	Negative test, mock provider, or historical spike. Passing rejection proves the error/cleanup subject, not successful unsupported I/O.	".expect_err(""unsupported stdio"") .kind, ErrorKind::Unsupported ); assert_eq!("	https://github.com/PerryTS/turnloop/blob/a0fbb1bf9a100bb3215219f54301b9ee82ffe71f/crates/turnloop/src/driver.rs#L1367
crates/turnloop/src/driver.rs	1371	unsupported	".expect_err(""unsupported pipe"")"	STILL TRUE — test/spike capability assertion	Negative test, mock provider, or historical spike. Passing rejection proves the error/cleanup subject, not successful unsupported I/O.	"assert_eq!( l.pipe_listen(&PipeName(""unused"".into()), &ListenOpts::default()) .expect_err(""unsupported pipe"") .kind, ErrorKind::Unsupported"	https://github.com/PerryTS/turnloop/blob/a0fbb1bf9a100bb3215219f54301b9ee82ffe71f/crates/turnloop/src/driver.rs#L1371
crates/turnloop/src/driver.rs	1373	unsupported	ErrorKind::Unsupported	STILL TRUE — test/spike capability assertion	Negative test, mock provider, or historical spike. Passing rejection proves the error/cleanup subject, not successful unsupported I/O.	".expect_err(""unsupported pipe"") .kind, ErrorKind::Unsupported ); assert!("	https://github.com/PerryTS/turnloop/blob/a0fbb1bf9a100bb3215219f54301b9ee82ffe71f/crates/turnloop/src/driver.rs#L1373
crates/turnloop/src/driver.rs	1383	unsupported	"l.kill(h, Signal::Kill).expect_err(""unsupported kill"").kind,"	STILL TRUE — test/spike capability assertion	Negative test, mock provider, or historical spike. Passing rejection proves the error/cleanup subject, not successful unsupported I/O.	".expect(""core timer still works""); assert_eq!( l.kill(h, Signal::Kill).expect_err(""unsupported kill"").kind, ErrorKind::Unsupported );"	https://github.com/PerryTS/turnloop/blob/a0fbb1bf9a100bb3215219f54301b9ee82ffe71f/crates/turnloop/src/driver.rs#L1383
crates/turnloop/src/driver.rs	1384	unsupported	ErrorKind::Unsupported	STILL TRUE — test/spike capability assertion	Negative test, mock provider, or historical spike. Passing rejection proves the error/cleanup subject, not successful unsupported I/O.	"assert_eq!( l.kill(h, Signal::Kill).expect_err(""unsupported kill"").kind, ErrorKind::Unsupported ); assert_eq!("	https://github.com/PerryTS/turnloop/blob/a0fbb1bf9a100bb3215219f54301b9ee82ffe71f/crates/turnloop/src/driver.rs#L1384
crates/turnloop/src/driver.rs	1388	unsupported	".expect_err(""unsupported TTY"")"	STILL TRUE — test/spike capability assertion	Negative test, mock provider, or historical spike. Passing rejection proves the error/cleanup subject, not successful unsupported I/O.	"assert_eq!( l.tty_set_mode(h, TtyMode::Raw) .expect_err(""unsupported TTY"") .kind, ErrorKind::Unsupported"	https://github.com/PerryTS/turnloop/blob/a0fbb1bf9a100bb3215219f54301b9ee82ffe71f/crates/turnloop/src/driver.rs#L1388
crates/turnloop/src/driver.rs	1390	unsupported	ErrorKind::Unsupported	STILL TRUE — test/spike capability assertion	Negative test, mock provider, or historical spike. Passing rejection proves the error/cleanup subject, not successful unsupported I/O.	".expect_err(""unsupported TTY"") .kind, ErrorKind::Unsupported ); assert_eq!("	https://github.com/PerryTS/turnloop/blob/a0fbb1bf9a100bb3215219f54301b9ee82ffe71f/crates/turnloop/src/driver.rs#L1390
crates/turnloop/src/driver.rs	1394	unsupported	".expect_err(""unsupported dimensions"")"	STILL TRUE — test/spike capability assertion	Negative test, mock provider, or historical spike. Passing rejection proves the error/cleanup subject, not successful unsupported I/O.	"assert_eq!( l.tty_window_size(h) .expect_err(""unsupported dimensions"") .kind, ErrorKind::Unsupported"	https://github.com/PerryTS/turnloop/blob/a0fbb1bf9a100bb3215219f54301b9ee82ffe71f/crates/turnloop/src/driver.rs#L1394
crates/turnloop/src/driver.rs	1396	unsupported	ErrorKind::Unsupported	STILL TRUE — test/spike capability assertion	Negative test, mock provider, or historical spike. Passing rejection proves the error/cleanup subject, not successful unsupported I/O.	".expect_err(""unsupported dimensions"") .kind, ErrorKind::Unsupported ); let mut out = Completions::default();"	https://github.com/PerryTS/turnloop/blob/a0fbb1bf9a100bb3215219f54301b9ee82ffe71f/crates/turnloop/src/driver.rs#L1396
crates/turnloop/src/driver.rs	1429	unsupported	kind: ErrorKind::Unsupported,	STILL TRUE — test/spike capability assertion	Negative test, mock provider, or historical spike. Passing rejection proves the error/cleanup subject, not successful unsupported I/O.	l.turn(Timeout::Forever, &mut out), Err(Error { kind: ErrorKind::Unsupported, .. })	https://github.com/PerryTS/turnloop/blob/a0fbb1bf9a100bb3215219f54301b9ee82ffe71f/crates/turnloop/src/driver.rs#L1429
crates/turnloop/src/driver.rs	1446	cfg-selection	"#[cfg(turnloop_backend = ""web"")]"	STILL TRUE — core feature/platform selection	N native/default/executor/fallbacks; W2/W3, WEB; MODEL production cfg(loom) and timer/table Miri. Build selection alone does not verify non-CI targets; see platform matrix. I04/I09/I12 as applicable.	"}  #[cfg(turnloop_backend = ""web"")] impl Driver<crate::backend::web::Web> { /// Configure the host dispatcher. It is scheduled asynchronously and should"	https://github.com/PerryTS/turnloop/blob/a0fbb1bf9a100bb3215219f54301b9ee82ffe71f/crates/turnloop/src/driver.rs#L1446
crates/turnloop/src/driver.rs	1464	cfg-selection	"#[cfg(feature = ""web-worker"")]"	STILL TRUE — core feature/platform selection	N native/default/executor/fallbacks; W2/W3, WEB; MODEL production cfg(loom) and timer/table Miri. Build selection alone does not verify non-CI targets; see platform matrix. I04/I09/I12 as applicable.	"/// returns false on contention/full/closed, retaining the caller's values. /// Browsers require COOP/COEP isolation and Atomics.waitAsync; see docs/wasm.md. #[cfg(feature = ""web-worker"")] pub fn worker_poster(&mut self, capacity: u32) -> Result<wasm_bindgen::JsValue> { self.backend.worker_poster(capacity, self.poster())"	https://github.com/PerryTS/turnloop/blob/a0fbb1bf9a100bb3215219f54301b9ee82ffe71f/crates/turnloop/src/driver.rs#L1464
crates/turnloop/src/driver.rs	1473	cfg-selection	"#[cfg(feature = ""web-worker"")]"	STILL TRUE — core feature/platform selection	N native/default/executor/fallbacks; W2/W3, WEB; MODEL production cfg(loom) and timer/table Miri. Build selection alone does not verify non-CI targets; see platform matrix. I04/I09/I12 as applicable.	"/// Accepted updates apply on the owning agent in queue order. A descriptor /// lives until this driver drops; the condition can notify waits on any local loop. #[cfg(feature = ""web-worker"")] pub fn worker_wait_condition( &mut self,"	https://github.com/PerryTS/turnloop/blob/a0fbb1bf9a100bb3215219f54301b9ee82ffe71f/crates/turnloop/src/driver.rs#L1473
crates/turnloop/src/executor.rs	11	cfg-selection	"//! # #[cfg(any(target_vendor = ""apple"", target_os = ""linux"", target_os = ""android"", target_os = ""freebsd""))]"	STILL TRUE — core feature/platform selection	N native/default/executor/fallbacks; W2/W3, WEB; MODEL production cfg(loom) and timer/table Miri. Build selection alone does not verify non-CI targets; see platform matrix. I04/I09/I12 as applicable.	"//! //! ``` //! # #[cfg(any(target_vendor = ""apple"", target_os = ""linux"", target_os = ""android"", target_os = ""freebsd""))] //! # fn main() -> turnloop::Result<()> { //! use std::time::Duration;"	https://github.com/PerryTS/turnloop/blob/a0fbb1bf9a100bb3215219f54301b9ee82ffe71f/crates/turnloop/src/executor.rs#L11
crates/turnloop/src/executor.rs	27	cfg-selection	"//! # #[cfg(not(any(target_vendor = ""apple"", target_os = ""linux"", target_os = ""android"", target_os = ""freebsd"")))]"	STILL TRUE — core feature/platform selection	N native/default/executor/fallbacks; W2/W3, WEB; MODEL production cfg(loom) and timer/table Miri. Build selection alone does not verify non-CI targets; see platform matrix. I04/I09/I12 as applicable.	"//! assert!(task.is_finished()); //! # Ok(()) } //! # #[cfg(not(any(target_vendor = ""apple"", target_os = ""linux"", target_os = ""android"", target_os = ""freebsd"")))] //! # fn main() {} //! ```"	https://github.com/PerryTS/turnloop/blob/a0fbb1bf9a100bb3215219f54301b9ee82ffe71f/crates/turnloop/src/executor.rs#L27
crates/turnloop/src/executor.rs	382	unsupported	/// Resolve through WASI ip-name-lookup or the native blocking pool. Web returns Unsupported.	STILL TRUE — capability/error handling	Read enclosing branch: includes enum/error mappings and capability documentation, not automatically a missing supported operation. DESIGN_AUDIT.md classifies actual gaps.	self.shared.driver.borrow().now() } /// Resolve through WASI ip-name-lookup or the native blocking pool. Web returns Unsupported. pub fn resolve(&self, request: DnsRequest) -> Resolve<B> { Resolve {	https://github.com/PerryTS/turnloop/blob/a0fbb1bf9a100bb3215219f54301b9ee82ffe71f/crates/turnloop/src/executor.rs#L382
crates/turnloop/src/executor.rs	1204	cfg-selection	"#[cfg(turnloop_backend = ""web"")]"	STILL TRUE — core feature/platform selection	N native/default/executor/fallbacks; W2/W3, WEB; MODEL production cfg(loom) and timer/table Miri. Build selection alone does not verify non-CI targets; see platform matrix. I04/I09/I12 as applicable.	"}  #[cfg(turnloop_backend = ""web"")] impl ExecutorHandle<crate::backend::web::Web> { /// Fetch a complete host response into retained executor storage. The result"	https://github.com/PerryTS/turnloop/blob/a0fbb1bf9a100bb3215219f54301b9ee82ffe71f/crates/turnloop/src/executor.rs#L1204
crates/turnloop/src/executor.rs	1220	cfg-selection	"#[cfg(turnloop_backend = ""web"")]"	STILL TRUE — core feature/platform selection	N native/default/executor/fallbacks; W2/W3, WEB; MODEL production cfg(loom) and timer/table Miri. Build selection alone does not verify non-CI targets; see platform matrix. I04/I09/I12 as applicable.	"/// Browser host-fetch future. Dropping aborts the host request and retains native /// staging until its exactly-once cancellation completion has been dispatched. #[cfg(turnloop_backend = ""web"")] pub struct Fetch { executor: ExecutorHandle<crate::backend::web::Web>,"	https://github.com/PerryTS/turnloop/blob/a0fbb1bf9a100bb3215219f54301b9ee82ffe71f/crates/turnloop/src/executor.rs#L1220
crates/turnloop/src/executor.rs	1227	cfg-selection	"#[cfg(turnloop_backend = ""web"")]"	STILL TRUE — core feature/platform selection	N native/default/executor/fallbacks; W2/W3, WEB; MODEL production cfg(loom) and timer/table Miri. Build selection alone does not verify non-CI targets; see platform matrix. I04/I09/I12 as applicable.	"handle: Option<Handle>, } #[cfg(turnloop_backend = ""web"")] impl Future for Fetch { type Output = Result<Vec<u8>>;"	https://github.com/PerryTS/turnloop/blob/a0fbb1bf9a100bb3215219f54301b9ee82ffe71f/crates/turnloop/src/executor.rs#L1227
crates/turnloop/src/executor.rs	1277	cfg-selection	"#[cfg(turnloop_backend = ""web"")]"	STILL TRUE — core feature/platform selection	N native/default/executor/fallbacks; W2/W3, WEB; MODEL production cfg(loom) and timer/table Miri. Build selection alone does not verify non-CI targets; see platform matrix. I04/I09/I12 as applicable.	"} } #[cfg(turnloop_backend = ""web"")] impl Drop for Fetch { fn drop(&mut self) {"	https://github.com/PerryTS/turnloop/blob/a0fbb1bf9a100bb3215219f54301b9ee82ffe71f/crates/turnloop/src/executor.rs#L1277
crates/turnloop/src/external_wait.rs	53	cfg-selection	"#[cfg(not(target_arch = ""wasm32""))]"	STILL TRUE — core feature/platform selection	N native/default/executor/fallbacks; W2/W3, WEB; MODEL production cfg(loom) and timer/table Miri. Build selection alone does not verify non-CI targets; see platform matrix. I04/I09/I12 as applicable.	"}  #[cfg(not(target_arch = ""wasm32""))] mod service { use super::*;"	https://github.com/PerryTS/turnloop/blob/a0fbb1bf9a100bb3215219f54301b9ee82ffe71f/crates/turnloop/src/external_wait.rs#L53
crates/turnloop/src/external_wait.rs	223	cfg-selection	"#[cfg(target_arch = ""wasm32"")]"	STILL TRUE — core feature/platform selection	N native/default/executor/fallbacks; W2/W3, WEB; MODEL production cfg(loom) and timer/table Miri. Build selection alone does not verify non-CI targets; see platform matrix. I04/I09/I12 as applicable.	"// thread or callback is run from a driver turn; host notifications publish into // the same reserved completion queue as native service results. #[cfg(target_arch = ""wasm32"")] mod service { use super::*;"	https://github.com/PerryTS/turnloop/blob/a0fbb1bf9a100bb3215219f54301b9ee82ffe71f/crates/turnloop/src/external_wait.rs#L223
crates/turnloop/src/external_wait.rs	359	cfg-selection	"#[cfg(target_arch = ""wasm32"")]"	STILL TRUE — core feature/platform selection	N native/default/executor/fallbacks; W2/W3, WEB; MODEL production cfg(loom) and timer/table Miri. Build selection alone does not verify non-CI targets; see platform matrix. I04/I09/I12 as applicable.	"} pub(crate) use service::{cancel, close, submit}; #[cfg(target_arch = ""wasm32"")] pub(crate) use service::{deadline, poll};"	https://github.com/PerryTS/turnloop/blob/a0fbb1bf9a100bb3215219f54301b9ee82ffe71f/crates/turnloop/src/external_wait.rs#L359
crates/turnloop/src/lib.rs	8	cfg-selection	"//! # #[cfg(any(windows, target_vendor = ""apple"", target_os = ""linux"", target_os = ""android"", target_os = ""freebsd""))]"	STILL TRUE — core feature/platform selection	N native/default/executor/fallbacks; W2/W3, WEB; MODEL production cfg(loom) and timer/table Miri. Build selection alone does not verify non-CI targets; see platform matrix. I04/I09/I12 as applicable.	"//! //! ``` //! # #[cfg(any(windows, target_vendor = ""apple"", target_os = ""linux"", target_os = ""android"", target_os = ""freebsd""))] //! # fn main() -> turnloop::Result<()> { //! use std::time::Duration;"	https://github.com/PerryTS/turnloop/blob/a0fbb1bf9a100bb3215219f54301b9ee82ffe71f/crates/turnloop/src/lib.rs#L8
crates/turnloop/src/lib.rs	27	cfg-selection	"//! # #[cfg(not(any(windows, target_vendor = ""apple"", target_os = ""linux"", target_os = ""android"", target_os = ""freebsd"")))]"	STILL TRUE — core feature/platform selection	N native/default/executor/fallbacks; W2/W3, WEB; MODEL production cfg(loom) and timer/table Miri. Build selection alone does not verify non-CI targets; see platform matrix. I04/I09/I12 as applicable.	"//! assert!(!driver.alive()); //! # Ok(()) } //! # #[cfg(not(any(windows, target_vendor = ""apple"", target_os = ""linux"", target_os = ""android"", target_os = ""freebsd"")))] //! # fn main() {} //! ```"	https://github.com/PerryTS/turnloop/blob/a0fbb1bf9a100bb3215219f54301b9ee82ffe71f/crates/turnloop/src/lib.rs#L27
crates/turnloop/src/lib.rs	58	cfg-selection	"#[cfg(any( turnloop_backend = ""kqueue"", turnloop_backend = ""epoll"", turnloop_backend = ""iocp"", turnloop_backend = ""wasi_p2"", turnloop_backend = ""web"", all(turnloop_backend = ""wasi_p3"", feature = ""wasi-p3-experimental"") ))]"	STILL TRUE — core feature/platform selection	N native/default/executor/fallbacks; W2/W3, WEB; MODEL production cfg(loom) and timer/table Miri. Build selection alone does not verify non-CI targets; see platform matrix. I04/I09/I12 as applicable.	"pub use notifier::{Notifier, PostError, Poster};  #[cfg(any( turnloop_backend = ""kqueue"", turnloop_backend = ""epoll"","	https://github.com/PerryTS/turnloop/blob/a0fbb1bf9a100bb3215219f54301b9ee82ffe71f/crates/turnloop/src/lib.rs#L58
crates/turnloop/src/lib.rs	68	cfg-selection	"#[cfg(turnloop_backend = ""iocp"")]"	STILL TRUE — core feature/platform selection	N native/default/executor/fallbacks; W2/W3, WEB; MODEL production cfg(loom) and timer/table Miri. Build selection alone does not verify non-CI targets; see platform matrix. I04/I09/I12 as applicable.	"/// The platform driver selected for the compilation target; owned by one agent. pub type Loop = Driver<backend::Platform>; #[cfg(turnloop_backend = ""iocp"")] pub use backend::iocp::Detached; #[cfg(any(turnloop_backend = ""kqueue"", turnloop_backend = ""epoll""))]"	https://github.com/PerryTS/turnloop/blob/a0fbb1bf9a100bb3215219f54301b9ee82ffe71f/crates/turnloop/src/lib.rs#L68
crates/turnloop/src/lib.rs	70	cfg-selection	"#[cfg(any(turnloop_backend = ""kqueue"", turnloop_backend = ""epoll""))]"	STILL TRUE — core feature/platform selection	N native/default/executor/fallbacks; W2/W3, WEB; MODEL production cfg(loom) and timer/table Miri. Build selection alone does not verify non-CI targets; see platform matrix. I04/I09/I12 as applicable.	"#[cfg(turnloop_backend = ""iocp"")] pub use backend::iocp::Detached; #[cfg(any(turnloop_backend = ""kqueue"", turnloop_backend = ""epoll""))] pub use backend::unix::Detached; "	https://github.com/PerryTS/turnloop/blob/a0fbb1bf9a100bb3215219f54301b9ee82ffe71f/crates/turnloop/src/lib.rs#L70
crates/turnloop/src/lib.rs	82	cfg-selection	"#[cfg(feature = ""executor"")]"	STILL TRUE — core feature/platform selection	N native/default/executor/fallbacks; W2/W3, WEB; MODEL production cfg(loom) and timer/table Miri. Build selection alone does not verify non-CI targets; see platform matrix. I04/I09/I12 as applicable.	"pub use external_wait::{WaitCondition, WaitResult};  #[cfg(feature = ""executor"")] pub mod executor; "	https://github.com/PerryTS/turnloop/blob/a0fbb1bf9a100bb3215219f54301b9ee82ffe71f/crates/turnloop/src/lib.rs#L82
crates/turnloop/src/lib.rs	85	cfg-selection	"#[cfg(feature = ""executor"")]"	STILL TRUE — core feature/platform selection	N native/default/executor/fallbacks; W2/W3, WEB; MODEL production cfg(loom) and timer/table Miri. Build selection alone does not verify non-CI targets; see platform matrix. I04/I09/I12 as applicable.	"pub mod executor;  #[cfg(feature = ""executor"")] pub use executor::{ AsyncIo, Blocking, Close, ExecutorConfig, ExecutorHandle, JoinError, JoinHandle, LocalExecutor,"	https://github.com/PerryTS/turnloop/blob/a0fbb1bf9a100bb3215219f54301b9ee82ffe71f/crates/turnloop/src/lib.rs#L85
crates/turnloop/src/lib.rs	91	cfg-selection	#[cfg(all(test, not(loom)))]	STILL TRUE — core feature/platform selection	N native/default/executor/fallbacks; W2/W3, WEB; MODEL production cfg(loom) and timer/table Miri. Build selection alone does not verify non-CI targets; see platform matrix. I04/I09/I12 as applicable.	};  #[cfg(all(test, not(loom)))] mod portable_tests;	https://github.com/PerryTS/turnloop/blob/a0fbb1bf9a100bb3215219f54301b9ee82ffe71f/crates/turnloop/src/lib.rs#L91
crates/turnloop/src/native.rs	51	unsupported	/// Unix user ID; unsupported platforms reject this option.	STILL TRUE — capability/error handling	Read enclosing branch: includes enum/error mappings and capability documentation, not automatically a missing supported operation. DESIGN_AUDIT.md classifies actual gaps.	/// Child stdin, stdout and stderr, in that order. pub stdio: [ProcessStdio; 3], /// Unix user ID; unsupported platforms reject this option. pub uid: Option<u32>, /// Unix group ID; unsupported platforms reject this option.	https://github.com/PerryTS/turnloop/blob/a0fbb1bf9a100bb3215219f54301b9ee82ffe71f/crates/turnloop/src/native.rs#L51
crates/turnloop/src/native.rs	53	unsupported	/// Unix group ID; unsupported platforms reject this option.	STILL TRUE — capability/error handling	Read enclosing branch: includes enum/error mappings and capability documentation, not automatically a missing supported operation. DESIGN_AUDIT.md classifies actual gaps.	/// Unix user ID; unsupported platforms reject this option. pub uid: Option<u32>, /// Unix group ID; unsupported platforms reject this option. pub gid: Option<u32>, /// Create an isolated process group (Windows Job Object) for tree termination.	https://github.com/PerryTS/turnloop/blob/a0fbb1bf9a100bb3215219f54301b9ee82ffe71f/crates/turnloop/src/native.rs#L53
crates/turnloop/src/native.rs	90	unsupported	/// Portable signal names. Unsupported mappings return an error.	STILL TRUE — capability/error handling	Read enclosing branch: includes enum/error mappings and capability documentation, not automatically a missing supported operation. DESIGN_AUDIT.md classifies actual gaps.	}  /// Portable signal names. Unsupported mappings return an error. #[derive(Clone, Copy, Debug, Eq, PartialEq)] pub enum Signal {	https://github.com/PerryTS/turnloop/blob/a0fbb1bf9a100bb3215219f54301b9ee82ffe71f/crates/turnloop/src/native.rs#L90
crates/turnloop/src/notifier.rs	148	cfg-selection	#[cfg(all(test, loom))]	STILL TRUE — core feature/platform selection	N native/default/executor/fallbacks; W2/W3, WEB; MODEL production cfg(loom) and timer/table Miri. Build selection alone does not verify non-CI targets; see platform matrix. I04/I09/I12 as applicable.	}  #[cfg(all(test, loom))] mod models { use super::*;	https://github.com/PerryTS/turnloop/blob/a0fbb1bf9a100bb3215219f54301b9ee82ffe71f/crates/turnloop/src/notifier.rs#L148
crates/turnloop/src/portable_tests.rs	116	cfg-selection	"#[cfg(not(turnloop_backend = ""web""))]"	STILL TRUE — core feature/platform selection	N native/default/executor/fallbacks; W2/W3, WEB; MODEL production cfg(loom) and timer/table Miri. Build selection alone does not verify non-CI targets; see platform matrix. I04/I09/I12 as applicable.	"let mut ops = Table::new(1); let mut timers = timer::Heap::new(1); #[cfg(not(turnloop_backend = ""web""))] let at = Instant::now() + Duration::from_secs(1); #[cfg(turnloop_backend = ""web"")]"	https://github.com/PerryTS/turnloop/blob/a0fbb1bf9a100bb3215219f54301b9ee82ffe71f/crates/turnloop/src/portable_tests.rs#L116
crates/turnloop/src/portable_tests.rs	118	cfg-selection	"#[cfg(turnloop_backend = ""web"")]"	STILL TRUE — core feature/platform selection	N native/default/executor/fallbacks; W2/W3, WEB; MODEL production cfg(loom) and timer/table Miri. Build selection alone does not verify non-CI targets; see platform matrix. I04/I09/I12 as applicable.	"#[cfg(not(turnloop_backend = ""web""))] let at = Instant::now() + Duration::from_secs(1); #[cfg(turnloop_backend = ""web"")] let at = Instant::from_duration(Duration::from_secs(1)); let pool = BufferPool::new(1, 8);"	https://github.com/PerryTS/turnloop/blob/a0fbb1bf9a100bb3215219f54301b9ee82ffe71f/crates/turnloop/src/portable_tests.rs#L118
crates/turnloop/src/queue.rs	89	cfg-selection	#[cfg(all(test, loom))]	STILL TRUE — core feature/platform selection	N native/default/executor/fallbacks; W2/W3, WEB; MODEL production cfg(loom) and timer/table Miri. Build selection alone does not verify non-CI targets; see platform matrix. I04/I09/I12 as applicable.	}  #[cfg(all(test, loom))] mod models { use super::*;	https://github.com/PerryTS/turnloop/blob/a0fbb1bf9a100bb3215219f54301b9ee82ffe71f/crates/turnloop/src/queue.rs#L89
crates/turnloop/src/queue.rs	114	cfg-selection	#[cfg(all(test, loom))]	STILL TRUE — core feature/platform selection	N native/default/executor/fallbacks; W2/W3, WEB; MODEL production cfg(loom) and timer/table Miri. Build selection alone does not verify non-CI targets; see platform matrix. I04/I09/I12 as applicable.	}  #[cfg(all(test, loom))] mod publication_models { use super::*;	https://github.com/PerryTS/turnloop/blob/a0fbb1bf9a100bb3215219f54301b9ee82ffe71f/crates/turnloop/src/queue.rs#L114
crates/turnloop/src/sync.rs	1	cfg-selection	#[cfg(loom)]	STILL TRUE — core feature/platform selection	N native/default/executor/fallbacks; W2/W3, WEB; MODEL production cfg(loom) and timer/table Miri. Build selection alone does not verify non-CI targets; see platform matrix. I04/I09/I12 as applicable.	#[cfg(loom)] pub(crate) use loom::cell::UnsafeCell; #[cfg(loom)]	https://github.com/PerryTS/turnloop/blob/a0fbb1bf9a100bb3215219f54301b9ee82ffe71f/crates/turnloop/src/sync.rs#L1
crates/turnloop/src/sync.rs	3	cfg-selection	#[cfg(loom)]	STILL TRUE — core feature/platform selection	N native/default/executor/fallbacks; W2/W3, WEB; MODEL production cfg(loom) and timer/table Miri. Build selection alone does not verify non-CI targets; see platform matrix. I04/I09/I12 as applicable.	#[cfg(loom)] pub(crate) use loom::cell::UnsafeCell; #[cfg(loom)] pub(crate) use loom::sync::{ Arc,	https://github.com/PerryTS/turnloop/blob/a0fbb1bf9a100bb3215219f54301b9ee82ffe71f/crates/turnloop/src/sync.rs#L3
crates/turnloop/src/sync.rs	8	cfg-selection	#[cfg(not(loom))]	STILL TRUE — core feature/platform selection	N native/default/executor/fallbacks; W2/W3, WEB; MODEL production cfg(loom) and timer/table Miri. Build selection alone does not verify non-CI targets; see platform matrix. I04/I09/I12 as applicable.	atomic::{AtomicBool, AtomicUsize, Ordering}, }; #[cfg(not(loom))] pub(crate) use std::sync::{ Arc,	https://github.com/PerryTS/turnloop/blob/a0fbb1bf9a100bb3215219f54301b9ee82ffe71f/crates/turnloop/src/sync.rs#L8
crates/turnloop/src/sync.rs	13	cfg-selection	#[cfg(not(loom))]	STILL TRUE — core feature/platform selection	N native/default/executor/fallbacks; W2/W3, WEB; MODEL production cfg(loom) and timer/table Miri. Build selection alone does not verify non-CI targets; see platform matrix. I04/I09/I12 as applicable.	atomic::{AtomicBool, AtomicUsize, Ordering}, }; #[cfg(not(loom))] pub(crate) struct UnsafeCell<T>(std::cell::UnsafeCell<T>); #[cfg(not(loom))]	https://github.com/PerryTS/turnloop/blob/a0fbb1bf9a100bb3215219f54301b9ee82ffe71f/crates/turnloop/src/sync.rs#L13
crates/turnloop/src/sync.rs	15	cfg-selection	#[cfg(not(loom))]	STILL TRUE — core feature/platform selection	N native/default/executor/fallbacks; W2/W3, WEB; MODEL production cfg(loom) and timer/table Miri. Build selection alone does not verify non-CI targets; see platform matrix. I04/I09/I12 as applicable.	#[cfg(not(loom))] pub(crate) struct UnsafeCell<T>(std::cell::UnsafeCell<T>); #[cfg(not(loom))] impl<T> UnsafeCell<T> { pub fn new(v: T) -> Self {	https://github.com/PerryTS/turnloop/blob/a0fbb1bf9a100bb3215219f54301b9ee82ffe71f/crates/turnloop/src/sync.rs#L15
crates/turnloop/src/table.rs	53	cfg-selection	#[cfg(test)]	STILL TRUE — core feature/platform selection	N native/default/executor/fallbacks; W2/W3, WEB; MODEL production cfg(loom) and timer/table Miri. Build selection alone does not verify non-CI targets; see platform matrix. I04/I09/I12 as applicable.	} } #[cfg(test)] mod tests { use super::*;	https://github.com/PerryTS/turnloop/blob/a0fbb1bf9a100bb3215219f54301b9ee82ffe71f/crates/turnloop/src/table.rs#L53
crates/turnloop/src/time.rs	2	unsupported	//! the backend's monotonic host clock because std's Instant::now is unsupported.	STILL TRUE — capability/error handling	Read enclosing branch: includes enum/error mappings and capability documentation, not automatically a missing supported operation. DESIGN_AUDIT.md classifies actual gaps.	"//! Native callers retain std::time::Instant. Browser Wasm uses a timestamp from //! the backend's monotonic host clock because std's Instant::now is unsupported. #[cfg(not(turnloop_backend = ""web""))] pub use std::time::Instant;"	https://github.com/PerryTS/turnloop/blob/a0fbb1bf9a100bb3215219f54301b9ee82ffe71f/crates/turnloop/src/time.rs#L2
crates/turnloop/src/time.rs	3	cfg-selection	"#[cfg(not(turnloop_backend = ""web""))]"	STILL TRUE — core feature/platform selection	N native/default/executor/fallbacks; W2/W3, WEB; MODEL production cfg(loom) and timer/table Miri. Build selection alone does not verify non-CI targets; see platform matrix. I04/I09/I12 as applicable.	"//! Native callers retain std::time::Instant. Browser Wasm uses a timestamp from //! the backend's monotonic host clock because std's Instant::now is unsupported. #[cfg(not(turnloop_backend = ""web""))] pub use std::time::Instant; "	https://github.com/PerryTS/turnloop/blob/a0fbb1bf9a100bb3215219f54301b9ee82ffe71f/crates/turnloop/src/time.rs#L3
crates/turnloop/src/time.rs	6	cfg-selection	"#[cfg(turnloop_backend = ""web"")]"	STILL TRUE — core feature/platform selection	N native/default/executor/fallbacks; W2/W3, WEB; MODEL production cfg(loom) and timer/table Miri. Build selection alone does not verify non-CI targets; see platform matrix. I04/I09/I12 as applicable.	"pub use std::time::Instant;  #[cfg(turnloop_backend = ""web"")] mod web { use std::{"	https://github.com/PerryTS/turnloop/blob/a0fbb1bf9a100bb3215219f54301b9ee82ffe71f/crates/turnloop/src/time.rs#L6
crates/turnloop/src/time.rs	61	cfg-selection	"#[cfg(turnloop_backend = ""web"")]"	STILL TRUE — core feature/platform selection	N native/default/executor/fallbacks; W2/W3, WEB; MODEL production cfg(loom) and timer/table Miri. Build selection alone does not verify non-CI targets; see platform matrix. I04/I09/I12 as applicable.	"} } #[cfg(turnloop_backend = ""web"")] pub use web::Instant;"	https://github.com/PerryTS/turnloop/blob/a0fbb1bf9a100bb3215219f54301b9ee82ffe71f/crates/turnloop/src/time.rs#L61
crates/turnloop/src/timer.rs	12	cfg-selection	#[cfg(test)]	STILL TRUE — core feature/platform selection	N native/default/executor/fallbacks; W2/W3, WEB; MODEL production cfg(loom) and timer/table Miri. Build selection alone does not verify non-CI targets; see platform matrix. I04/I09/I12 as applicable.	pub use heap::Heap; pub use heap::Heap as TimerQueue; #[cfg(test)] mod tests { use super::*;	https://github.com/PerryTS/turnloop/blob/a0fbb1bf9a100bb3215219f54301b9ee82ffe71f/crates/turnloop/src/timer.rs#L12
crates/turnloop/src/timer.rs	18	cfg-selection	"#[cfg(not(turnloop_backend = ""web""))]"	STILL TRUE — core feature/platform selection	N native/default/executor/fallbacks; W2/W3, WEB; MODEL production cfg(loom) and timer/table Miri. Build selection alone does not verify non-CI targets; see platform matrix. I04/I09/I12 as applicable.	"#[test] fn cancel_and_expire_match_sorted_reference() { #[cfg(not(turnloop_backend = ""web""))] let base = Instant::now(); #[cfg(turnloop_backend = ""web"")]"	https://github.com/PerryTS/turnloop/blob/a0fbb1bf9a100bb3215219f54301b9ee82ffe71f/crates/turnloop/src/timer.rs#L18
crates/turnloop/src/timer.rs	20	cfg-selection	"#[cfg(turnloop_backend = ""web"")]"	STILL TRUE — core feature/platform selection	N native/default/executor/fallbacks; W2/W3, WEB; MODEL production cfg(loom) and timer/table Miri. Build selection alone does not verify non-CI targets; see platform matrix. I04/I09/I12 as applicable.	"#[cfg(not(turnloop_backend = ""web""))] let base = Instant::now(); #[cfg(turnloop_backend = ""web"")] let base = Instant::from_duration(Duration::from_secs(1)); let mut q = TimerQueue::new(1000);"	https://github.com/PerryTS/turnloop/blob/a0fbb1bf9a100bb3215219f54301b9ee82ffe71f/crates/turnloop/src/timer.rs#L20
crates/turnloop/src/types.rs	43	unsupported	Unsupported,	STILL TRUE — capability/error handling	Read enclosing branch: includes enum/error mappings and capability documentation, not automatically a missing supported operation. DESIGN_AUDIT.md classifies actual gaps.	Cancelled, /// This platform or resource does not support the requested capability. Unsupported, /// An argument or resource state is invalid for the requested operation. InvalidInput,	https://github.com/PerryTS/turnloop/blob/a0fbb1bf9a100bb3215219f54301b9ee82ffe71f/crates/turnloop/src/types.rs#L43
crates/turnloop/src/types.rs	82	unsupported	I::Unsupported => ErrorKind::Unsupported,	STILL TRUE — capability/error handling	Read enclosing branch: includes enum/error mappings and capability documentation, not automatically a missing supported operation. DESIGN_AUDIT.md classifies actual gaps.	use std::io::ErrorKind as I; let kind = match e.kind() { I::Unsupported => ErrorKind::Unsupported, I::InvalidInput => ErrorKind::InvalidInput, I::NotFound => ErrorKind::NotFound,	https://github.com/PerryTS/turnloop/blob/a0fbb1bf9a100bb3215219f54301b9ee82ffe71f/crates/turnloop/src/types.rs#L82
crates/turnloop/src/types.rs	208	unsupported	/// Backend-neutral resource creation requests; unsupported kinds must fail explicitly.	STILL TRUE — capability/error handling	Read enclosing branch: includes enum/error mappings and capability documentation, not automatically a missing supported operation. DESIGN_AUDIT.md classifies actual gaps.	" #[derive(Debug)] /// Backend-neutral resource creation requests; unsupported kinds must fail explicitly. pub enum Open { #[cfg(turnloop_backend = ""web"")]"	https://github.com/PerryTS/turnloop/blob/a0fbb1bf9a100bb3215219f54301b9ee82ffe71f/crates/turnloop/src/types.rs#L208
crates/turnloop/src/types.rs	210	cfg-selection	"#[cfg(turnloop_backend = ""web"")]"	STILL TRUE — core feature/platform selection	N native/default/executor/fallbacks; W2/W3, WEB; MODEL production cfg(loom) and timer/table Miri. Build selection alone does not verify non-CI targets; see platform matrix. I04/I09/I12 as applicable.	"/// Backend-neutral resource creation requests; unsupported kinds must fail explicitly. pub enum Open { #[cfg(turnloop_backend = ""web"")] /// Open a host HTTP fetch stream. Fetch {"	https://github.com/PerryTS/turnloop/blob/a0fbb1bf9a100bb3215219f54301b9ee82ffe71f/crates/turnloop/src/types.rs#L210
crates/turnloop/src/types.rs	216	cfg-selection	"#[cfg(turnloop_backend = ""web"")]"	STILL TRUE — core feature/platform selection	N native/default/executor/fallbacks; W2/W3, WEB; MODEL production cfg(loom) and timer/table Miri. Build selection alone does not verify non-CI targets; see platform matrix. I04/I09/I12 as applicable.	"url: String, }, #[cfg(turnloop_backend = ""web"")] /// Open a host WebSocket stream. WebSocket {"	https://github.com/PerryTS/turnloop/blob/a0fbb1bf9a100bb3215219f54301b9ee82ffe71f/crates/turnloop/src/types.rs#L216
docs/BACKEND_REVISION_2.md	93	doc-progress	subscribed loop has its own pending flag and notifier.	STILL TRUE — behavior/policy, not open work	Pending means operation/queue/phase state or a reporting rule. Read linked context; no missing implementation inferred.	dropping the last subscription restores the prior sigaction. Child ownership counts as a SIGCHLD subscription. Standard signals may coalesce, but every subscribed loop has its own pending flag and notifier. - `TtyMode::Normal` restores the captured mode; `Raw` retains ISIG; `Io` disables terminal-generated signals too. `tty_resize_start` produces `Signal::WinCh`;	https://github.com/PerryTS/turnloop/blob/a0fbb1bf9a100bb3215219f54301b9ee82ffe71f/docs/BACKEND_REVISION_2.md#L93
docs/BACKEND_REVISION_2.md	97	doc-progress	termios after XNU applies its pending canonical-input transition.	STILL TRUE — behavior/policy, not open work	Pending means operation/queue/phase state or a reporting rule. Read linked context; no missing implementation inferred.	terminal-generated signals too. `tty_resize_start` produces `Signal::WinCh`; query `tty_window_size` on notification. The openpty test compares full restored termios after XNU applies its pending canonical-input transition.  ## Local connection deadlines	https://github.com/PerryTS/turnloop/blob/a0fbb1bf9a100bb3215219f54301b9ee82ffe71f/docs/BACKEND_REVISION_2.md#L97
docs/BACKEND_REVISION_2.md	108	doc-progress	errors keep their identity and the pending deadline for retry. Existing	MIXED — superseded execution and live limits	WEB: 13 production tests each Chrome/Firefox/Node. Historical standalone spike command was not rerun by these jobs. Historical host limits and remaining requirements stay valid; not a blanket pass.	wins; explicit cancel/close before expiry keeps the usual Cancelled/Closed result. Successful, failed and cancelled connects remove their deadlines. Native cancellation errors keep their identity and the pending deadline for retry. Existing `pipe_connect` remains unbounded and cancellable. Unsupported local transports still report Unsupported on WASI/web.	https://github.com/PerryTS/turnloop/blob/a0fbb1bf9a100bb3215219f54301b9ee82ffe71f/docs/BACKEND_REVISION_2.md#L108
docs/BACKEND_REVISION_2.md	112	doc-progress	Windows listeners reserve `max(backlog, 1)` pending overlapped instances and re-arm	STILL TRUE — behavior/policy, not open work	Pending means operation/queue/phase state or a reporting rule. Read linked context; no missing implementation inferred.	still report Unsupported on WASI/web.  Windows listeners reserve `max(backlog, 1)` pending overlapped instances and re-arm fixed slots as accepts are consumed. Busy clients use asynchronous NPFS pipe-wait requests so host turn deadlines and cancellation remain effective. Same-port	https://github.com/PerryTS/turnloop/blob/a0fbb1bf9a100bb3215219f54301b9ee82ffe71f/docs/BACKEND_REVISION_2.md#L112
docs/BACKEND_REVISION_2.md	150	doc-progress	are never retained across Pending. Reads preserve unread staging bytes when a	STILL TRUE — behavior/policy, not open work	Pending means operation/queue/phase state or a reporting rule. Read linked context; no missing implementation inferred.	Tasks and join state allocate at spawn; task polls do not allocate. Operation slots and staging buffers are fixed by `ExecutorConfig`. Borrowed caller buffers are never retained across Pending. Reads preserve unread staging bytes when a later caller supplies a smaller buffer. Writes are buffered: acceptance returns Ready with the copied byte count, and flush/close/the next write observes native	https://github.com/PerryTS/turnloop/blob/a0fbb1bf9a100bb3215219f54301b9ee82ffe71f/docs/BACKEND_REVISION_2.md#L150
docs/BACKEND_REVISION_2.md	154	doc-progress	A Pending write consumes no current caller bytes. UDP writes represent one whole	STILL TRUE — behavior/policy, not open work	Pending means operation/queue/phase state or a reporting rule. Read linked context; no missing implementation inferred.	Ready with the copied byte count, and flush/close/the next write observes native completion and delayed errors. Flush before drop to preserve buffered output. A Pending write consumes no current caller bytes. UDP writes represent one whole datagram and reject oversized staging; the AsyncRead view omits sender addresses. 	https://github.com/PerryTS/turnloop/blob/a0fbb1bf9a100bb3215219f54301b9ee82ffe71f/docs/BACKEND_REVISION_2.md#L154
docs/BACKEND_REVISION_2.md	181	doc-progress	pending watch retains it until termination, then emits Cancelled before Closed.	STILL TRUE — behavior/policy, not open work	Pending means operation/queue/phase state or a reporting rule. Read linked context; no missing implementation inferred.	listed in the IOCP lane report. Cancelling a Windows child exit watch alone acknowledges immediately and leaves the child owned and running. Close with a pending watch retains it until termination, then emits Cancelled before Closed.  WASI 0.2/0.3 and web production adapters implement this revision; WASI 0.3 remains	https://github.com/PerryTS/turnloop/blob/a0fbb1bf9a100bb3215219f54301b9ee82ffe71f/docs/BACKEND_REVISION_2.md#L181
docs/INTEGRATION_REPORT.md	16	doc-progress	provider. Chrome runtime is UNRUN after sandbox startup failure; Linux/Windows	STILL TRUE — historical local; STALE as current coverage	PERF: control/idle/notify/timer_cancel executed. perf user/kernel and Perry attribution remain I13/P0-P8.	h2spec cases pass. Windows generic libraries pass cross-Clippy; full Windows all-target checking fails because this clone still lacks the IOCP `Platform` provider. Chrome runtime is UNRUN after sandbox startup failure; Linux/Windows runtime and instruction comparisons require their hosts. The seven-day soak and all existing required gates remain enabled. See [the lane report](../LANE_REPORT.md)	https://github.com/PerryTS/turnloop/blob/a0fbb1bf9a100bb3215219f54301b9ee82ffe71f/docs/INTEGRATION_REPORT.md#L16
docs/INTEGRATION_REPORT.md	31	doc-progress	SQL sandbox and production Windows/WASM backend prerequisites remain pending;	STILL TRUE — behavior/policy, not open work	Pending means operation/queue/phase state or a reporting rule. Read linked context; no missing implementation inferred.	Windows test gates. rustls 0.23.45 passes the security audit and the seven-day soak gate with main's exact dated exception. Linux instruction baselines are committed. SQL sandbox and production Windows/WASM backend prerequisites remain pending; neither cross-compilation nor package dry runs establish release readiness. 	https://github.com/PerryTS/turnloop/blob/a0fbb1bf9a100bb3215219f54301b9ee82ffe71f/docs/INTEGRATION_REPORT.md#L31
docs/INTEGRATION_REPORT.md	41	doc-progress	documented pending Windows production contracts marked pending. Redis uses main's	MIXED — superseded execution and live limits	P: real native and WASI 0.2 services; PW2/PW3: selected portable suites. Browser raw database TCP is unavailable; p3 real DB service run absent. Historical host limits and remaining requirements stay valid; not a blanket pass.	interop, strict h2spec and both WASI protocol targets. Native default/all-feature runs independently require positive core/protocol counts, with only main's documented pending Windows production contracts marked pending. Redis uses main's pinned native 8.4.0 TLS build in CI, config-verified detached cleanup and owned-child reaping. Per-server logs, bounded failure tails, original-error chaining and the	https://github.com/PerryTS/turnloop/blob/a0fbb1bf9a100bb3215219f54301b9ee82ffe71f/docs/INTEGRATION_REPORT.md#L41
docs/INTEGRATION_REPORT.md	57	doc-progress	and MySQL initialization reproduces the sandbox crash: SQL bodies are **UNRUN**.	STILL TRUE — historical local; STALE as current coverage	P: real native and WASI 0.2 services; PW2/PW3: selected portable suites. Browser raw database TCP is unavailable; p3 real DB service run absent.	 The full server command fails during PostgreSQL initialization (`shmget` denied), and MySQL initialization reproduces the sandbox crash: SQL bodies are **UNRUN**. The non-SQL subset passes 175 tests, with no ignored tests, and all private state is removed. Full Windows cross-Clippy fails on missing SDK C headers; core and	https://github.com/PerryTS/turnloop/blob/a0fbb1bf9a100bb3215219f54301b9ee82ffe71f/docs/INTEGRATION_REPORT.md#L57
docs/INTEGRATION_REPORT.md	61	doc-progress	**UNRUN**. Raw actionlint still rejects only the inherited `concurrency.queue`	STILL TRUE — historical local; STALE as current coverage	P: real native and WASI 0.2 services; PW2/PW3: selected portable suites. Browser raw database TCP is unavailable; p3 real DB service run absent.	is removed. Full Windows cross-Clippy fails on missing SDK C headers; core and contract/bench all-target checking passes. Windows/Linux runtime and Docker are **UNRUN**. Raw actionlint still rejects only the inherited `concurrency.queue` syntax; the existing strict compatibility wrapper, zizmor and ShellCheck pass. 	https://github.com/PerryTS/turnloop/blob/a0fbb1bf9a100bb3215219f54301b9ee82ffe71f/docs/INTEGRATION_REPORT.md#L61
docs/INTEGRATION_REPORT.md	67	doc-progress	WASI job remains intact; this dependency compatibility issue and the pending	STALE — current coverage/implementation	PERF: control/idle/notify/timer_cancel executed. perf user/kernel and Perry attribution remain I13/P0-P8.	`bson 3.1.0 -> ahash/rand -> getrandom 0.3.4`: that getrandom version rejects p3. HTTP/decoder protocol execution on p3 passes all 20 tests. The required workspace WASI job remains intact; this dependency compatibility issue and the pending production provider need resolution before that whole-workspace gate can pass. The Linux instruction gate correctly refuses this macOS host; the committed	https://github.com/PerryTS/turnloop/blob/a0fbb1bf9a100bb3215219f54301b9ee82ffe71f/docs/INTEGRATION_REPORT.md#L67
docs/INTEGRATION_REPORT.md	70	doc-progress	baseline is unchanged and merged-tree regression execution is **UNRUN** locally.	STILL TRUE — historical local; STALE as current coverage	PERF: control/idle/notify/timer_cancel executed. perf user/kernel and Perry attribution remain I13/P0-P8.	production provider need resolution before that whole-workspace gate can pass. The Linux instruction gate correctly refuses this macOS host; the committed baseline is unchanged and merged-tree regression execution is **UNRUN** locally. Exact commands, failures and limits are in [LANE_REPORT.md](../LANE_REPORT.md). The integrator must stage and commit the merge; `.git` is read-only here.	https://github.com/PerryTS/turnloop/blob/a0fbb1bf9a100bb3215219f54301b9ee82ffe71f/docs/INTEGRATION_REPORT.md#L70
docs/INTEGRATION_REPORT.md	182	doc-progress	remains UNRUN locally. The full service suite is still required.	STILL TRUE — historical local; STALE as current coverage	P: real native and WASI 0.2 services; PW2/PW3: selected portable suites. Browser raw database TCP is unavailable; p3 real DB service run absent.	verified TLS probes, and creates private Redis/Mongo containers with ownership labels. Mocked wrapper/lifecycle regressions run in CI; actual Docker execution remains UNRUN locally. The full service suite is still required. - Kept native/default/all-feature, stable/MSRV, wasm cross-lints, docs, no-tokio, cargo-deny, soak, loom, Miri, instruction and ci-gate checks. Retained core's	https://github.com/PerryTS/turnloop/blob/a0fbb1bf9a100bb3215219f54301b9ee82ffe71f/docs/INTEGRATION_REPORT.md#L182
docs/INTEGRATION_REPORT.md	200	doc-progress	pending. It measures twenty expiries each at **500 us, 2 ms and 10 ms**, asserts	MIXED — superseded execution and live limits	N-L/N-A/N-M/N-W, W2/W3, WEB, P, MODEL, PERF and GATE execute at exact main; see INTEGRATION_REPORT.md for scope. Historical host limits and remaining requirements stay valid; not a blanket pass.	 `turnloop-contract::no_spin` opens a real registered TCP pair and leaves a read pending. It measures twenty expiries each at **500 us, 2 ms and 10 ms**, asserts one timer completion with the correct token/handle per expiry, no early expiry, **at most two turns and one zero-event OS wait per expiry**, and actual wait	https://github.com/PerryTS/turnloop/blob/a0fbb1bf9a100bb3215219f54301b9ee82ffe71f/docs/INTEGRATION_REPORT.md#L200
docs/INTEGRATION_REPORT.md	216	doc-progress	Kqueue execution PASS; epoll and forced timerfd compilation PASS, runtime UNRUN.	STILL TRUE — historical local; STALE as current coverage	N-L/N-A/N-M/N-W, W2/W3, WEB, P, MODEL, PERF and GATE execute at exact main; see INTEGRATION_REPORT.md for scope.	it is not inferred from the number of user completions. kqueue and epoll implement it. Wave-2 providers must populate it when they implement the shared contracts. Kqueue execution PASS; epoll and forced timerfd compilation PASS, runtime UNRUN.  ## Verification commands and outcomes	https://github.com/PerryTS/turnloop/blob/a0fbb1bf9a100bb3215219f54301b9ee82ffe71f/docs/INTEGRATION_REPORT.md#L216
docs/INTEGRATION_REPORT.md	230	doc-progress	| Same all-features Clippy with `--target x86_64-unknown-linux-gnu` | PASS, including no-spin contract and Gungraun benchmark compilation; execution UNRUN |	STILL TRUE — historical local; STALE as current coverage	PERF: control/idle/notify/timer_cancel executed. perf user/kernel and Perry attribution remain I13/P0-P8.	| `cargo fmt --check` and `cargo fmt --all` | PASS | | `cargo clippy --workspace --all-targets -- -D warnings -D clippy::undocumented_unsafe_blocks` | PASS; all-features variant also PASS | | Same all-features Clippy with `--target x86_64-unknown-linux-gnu` | PASS, including no-spin contract and Gungraun benchmark compilation; execution UNRUN | | Same with `--target wasm32-wasip2` and `wasm32-unknown-unknown` | PASS, whole workspace/all targets; WASM test execution UNRUN | | Same with `--target x86_64-pc-windows-msvc` | FAIL in ring C compilation: `fatal error: 'assert.h' file not found`; full protocol test-target checking UNRUN without Windows SDK headers |	https://github.com/PerryTS/turnloop/blob/a0fbb1bf9a100bb3215219f54301b9ee82ffe71f/docs/INTEGRATION_REPORT.md#L230
docs/INTEGRATION_REPORT.md	231	doc-progress	| Same with `--target wasm32-wasip2` and `wasm32-unknown-unknown` | PASS, whole workspace/all targets; WASM test execution UNRUN |	STILL TRUE — historical local; STALE as current coverage	PERF: control/idle/notify/timer_cancel executed. perf user/kernel and Perry attribution remain I13/P0-P8.	| `cargo clippy --workspace --all-targets -- -D warnings -D clippy::undocumented_unsafe_blocks` | PASS; all-features variant also PASS | | Same all-features Clippy with `--target x86_64-unknown-linux-gnu` | PASS, including no-spin contract and Gungraun benchmark compilation; execution UNRUN | | Same with `--target wasm32-wasip2` and `wasm32-unknown-unknown` | PASS, whole workspace/all targets; WASM test execution UNRUN | | Same with `--target x86_64-pc-windows-msvc` | FAIL in ring C compilation: `fatal error: 'assert.h' file not found`; full protocol test-target checking UNRUN without Windows SDK headers | | `cargo clippy --workspace --lib --target x86_64-pc-windows-msvc -- -D warnings` | PASS for every library |	https://github.com/PerryTS/turnloop/blob/a0fbb1bf9a100bb3215219f54301b9ee82ffe71f/docs/INTEGRATION_REPORT.md#L231
docs/INTEGRATION_REPORT.md	232	doc-progress	| Same with `--target x86_64-pc-windows-msvc` | FAIL in ring C compilation: `fatal error: 'assert.h' file not found`; full protocol test-target checking UNRUN without Windows SDK headers |	STILL TRUE — historical local; STALE as current coverage	PERF: control/idle/notify/timer_cancel executed. perf user/kernel and Perry attribution remain I13/P0-P8.	| Same all-features Clippy with `--target x86_64-unknown-linux-gnu` | PASS, including no-spin contract and Gungraun benchmark compilation; execution UNRUN | | Same with `--target wasm32-wasip2` and `wasm32-unknown-unknown` | PASS, whole workspace/all targets; WASM test execution UNRUN | | Same with `--target x86_64-pc-windows-msvc` | FAIL in ring C compilation: `fatal error: 'assert.h' file not found`; full protocol test-target checking UNRUN without Windows SDK headers | | `cargo clippy --workspace --lib --target x86_64-pc-windows-msvc -- -D warnings` | PASS for every library | | Windows `cargo clippy -p turnloop -p turnloop-contract -p turnloop-bench --all-targets ...` | PASS, including strict unsafe-comment lint; Windows execution UNRUN |	https://github.com/PerryTS/turnloop/blob/a0fbb1bf9a100bb3215219f54301b9ee82ffe71f/docs/INTEGRATION_REPORT.md#L232
docs/INTEGRATION_REPORT.md	234	doc-progress	| Windows `cargo clippy -p turnloop -p turnloop-contract -p turnloop-bench --all-targets ...` | PASS, including strict unsafe-comment lint; Windows execution UNRUN |	STILL TRUE — historical local; STALE as current coverage	N-W: required Windows default/executor/all-feature production suites execute; standalone spike reruns, ETW/cycles/minimum-version/long-soak are not implied.	| Same with `--target x86_64-pc-windows-msvc` | FAIL in ring C compilation: `fatal error: 'assert.h' file not found`; full protocol test-target checking UNRUN without Windows SDK headers | | `cargo clippy --workspace --lib --target x86_64-pc-windows-msvc -- -D warnings` | PASS for every library | | Windows `cargo clippy -p turnloop -p turnloop-contract -p turnloop-bench --all-targets ...` | PASS, including strict unsafe-comment lint; Windows execution UNRUN | | `cargo +stable check --workspace` and `--all-targets --all-features` | PASS on installed 1.97.1 | | `cargo test --workspace` | PASS; ten real-server tests ignored by default, not counted as executed |	https://github.com/PerryTS/turnloop/blob/a0fbb1bf9a100bb3215219f54301b9ee82ffe71f/docs/INTEGRATION_REPORT.md#L234
docs/INTEGRATION_REPORT.md	250	doc-progress	| Standalone spike Clippy: IOCP Windows, p2 WASI, p3 WASI using nightly-2026-09-07, web with all features | PASS after rename; all spike runtime tests in this session UNRUN |	STILL TRUE — historical local; STALE as current coverage	P: real native and WASI 0.2 services; PW2/PW3: selected portable suites. Browser raw database TCP is unavailable; p3 real DB service run absent.	| `python3 -W error -m unittest discover -s scripts/ci -p 'test_*.py' -v` | PASS, 15 tests (13 gate tests plus failed-start cleanup and Docker-wrapper ownership/path tests) | | `python3 -m py_compile scripts/test-servers.py` | PASS | | Standalone spike Clippy: IOCP Windows, p2 WASI, p3 WASI using nightly-2026-09-07, web with all features | PASS after rename; all spike runtime tests in this session UNRUN | | `cargo publish --dry-run --allow-dirty -p turnloop` and `--locked` for each protocol crate | PASS for all six, including packaged-library recompilation; upload explicitly aborted by dry run | | `python3 scripts/ci/release.py order` | PASS, six packages, helpers excluded |	https://github.com/PerryTS/turnloop/blob/a0fbb1bf9a100bb3215219f54301b9ee82ffe71f/docs/INTEGRATION_REPORT.md#L250
docs/INTEGRATION_REPORT.md	253	doc-progress	| `python3 scripts/ci/instructions.py` | FAIL precondition: requires Ubuntu 24.04 x86_64/Valgrind; measurements and regression comparison UNRUN |	STILL TRUE — historical local; STALE as current coverage	PERF: control/idle/notify/timer_cancel executed. perf user/kernel and Perry attribution remain I13/P0-P8.	| `cargo publish --dry-run --allow-dirty -p turnloop` and `--locked` for each protocol crate | PASS for all six, including packaged-library recompilation; upload explicitly aborted by dry run | | `python3 scripts/ci/release.py order` | PASS, six packages, helpers excluded | | `python3 scripts/ci/instructions.py` | FAIL precondition: requires Ubuntu 24.04 x86_64/Valgrind; measurements and regression comparison UNRUN | | `git diff --check` | PASS after fixing whitespace | 	https://github.com/PerryTS/turnloop/blob/a0fbb1bf9a100bb3215219f54301b9ee82ffe71f/docs/INTEGRATION_REPORT.md#L253
docs/INTEGRATION_REPORT.md	272	doc-progress	| `scripts/test-servers.py run cargo test --workspace -- --include-ignored` | Command FAIL at PostgreSQL initdb; **all test bodies UNRUN (sandbox)** for this full invocation |	STILL TRUE — historical local; STALE as current coverage	P: real native and WASI 0.2 services; PW2/PW3: selected portable suites. Browser raw database TCP is unavailable; p3 real DB service run absent.	| Command | Result | |---|---| | `scripts/test-servers.py run cargo test --workspace -- --include-ignored` | Command FAIL at PostgreSQL initdb; **all test bodies UNRUN (sandbox)** for this full invocation | | `scripts/test-servers.py --services postgres run true` | Initialization FAIL: `FATAL: could not create shared memory segment: Operation not permitted`, failed `shmget`; PostgreSQL tests **UNRUN (sandbox)** | | `scripts/test-servers.py --services mysql run true` | Initialization FAIL, exit 2 with fatal-signal stack in `memory::Aligned_atomic`, `Shared_spin_lock`, `delegates_init`; MySQL tests **UNRUN (sandbox)** |	https://github.com/PerryTS/turnloop/blob/a0fbb1bf9a100bb3215219f54301b9ee82ffe71f/docs/INTEGRATION_REPORT.md#L272
docs/INTEGRATION_REPORT.md	273	doc-progress	| `scripts/test-servers.py --services postgres run true` | Initialization FAIL: `FATAL: could not create shared memory segment: Operation not permitted`, failed `shmget`; PostgreSQL tests **UNRUN (sandbox)** |	STILL TRUE — historical local; STALE as current coverage	P: real native and WASI 0.2 services; PW2/PW3: selected portable suites. Browser raw database TCP is unavailable; p3 real DB service run absent.	|---|---| | `scripts/test-servers.py run cargo test --workspace -- --include-ignored` | Command FAIL at PostgreSQL initdb; **all test bodies UNRUN (sandbox)** for this full invocation | | `scripts/test-servers.py --services postgres run true` | Initialization FAIL: `FATAL: could not create shared memory segment: Operation not permitted`, failed `shmget`; PostgreSQL tests **UNRUN (sandbox)** | | `scripts/test-servers.py --services mysql run true` | Initialization FAIL, exit 2 with fatal-signal stack in `memory::Aligned_atomic`, `Shared_spin_lock`, `delegates_init`; MySQL tests **UNRUN (sandbox)** | | `scripts/test-servers.py --services redis,mongodb,smtp run cargo test -p turnloop-redis -p turnloop-mongodb -p turnloop-smtp -- --include-ignored --test-threads=1` | PASS twice, including final shared crypto/base64/PEM/supervisor changes. Four external-service tests execute, alongside the ordinary protocol suites |	https://github.com/PerryTS/turnloop/blob/a0fbb1bf9a100bb3215219f54301b9ee82ffe71f/docs/INTEGRATION_REPORT.md#L273
docs/INTEGRATION_REPORT.md	274	doc-progress	| `scripts/test-servers.py --services mysql run true` | Initialization FAIL, exit 2 with fatal-signal stack in `memory::Aligned_atomic`, `Shared_spin_lock`, `delegates_init`; MySQL tests **UNRUN (sandbox)** |	STILL TRUE — historical local; STALE as current coverage	P: real native and WASI 0.2 services; PW2/PW3: selected portable suites. Browser raw database TCP is unavailable; p3 real DB service run absent.	| `scripts/test-servers.py run cargo test --workspace -- --include-ignored` | Command FAIL at PostgreSQL initdb; **all test bodies UNRUN (sandbox)** for this full invocation | | `scripts/test-servers.py --services postgres run true` | Initialization FAIL: `FATAL: could not create shared memory segment: Operation not permitted`, failed `shmget`; PostgreSQL tests **UNRUN (sandbox)** | | `scripts/test-servers.py --services mysql run true` | Initialization FAIL, exit 2 with fatal-signal stack in `memory::Aligned_atomic`, `Shared_spin_lock`, `delegates_init`; MySQL tests **UNRUN (sandbox)** | | `scripts/test-servers.py --services redis,mongodb,smtp run cargo test -p turnloop-redis -p turnloop-mongodb -p turnloop-smtp -- --include-ignored --test-threads=1` | PASS twice, including final shared crypto/base64/PEM/supervisor changes. Four external-service tests execute, alongside the ordinary protocol suites | | `scripts/test-servers.py --services smtp start` then `scripts/test-servers.py stop` | PASS, independent processes, private supervisor shutdown |	https://github.com/PerryTS/turnloop/blob/a0fbb1bf9a100bb3215219f54301b9ee82ffe71f/docs/INTEGRATION_REPORT.md#L274
docs/INTEGRATION_REPORT.md	279	doc-progress	| CI `scripts/test-servers.py --ci-services run python3 scripts/ci/run-tests.py protocol` | **UNRUN**: no Docker/Linux host; CI retains this required command |	STILL TRUE — historical local; STALE as current coverage	P: real native and WASI 0.2 services; PW2/PW3: selected portable suites. Browser raw database TCP is unavailable; p3 real DB service run absent.	| `scripts/test-servers.py --services mongodb start` then `scripts/test-servers.py stop` | PASS when serialized; all five recorded private ports closed | | `scripts/test-servers.py --services redis run false` | Expected exit 1 from the deliberate failing child; private cluster was started and cleaned up, state files absent afterward | | CI `scripts/test-servers.py --ci-services run python3 scripts/ci/run-tests.py protocol` | **UNRUN**: no Docker/Linux host; CI retains this required command |  Earlier failed fixture probes are preserved in the ledger: cleanup initially	https://github.com/PerryTS/turnloop/blob/a0fbb1bf9a100bb3215219f54301b9ee82ffe71f/docs/INTEGRATION_REPORT.md#L279
docs/INTEGRATION_REPORT.md	382	doc-progress	## Pending CI gates and exact follow-ups	STALE — current coverage/implementation	N-L/N-A/N-M/N-W, W2/W3, WEB, P, MODEL, PERF and GATE execute at exact main; see INTEGRATION_REPORT.md for scope.	readiness or claim that any package was uploaded.  ## Pending CI gates and exact follow-ups  | Gate | Follow-up; current status |	https://github.com/PerryTS/turnloop/blob/a0fbb1bf9a100bb3215219f54301b9ee82ffe71f/docs/INTEGRATION_REPORT.md#L382
docs/INTEGRATION_REPORT.md	386	doc-progress	| Windows native contracts | Wave 2: implement production IOCP Backend and instantiate the unchanged shared tests, including no-spin. Run `python3 scripts/ci/run-tests.py native` on Windows. Required job is retained; runtime **UNRUN** |	STALE — current coverage/implementation	N-W: required Windows default/executor/all-feature production suites execute; standalone spike reruns, ETW/cycles/minimum-version/long-soak are not implied.	| Gate | Follow-up; current status | |---|---| | Windows native contracts | Wave 2: implement production IOCP Backend and instantiate the unchanged shared tests, including no-spin. Run `python3 scripts/ci/run-tests.py native` on Windows. Required job is retained; runtime **UNRUN** | | WASI 0.2/0.3 contracts | Integrate providers and nonzero shared suites; solve persistent p3 bounded waitable-set stepping. Run `python3 scripts/ci/run-tests.py wasi --target wasm32-wasip2` and the p3 equivalent. Required jobs are explicitly pending; shared execution **UNRUN** | | WASI 0.3 workspace dependencies | Whole-workspace p3 Clippy **FAIL**: BSON's ahash/rand dependencies bring getrandom 0.3.4, which rejects the target. Resolve with a reviewed compatible dependency/provider and unchanged soak/allocation gates; no cfg exclusion or unsupported entropy fallback was added |	https://github.com/PerryTS/turnloop/blob/a0fbb1bf9a100bb3215219f54301b9ee82ffe71f/docs/INTEGRATION_REPORT.md#L386
docs/INTEGRATION_REPORT.md	387	doc-progress	| WASI 0.2/0.3 contracts | Integrate providers and nonzero shared suites; solve persistent p3 bounded waitable-set stepping. Run `python3 scripts/ci/run-tests.py wasi --target wasm32-wasip2` and the p3 equivalent. Required jobs are explicitly pending; shared execution **UNRUN** |	STILL TRUE — historical local; STALE as current coverage	N-W: required Windows default/executor/all-feature production suites execute; standalone spike reruns, ETW/cycles/minimum-version/long-soak are not implied.	|---|---| | Windows native contracts | Wave 2: implement production IOCP Backend and instantiate the unchanged shared tests, including no-spin. Run `python3 scripts/ci/run-tests.py native` on Windows. Required job is retained; runtime **UNRUN** | | WASI 0.2/0.3 contracts | Integrate providers and nonzero shared suites; solve persistent p3 bounded waitable-set stepping. Run `python3 scripts/ci/run-tests.py wasi --target wasm32-wasip2` and the p3 equivalent. Required jobs are explicitly pending; shared execution **UNRUN** | | WASI 0.3 workspace dependencies | Whole-workspace p3 Clippy **FAIL**: BSON's ahash/rand dependencies bring getrandom 0.3.4, which rejects the target. Resolve with a reviewed compatible dependency/provider and unchanged soak/allocation gates; no cfg exclusion or unsupported entropy fallback was added | | Browser/Node contracts | Add actual wasm-bindgen-test targets plus `web-tests`/`node-tests` metadata. Run `python3 scripts/ci/run-tests.py web` (Chrome AND Firefox) and `node`. Required job retained; shared execution **UNRUN** |	https://github.com/PerryTS/turnloop/blob/a0fbb1bf9a100bb3215219f54301b9ee82ffe71f/docs/INTEGRATION_REPORT.md#L387
docs/INTEGRATION_REPORT.md	389	doc-progress	| Browser/Node contracts | Add actual wasm-bindgen-test targets plus `web-tests`/`node-tests` metadata. Run `python3 scripts/ci/run-tests.py web` (Chrome AND Firefox) and `node`. Required job retained; shared execution **UNRUN** |	STALE — current coverage/implementation	P: real native and WASI 0.2 services; PW2/PW3: selected portable suites. Browser raw database TCP is unavailable; p3 real DB service run absent.	| WASI 0.2/0.3 contracts | Integrate providers and nonzero shared suites; solve persistent p3 bounded waitable-set stepping. Run `python3 scripts/ci/run-tests.py wasi --target wasm32-wasip2` and the p3 equivalent. Required jobs are explicitly pending; shared execution **UNRUN** | | WASI 0.3 workspace dependencies | Whole-workspace p3 Clippy **FAIL**: BSON's ahash/rand dependencies bring getrandom 0.3.4, which rejects the target. Resolve with a reviewed compatible dependency/provider and unchanged soak/allocation gates; no cfg exclusion or unsupported entropy fallback was added | | Browser/Node contracts | Add actual wasm-bindgen-test targets plus `web-tests`/`node-tests` metadata. Run `python3 scripts/ci/run-tests.py web` (Chrome AND Firefox) and `node`. Required job retained; shared execution **UNRUN** | | Instruction regression | Main committed `crates/turnloop-bench/benchmarks/instructions.json` with four measured cases and an exact control. Run `python3 scripts/ci/instructions.py` on Ubuntu 24.04 x86_64 with pinned Gungraun/Valgrind. Merged-tree runtime comparison is **UNRUN** locally; no baseline was synthesized or changed here | | SQL/full protocol services | Run the full local command outside the sandbox, and run the Docker CI job. SQL bodies, independent CI TLS probes and Docker cleanup are **UNRUN** here |	https://github.com/PerryTS/turnloop/blob/a0fbb1bf9a100bb3215219f54301b9ee82ffe71f/docs/INTEGRATION_REPORT.md#L389
docs/INTEGRATION_REPORT.md	390	doc-progress	| Instruction regression | Main committed `crates/turnloop-bench/benchmarks/instructions.json` with four measured cases and an exact control. Run `python3 scripts/ci/instructions.py` on Ubuntu 24.04 x86_64 with pinned Gungraun/Valgrind. Merged-tree runtime comparison is **UNRUN** locally; no baseline was synthesized or changed here |	STILL TRUE — historical local; STALE as current coverage	P: real native and WASI 0.2 services; PW2/PW3: selected portable suites. Browser raw database TCP is unavailable; p3 real DB service run absent.	| WASI 0.3 workspace dependencies | Whole-workspace p3 Clippy **FAIL**: BSON's ahash/rand dependencies bring getrandom 0.3.4, which rejects the target. Resolve with a reviewed compatible dependency/provider and unchanged soak/allocation gates; no cfg exclusion or unsupported entropy fallback was added | | Browser/Node contracts | Add actual wasm-bindgen-test targets plus `web-tests`/`node-tests` metadata. Run `python3 scripts/ci/run-tests.py web` (Chrome AND Firefox) and `node`. Required job retained; shared execution **UNRUN** | | Instruction regression | Main committed `crates/turnloop-bench/benchmarks/instructions.json` with four measured cases and an exact control. Run `python3 scripts/ci/instructions.py` on Ubuntu 24.04 x86_64 with pinned Gungraun/Valgrind. Merged-tree runtime comparison is **UNRUN** locally; no baseline was synthesized or changed here | | SQL/full protocol services | Run the full local command outside the sandbox, and run the Docker CI job. SQL bodies, independent CI TLS probes and Docker cleanup are **UNRUN** here | | Windows full cross-test lint | Supply real Windows SDK headers for ring or use the native Windows runner; no test-target cfg was removed to hide this limitation |	https://github.com/PerryTS/turnloop/blob/a0fbb1bf9a100bb3215219f54301b9ee82ffe71f/docs/INTEGRATION_REPORT.md#L390
docs/INTEGRATION_REPORT.md	391	doc-progress	| SQL/full protocol services | Run the full local command outside the sandbox, and run the Docker CI job. SQL bodies, independent CI TLS probes and Docker cleanup are **UNRUN** here |	STILL TRUE — historical local; STALE as current coverage	P: real native and WASI 0.2 services; PW2/PW3: selected portable suites. Browser raw database TCP is unavailable; p3 real DB service run absent.	| Browser/Node contracts | Add actual wasm-bindgen-test targets plus `web-tests`/`node-tests` metadata. Run `python3 scripts/ci/run-tests.py web` (Chrome AND Firefox) and `node`. Required job retained; shared execution **UNRUN** | | Instruction regression | Main committed `crates/turnloop-bench/benchmarks/instructions.json` with four measured cases and an exact control. Run `python3 scripts/ci/instructions.py` on Ubuntu 24.04 x86_64 with pinned Gungraun/Valgrind. Merged-tree runtime comparison is **UNRUN** locally; no baseline was synthesized or changed here | | SQL/full protocol services | Run the full local command outside the sandbox, and run the Docker CI job. SQL bodies, independent CI TLS probes and Docker cleanup are **UNRUN** here | | Windows full cross-test lint | Supply real Windows SDK headers for ring or use the native Windows runner; no test-target cfg was removed to hide this limitation | | Raw actionlint queue support | Upgrade to a checksum-pinned official release that understands `concurrency.queue`, then remove only the existing compatibility filter. Strict queue validation remains active |	https://github.com/PerryTS/turnloop/blob/a0fbb1bf9a100bb3215219f54301b9ee82ffe71f/docs/INTEGRATION_REPORT.md#L391
docs/INTEGRATION_REPORT.md	398	doc-progress	long soak/fault campaigns and Perry migration/A-B measurements are all **UNRUN**.	MIXED — superseded execution and live limits	PERF: control/idle/notify/timer_cancel executed. perf user/kernel and Perry attribution remain I13/P0-P8. Historical host limits and remaining requirements stay valid; not a blanket pass.	A real GitHub run, Linux x86_64/arm64, Windows, FreeBSD/mobile/Android runtime validation, Wasmtime/browser/Node shared contracts, instruction measurements, long soak/fault campaigns and Perry migration/A-B measurements are all **UNRUN**. No standalone spike or cross-compilation result substitutes for those tests. 	https://github.com/PerryTS/turnloop/blob/a0fbb1bf9a100bb3215219f54301b9ee82ffe71f/docs/INTEGRATION_REPORT.md#L398
docs/INTEGRATION_REPORT.md	415	doc-progress	distributions remain UNRUN; replace draft linear lookup/mutex queues at integration.	STALE — current coverage/implementation	WEB: 13 production tests each Chrome/Firefox/Node. Historical standalone spike command was not rerun by these jobs.	ends should be overlapped, child ends synchronous. Deferred CTRL_CLOSE cleanup is best effort. All 18 spike runtime tests, ETW/cycle/allocation/leak and precision distributions remain UNRUN; replace draft linear lookup/mutex queues at integration. - **WASM:** allocation-free p2 storage remains unresolved; p3 convenience async collection is not bounded stepping. Browser host allocation accounting,	https://github.com/PerryTS/turnloop/blob/a0fbb1bf9a100bb3215219f54301b9ee82ffe71f/docs/INTEGRATION_REPORT.md#L415
docs/adb-fix1-commands.md	9	doc-progress	UNRUN. The initial PG native/WASI failures came from the new rejection fixture's	STILL TRUE — historical local; STALE as current coverage	P: real native and WASI 0.2 services; PW2/PW3: selected portable suites. Browser raw database TCP is unavailable; p3 real DB service run absent.	 FAIL entries are retained. SQL startup failed before tests; their bodies are UNRUN. The initial PG native/WASI failures came from the new rejection fixture's OS error-category assumption; the final fixture proves exactly-once stream drop, zero startup bytes and the exact binding error. Windows all-target checking lacks	https://github.com/PerryTS/turnloop/blob/a0fbb1bf9a100bb3215219f54301b9ee82ffe71f/docs/adb-fix1-commands.md#L9
docs/adb-fix1-commands.md	67	doc-progress	| `python3 scripts/test-servers.py --services postgres,mysql run python3 scripts/ci/run-tests.py protocol --package turnloop-postgres --package turnloop-mysql` outside the sandbox | UNRUN post-fix; sandbox invocation above failed at initdb |	STILL TRUE — historical local; STALE as current coverage	P: real native and WASI 0.2 services; PW2/PW3: selected portable suites. Browser raw database TCP is unavailable; p3 real DB service run absent.	| Command / environment | Status | | --- | --- | | `python3 scripts/test-servers.py --services postgres,mysql run python3 scripts/ci/run-tests.py protocol --package turnloop-postgres --package turnloop-mysql` outside the sandbox | UNRUN post-fix; sandbox invocation above failed at initdb | | `python3 scripts/test-servers.py --services postgres,mysql run python3 scripts/ci/run-tests.py protocol-wasi --target wasm32-wasip2 --real-servers --package turnloop-postgres --package turnloop-mysql` | UNRUN (sandbox); source `.tools/wasm-env.sh` first | | `python3 scripts/ci/run-tests.py native` on Linux/Windows | UNRUN (hosts unavailable); cross-Clippy results above are compilation only |	https://github.com/PerryTS/turnloop/blob/a0fbb1bf9a100bb3215219f54301b9ee82ffe71f/docs/adb-fix1-commands.md#L67
docs/adb-fix1-commands.md	68	doc-progress	| `python3 scripts/test-servers.py --services postgres,mysql run python3 scripts/ci/run-tests.py protocol-wasi --target wasm32-wasip2 --real-servers --package turnloop-postgres --package turnloop-mysql` | UNRUN (sandbox); source `.tools/wasm-env.sh` first |	STILL TRUE — historical local; STALE as current coverage	P: real native and WASI 0.2 services; PW2/PW3: selected portable suites. Browser raw database TCP is unavailable; p3 real DB service run absent.	| --- | --- | | `python3 scripts/test-servers.py --services postgres,mysql run python3 scripts/ci/run-tests.py protocol --package turnloop-postgres --package turnloop-mysql` outside the sandbox | UNRUN post-fix; sandbox invocation above failed at initdb | | `python3 scripts/test-servers.py --services postgres,mysql run python3 scripts/ci/run-tests.py protocol-wasi --target wasm32-wasip2 --real-servers --package turnloop-postgres --package turnloop-mysql` | UNRUN (sandbox); source `.tools/wasm-env.sh` first | | `python3 scripts/ci/run-tests.py native` on Linux/Windows | UNRUN (hosts unavailable); cross-Clippy results above are compilation only | | Browser runtime | UNRUN; raw PostgreSQL TCP is unavailable in browsers |	https://github.com/PerryTS/turnloop/blob/a0fbb1bf9a100bb3215219f54301b9ee82ffe71f/docs/adb-fix1-commands.md#L68
docs/adb-fix1-commands.md	69	doc-progress	| `python3 scripts/ci/run-tests.py native` on Linux/Windows | UNRUN (hosts unavailable); cross-Clippy results above are compilation only |	MIXED — superseded execution and live limits	P: real native and WASI 0.2 services; PW2/PW3: selected portable suites. Browser raw database TCP is unavailable; p3 real DB service run absent. Historical host limits and remaining requirements stay valid; not a blanket pass.	| `python3 scripts/test-servers.py --services postgres,mysql run python3 scripts/ci/run-tests.py protocol --package turnloop-postgres --package turnloop-mysql` outside the sandbox | UNRUN post-fix; sandbox invocation above failed at initdb | | `python3 scripts/test-servers.py --services postgres,mysql run python3 scripts/ci/run-tests.py protocol-wasi --target wasm32-wasip2 --real-servers --package turnloop-postgres --package turnloop-mysql` | UNRUN (sandbox); source `.tools/wasm-env.sh` first | | `python3 scripts/ci/run-tests.py native` on Linux/Windows | UNRUN (hosts unavailable); cross-Clippy results above are compilation only | | Browser runtime | UNRUN; raw PostgreSQL TCP is unavailable in browsers |	https://github.com/PerryTS/turnloop/blob/a0fbb1bf9a100bb3215219f54301b9ee82ffe71f/docs/adb-fix1-commands.md#L69
docs/adb-fix1-commands.md	70	doc-progress	| Browser runtime | UNRUN; raw PostgreSQL TCP is unavailable in browsers |	STILL TRUE — historical local; STALE as current coverage	P: real native and WASI 0.2 services; PW2/PW3: selected portable suites. Browser raw database TCP is unavailable; p3 real DB service run absent.	| `python3 scripts/test-servers.py --services postgres,mysql run python3 scripts/ci/run-tests.py protocol-wasi --target wasm32-wasip2 --real-servers --package turnloop-postgres --package turnloop-mysql` | UNRUN (sandbox); source `.tools/wasm-env.sh` first | | `python3 scripts/ci/run-tests.py native` on Linux/Windows | UNRUN (hosts unavailable); cross-Clippy results above are compilation only | | Browser runtime | UNRUN; raw PostgreSQL TCP is unavailable in browsers |	https://github.com/PerryTS/turnloop/blob/a0fbb1bf9a100bb3215219f54301b9ee82ffe71f/docs/adb-fix1-commands.md#L70
docs/adb-fix2-commands.md	6	doc-progress	sequence the individually recorded commands. Ignored test bodies are UNRUN.	STILL TRUE — historical local; STALE as current coverage	N-W: required Windows default/executor/all-feature production suites execute; standalone spike reruns, ETW/cycles/minimum-version/long-soak are not implied.	nightly-2026-09-07. Logs are under `.tools/adb-fix2/`. The `run.py` wrapper records child exit status without retries; `checks.py`, `windows.py` and `final.py` merely sequence the individually recorded commands. Ignored test bodies are UNRUN. The WASI runner used the existing environment and never started/stopped servers. Its logs print each exact inner Cargo/Wasmtime invocation and positive test counts.	https://github.com/PerryTS/turnloop/blob/a0fbb1bf9a100bb3215219f54301b9ee82ffe71f/docs/adb-fix2-commands.md#L6
docs/core4-commands.md	3	doc-progress	PASS denotes exit zero; cross-checks are compilation only. Linux runtime UNRUN.	STILL TRUE — historical local; STALE as current coverage	N-L/N-A/N-M/N-W, W2/W3, WEB, P, MODEL, PERF and GATE execute at exact main; see INTEGRATION_REPORT.md for scope.	# core4 verification commands  PASS denotes exit zero; cross-checks are compilation only. Linux runtime UNRUN.  - **PASS** (exit 0): `python3 -W error -m unittest discover -s scripts/ci -p 'test_*.py' -v`; log `.tools/core4/logs/20260914T185829573516.log`.	https://github.com/PerryTS/turnloop/blob/a0fbb1bf9a100bb3215219f54301b9ee82ffe71f/docs/core4-commands.md#L3
docs/core4-commands.md	43	doc-progress	- **UNRUN**: Linux per-mode runtime, Linux workspace all-features runtime and hosted matrix/instruction gate; exact commands in LANE_REPORT.md.	STILL TRUE — historical local; STALE as current coverage	PERF: control/idle/notify/timer_cancel executed. perf user/kernel and Perry attribution remain I13/P0-P8.	- **PASS**: `cargo fmt --all` (initial formatting, before logged checks). - **PASS** read-only: `rustup target list --installed`; `cargo metadata --locked --no-deps --format-version 1`; Git/source/manifest/workflow inspection. - **UNRUN**: Linux per-mode runtime, Linux workspace all-features runtime and hosted matrix/instruction gate; exact commands in LANE_REPORT.md. - **PASS** (exit 0): `git diff --check`; log `.tools/core4/logs/20260914T190956617258.log`.	https://github.com/PerryTS/turnloop/blob/a0fbb1bf9a100bb3215219f54301b9ee82ffe71f/docs/core4-commands.md#L43
docs/core5-commands.md	103	doc-progress	- **UNRUN**: Linux x86_64/arm64 runtime (all six modes and 200 repetitions each),	STILL TRUE — historical local; STALE as current coverage	PERF: control/idle/notify/timer_cancel executed. perf user/kernel and Perry attribution remain I13/P0-P8.	toolchain/target inventory; IPv4/IPv6 Python SO_REUSEADDR duplicate-bind probe; upstream Linux UDP allocator and epoll manual inspection; final Git diff/status. - **UNRUN**: Linux x86_64/arm64 runtime (all six modes and 200 repetitions each), Windows/FreeBSD/Android runtime, browser/Node runtime, hosted CI and Linux instruction gates. See LANE_REPORT.md for exact Linux commands.	https://github.com/PerryTS/turnloop/blob/a0fbb1bf9a100bb3215219f54301b9ee82ffe71f/docs/core5-commands.md#L103
docs/core5-commands.md	106	doc-progress	- **UNRUN**: ignored external-server suites, including SQL sandbox prerequisites.	STILL TRUE — historical local; STALE as current coverage	P: real native and WASI 0.2 services; PW2/PW3: selected portable suites. Browser raw database TCP is unavailable; p3 real DB service run absent.	Windows/FreeBSD/Android runtime, browser/Node runtime, hosted CI and Linux instruction gates. See LANE_REPORT.md for exact Linux commands. - **UNRUN**: ignored external-server suites, including SQL sandbox prerequisites. No ignored test is counted as a pass. 	https://github.com/PerryTS/turnloop/blob/a0fbb1bf9a100bb3215219f54301b9ee82ffe71f/docs/core5-commands.md#L106
docs/core5-commands.md	109	doc-progress	- **PASS**: Linux integrator Python snippet parsed with `compile`; runtime remains UNRUN.	STILL TRUE — historical local; STALE as current coverage	N-L/N-A/N-M/N-W, W2/W3, WEB, P, MODEL, PERF and GATE execute at exact main; see INTEGRATION_REPORT.md for scope.	No ignored test is counted as a pass.  - **PASS**: Linux integrator Python snippet parsed with `compile`; runtime remains UNRUN.	https://github.com/PerryTS/turnloop/blob/a0fbb1bf9a100bb3215219f54301b9ee82ffe71f/docs/core5-commands.md#L109
docs/iocp-fix2-commands.md	4	doc-progress	Cross-Clippy compiles Windows code; all Windows runtime tests remain UNRUN locally.	STILL TRUE — historical local; STALE as current coverage	N-W: required Windows default/executor/all-feature production suites execute; standalone spike reruns, ETW/cycles/minimum-version/long-soak are not implied.	 Executed on macOS arm64 at base `87a44cd` plus the fix2 working tree. Cross-Clippy compiles Windows code; all Windows runtime tests remain UNRUN locally.  ## Build and policy gates	https://github.com/PerryTS/turnloop/blob/a0fbb1bf9a100bb3215219f54301b9ee82ffe71f/docs/iocp-fix2-commands.md#L4
docs/iocp-fix2-commands.md	31	doc-progress	Ignored/cfg-excluded bodies are UNRUN and excluded from these counts.	STILL TRUE — historical local; STALE as current coverage	N-W: required Windows default/executor/all-feature production suites execute; standalone spike reruns, ETW/cycles/minimum-version/long-soak are not implied.	 Each row was executed by `python3 scripts/ci/run-tests.py native`. Ignored/cfg-excluded bodies are UNRUN and excluded from these counts. Manifest paths are rendered relative to this clone; raw logs retain absolute paths. 	https://github.com/PerryTS/turnloop/blob/a0fbb1bf9a100bb3215219f54301b9ee82ffe71f/docs/iocp-fix2-commands.md#L31
docs/iocp-fix2-commands.md	75	doc-progress	All commands below are **UNRUN locally (no Windows host)**:	STILL TRUE — historical local; STALE as current coverage	N-W: required Windows default/executor/all-feature production suites execute; standalone spike reruns, ETW/cycles/minimum-version/long-soak are not implied.	## Windows runtime handoff  All commands below are **UNRUN locally (no Windows host)**:  | Result | Command |	https://github.com/PerryTS/turnloop/blob/a0fbb1bf9a100bb3215219f54301b9ee82ffe71f/docs/iocp-fix2-commands.md#L75
docs/iocp-fix2-commands.md	79	doc-progress	| UNRUN | `cargo test --locked -p turnloop --lib backend::iocp::process -- --nocapture` |	STILL TRUE — historical local; STALE as current coverage	N-W: required Windows default/executor/all-feature production suites execute; standalone spike reruns, ETW/cycles/minimum-version/long-soak are not implied.	| Result | Command | | --- | --- | | UNRUN | `cargo test --locked -p turnloop --lib backend::iocp::process -- --nocapture` | | UNRUN | `cargo test --locked -p turnloop-contract --test windows_lifetimes -- --nocapture` | | UNRUN | `cargo test --locked -p turnloop-contract --test allocations -- --test-threads=1` |	https://github.com/PerryTS/turnloop/blob/a0fbb1bf9a100bb3215219f54301b9ee82ffe71f/docs/iocp-fix2-commands.md#L79
docs/iocp-fix2-commands.md	80	doc-progress	| UNRUN | `cargo test --locked -p turnloop-contract --test windows_lifetimes -- --nocapture` |	STILL TRUE — historical local; STALE as current coverage	N-W: required Windows default/executor/all-feature production suites execute; standalone spike reruns, ETW/cycles/minimum-version/long-soak are not implied.	| --- | --- | | UNRUN | `cargo test --locked -p turnloop --lib backend::iocp::process -- --nocapture` | | UNRUN | `cargo test --locked -p turnloop-contract --test windows_lifetimes -- --nocapture` | | UNRUN | `cargo test --locked -p turnloop-contract --test allocations -- --test-threads=1` | | UNRUN | `python3 scripts/ci/run-tests.py native` (on Windows; all three modes) |	https://github.com/PerryTS/turnloop/blob/a0fbb1bf9a100bb3215219f54301b9ee82ffe71f/docs/iocp-fix2-commands.md#L80
docs/iocp-fix2-commands.md	81	doc-progress	| UNRUN | `cargo test --locked -p turnloop-contract --test allocations -- --test-threads=1` |	STILL TRUE — historical local; STALE as current coverage	N-W: required Windows default/executor/all-feature production suites execute; standalone spike reruns, ETW/cycles/minimum-version/long-soak are not implied.	| UNRUN | `cargo test --locked -p turnloop --lib backend::iocp::process -- --nocapture` | | UNRUN | `cargo test --locked -p turnloop-contract --test windows_lifetimes -- --nocapture` | | UNRUN | `cargo test --locked -p turnloop-contract --test allocations -- --test-threads=1` | | UNRUN | `python3 scripts/ci/run-tests.py native` (on Windows; all three modes) | 	https://github.com/PerryTS/turnloop/blob/a0fbb1bf9a100bb3215219f54301b9ee82ffe71f/docs/iocp-fix2-commands.md#L81
docs/iocp-fix2-commands.md	82	doc-progress	| UNRUN | `python3 scripts/ci/run-tests.py native` (on Windows; all three modes) |	STILL TRUE — historical local; STALE as current coverage	N-W: required Windows default/executor/all-feature production suites execute; standalone spike reruns, ETW/cycles/minimum-version/long-soak are not implied.	| UNRUN | `cargo test --locked -p turnloop-contract --test windows_lifetimes -- --nocapture` | | UNRUN | `cargo test --locked -p turnloop-contract --test allocations -- --test-threads=1` | | UNRUN | `python3 scripts/ci/run-tests.py native` (on Windows; all three modes) |  The lifetime suite must also run with normal libtest parallelism to check poison	https://github.com/PerryTS/turnloop/blob/a0fbb1bf9a100bb3215219f54301b9ee82ffe71f/docs/iocp-fix2-commands.md#L82
docs/iocp-fix2-commands.md	87	doc-progress	UNRUN in this lane; SQL remains UNRUN (sandbox).	STILL TRUE — historical local; STALE as current coverage	P: real native and WASI 0.2 services; PW2/PW3: selected portable suites. Browser raw database TCP is unavailable; p3 real DB service run absent.	recovery/isolation. Do not interpret native macOS zero-count Windows test binaries as Windows passes. Linux runtime, WASI/web runtime and ignored service bodies are UNRUN in this lane; SQL remains UNRUN (sandbox).	https://github.com/PerryTS/turnloop/blob/a0fbb1bf9a100bb3215219f54301b9ee82ffe71f/docs/iocp-fix2-commands.md#L87
docs/lanes/adapters-net.md	21	doc-progress	[The exact command ledger](docs/adapters-net-commands.md) records PASS/FAIL for all instrumented commands, including intermediate failures and corrected reruns. Logs are retained in `.tools/adapters-net/`. Commands below summarize the final results; explicit UNRUN commands follow. `CARGO_BUILD_JOBS=4`; large builds ran serially.	STILL TRUE — historical local; STALE as current coverage	N-L/N-A/N-M/N-W, W2/W3, WEB, P, MODEL, PERF and GATE execute at exact main; see INTEGRATION_REPORT.md for scope.	## Verification  [The exact command ledger](docs/adapters-net-commands.md) records PASS/FAIL for all instrumented commands, including intermediate failures and corrected reruns. Logs are retained in `.tools/adapters-net/`. Commands below summarize the final results; explicit UNRUN commands follow. `CARGO_BUILD_JOBS=4`; large builds ran serially.  | Command | Final result |	https://github.com/PerryTS/turnloop/blob/a0fbb1bf9a100bb3215219f54301b9ee82ffe71f/docs/lanes/adapters-net.md#L21
docs/lanes/adapters-net.md	72	doc-progress	### Environment and UNRUN work	STILL TRUE — historical local; STALE as current coverage	N-W: required Windows default/executor/all-feature production suites execute; standalone spike reruns, ETW/cycles/minimum-version/long-soak are not implied.	- Interop includes verified HTTPS, authenticated CONNECT, redirects/gzip, 100 HTTP/2 request/response rounds, a 262,144-byte HTTP/2 exchange crossing flow-control windows, and all 147 strict h2spec cases.  ### Environment and UNRUN work  | Command / runtime | Status and reason |	https://github.com/PerryTS/turnloop/blob/a0fbb1bf9a100bb3215219f54301b9ee82ffe71f/docs/lanes/adapters-net.md#L72
docs/lanes/adapters-net.md	76	doc-progress	| `python3 scripts/ci/run-tests.py web --browser chrome` | UNRUN (sandbox): compilation and matching ChromeDriver startup succeeded, but Chrome exited during session creation. Wrapper command reports FAIL; zero browser tests executed |	STILL TRUE — historical local; STALE as current coverage	N-W: required Windows default/executor/all-feature production suites execute; standalone spike reruns, ETW/cycles/minimum-version/long-soak are not implied.	| Command / runtime | Status and reason | | --- | --- | | `python3 scripts/ci/run-tests.py web --browser chrome` | UNRUN (sandbox): compilation and matching ChromeDriver startup succeeded, but Chrome exited during session creation. Wrapper command reports FAIL; zero browser tests executed | | `python3 scripts/ci/run-tests.py web --browser firefox` | UNRUN, Firefox not installed | | `python3 scripts/ci/run-tests.py native` on Linux and Windows | UNRUN, no hosts; cross-Clippy is recorded separately |	https://github.com/PerryTS/turnloop/blob/a0fbb1bf9a100bb3215219f54301b9ee82ffe71f/docs/lanes/adapters-net.md#L76
docs/lanes/adapters-net.md	77	doc-progress	| `python3 scripts/ci/run-tests.py web --browser firefox` | UNRUN, Firefox not installed |	STILL TRUE — historical local; STALE as current coverage	PERF: control/idle/notify/timer_cancel executed. perf user/kernel and Perry attribution remain I13/P0-P8.	| --- | --- | | `python3 scripts/ci/run-tests.py web --browser chrome` | UNRUN (sandbox): compilation and matching ChromeDriver startup succeeded, but Chrome exited during session creation. Wrapper command reports FAIL; zero browser tests executed | | `python3 scripts/ci/run-tests.py web --browser firefox` | UNRUN, Firefox not installed | | `python3 scripts/ci/run-tests.py native` on Linux and Windows | UNRUN, no hosts; cross-Clippy is recorded separately | | `python3 scripts/ci/instructions.py` | UNRUN, requires Linux x86_64/Gungraun/Valgrind; committed baseline unchanged |	https://github.com/PerryTS/turnloop/blob/a0fbb1bf9a100bb3215219f54301b9ee82ffe71f/docs/lanes/adapters-net.md#L77
docs/lanes/adapters-net.md	78	doc-progress	| `python3 scripts/ci/run-tests.py native` on Linux and Windows | UNRUN, no hosts; cross-Clippy is recorded separately |	STILL TRUE — historical local; STALE as current coverage	P: real native and WASI 0.2 services; PW2/PW3: selected portable suites. Browser raw database TCP is unavailable; p3 real DB service run absent.	| `python3 scripts/ci/run-tests.py web --browser chrome` | UNRUN (sandbox): compilation and matching ChromeDriver startup succeeded, but Chrome exited during session creation. Wrapper command reports FAIL; zero browser tests executed | | `python3 scripts/ci/run-tests.py web --browser firefox` | UNRUN, Firefox not installed | | `python3 scripts/ci/run-tests.py native` on Linux and Windows | UNRUN, no hosts; cross-Clippy is recorded separately | | `python3 scripts/ci/instructions.py` | UNRUN, requires Linux x86_64/Gungraun/Valgrind; committed baseline unchanged | | Full `scripts/test-servers.py` SQL service run and Docker CI | UNRUN (sandbox/no Docker): PostgreSQL shmget denied and MySQL initialization crashes, as supplied in the task; async HTTP fixture runs succeeded |	https://github.com/PerryTS/turnloop/blob/a0fbb1bf9a100bb3215219f54301b9ee82ffe71f/docs/lanes/adapters-net.md#L78
docs/lanes/adapters-net.md	79	doc-progress	| `python3 scripts/ci/instructions.py` | UNRUN, requires Linux x86_64/Gungraun/Valgrind; committed baseline unchanged |	STILL TRUE — historical local; STALE as current coverage	P: real native and WASI 0.2 services; PW2/PW3: selected portable suites. Browser raw database TCP is unavailable; p3 real DB service run absent.	| `python3 scripts/ci/run-tests.py web --browser firefox` | UNRUN, Firefox not installed | | `python3 scripts/ci/run-tests.py native` on Linux and Windows | UNRUN, no hosts; cross-Clippy is recorded separately | | `python3 scripts/ci/instructions.py` | UNRUN, requires Linux x86_64/Gungraun/Valgrind; committed baseline unchanged | | Full `scripts/test-servers.py` SQL service run and Docker CI | UNRUN (sandbox/no Docker): PostgreSQL shmget denied and MySQL initialization crashes, as supplied in the task; async HTTP fixture runs succeeded | | GitHub required `ci-gate` on the integrated tree | UNRUN locally; workflow retains all prerequisites and Windows full-target failure must be resolved before claiming green |	https://github.com/PerryTS/turnloop/blob/a0fbb1bf9a100bb3215219f54301b9ee82ffe71f/docs/lanes/adapters-net.md#L79
docs/lanes/adapters-net.md	80	doc-progress	| Full `scripts/test-servers.py` SQL service run and Docker CI | UNRUN (sandbox/no Docker): PostgreSQL shmget denied and MySQL initialization crashes, as supplied in the task; async HTTP fixture runs succeeded |	STILL TRUE — historical local; STALE as current coverage	P: real native and WASI 0.2 services; PW2/PW3: selected portable suites. Browser raw database TCP is unavailable; p3 real DB service run absent.	| `python3 scripts/ci/run-tests.py native` on Linux and Windows | UNRUN, no hosts; cross-Clippy is recorded separately | | `python3 scripts/ci/instructions.py` | UNRUN, requires Linux x86_64/Gungraun/Valgrind; committed baseline unchanged | | Full `scripts/test-servers.py` SQL service run and Docker CI | UNRUN (sandbox/no Docker): PostgreSQL shmget denied and MySQL initialization crashes, as supplied in the task; async HTTP fixture runs succeeded | | GitHub required `ci-gate` on the integrated tree | UNRUN locally; workflow retains all prerequisites and Windows full-target failure must be resolved before claiming green | 	https://github.com/PerryTS/turnloop/blob/a0fbb1bf9a100bb3215219f54301b9ee82ffe71f/docs/lanes/adapters-net.md#L80
docs/lanes/adapters-net.md	81	doc-progress	| GitHub required `ci-gate` on the integrated tree | UNRUN locally; workflow retains all prerequisites and Windows full-target failure must be resolved before claiming green |	STALE — current coverage/implementation	P: real native and WASI 0.2 services; PW2/PW3: selected portable suites. Browser raw database TCP is unavailable; p3 real DB service run absent.	| `python3 scripts/ci/instructions.py` | UNRUN, requires Linux x86_64/Gungraun/Valgrind; committed baseline unchanged | | Full `scripts/test-servers.py` SQL service run and Docker CI | UNRUN (sandbox/no Docker): PostgreSQL shmget denied and MySQL initialization crashes, as supplied in the task; async HTTP fixture runs succeeded | | GitHub required `ci-gate` on the integrated tree | UNRUN locally; workflow retains all prerequisites and Windows full-target failure must be resolved before claiming green |  WASI commands source `.tools/wasm-env.sh` (verified WASI SDK 34), use the repository's pinned p3 toolchain and the verified local Wasmtime 46 install. Node/browser tools use the pinned wasm-bindgen CLI and clone-local `WASM_PACK_CACHE`/`XDG_CACHE_HOME`. Cross C builds use clone-local Zig wrappers/caches. An inherited Wasmtime symlink into another clone initially caused an install failure; it was replaced with a symlink to this clone's verified install, without external writes. Initial failures, including Windows, Chrome, allocator/upgrade/framing/GOAWAY regressions and their fixes, remain in the command ledger.	https://github.com/PerryTS/turnloop/blob/a0fbb1bf9a100bb3215219f54301b9ee82ffe71f/docs/lanes/adapters-net.md#L81
docs/lanes/ci.md	4	doc-progress	repository is not yet proven green.** Missing core/contract/bench interfaces and	STALE — current coverage/implementation	N-L/N-A/N-M/N-W, W2/W3, WEB, P, MODEL, PERF and GATE execute at exact main; see INTEGRATION_REPORT.md for scope.	 Status: CI/release automation is implemented and locally checked. **The integrated repository is not yet proven green.** Missing core/contract/bench interfaces and protocol harness migrations below are enforced failures, not skipped successes. 	https://github.com/PerryTS/turnloop/blob/a0fbb1bf9a100bb3215219f54301b9ee82ffe71f/docs/lanes/ci.md#L4
docs/lanes/ci.md	102	doc-progress	"| `NEEDS_JSON='{""lint"":{""result"":""success""},""self-hosted-windows"":{""result"":""skipped""}}' SELF_HOSTED_WINDOWS=false python3 scripts/ci/ci-gate.py` | **PASS**, inspected two mock job results; live fan-in remains UNRUN |"	STALE — current coverage/implementation	P: real native and WASI 0.2 services; PW2/PW3: selected portable suites. Browser raw database TCP is unavailable; p3 real DB service run absent.	"| `python3 scripts/ci/{check-ci,install-tools,instructions,no_tokio,release,run-tests,soak,verify-crate}.py --help` (each independently) | **PASS**; help-only for mutating or unavailable external operations | | `bash scripts/ci/{bootstrap-services,bootstrap-redis-cluster,bootstrap-mongo-replica,cleanup-services,no-tokio}.sh --help` (each independently) | **PASS**, command interfaces; does not claim Docker execution | | `NEEDS_JSON='{""lint"":{""result"":""success""},""self-hosted-windows"":{""result"":""skipped""}}' SELF_HOSTED_WINDOWS=false python3 scripts/ci/ci-gate.py` | **PASS**, inspected two mock job results; live fan-in remains UNRUN |  Adversarial tests prove rejection of every banned crate, malformed/empty graphs,"	https://github.com/PerryTS/turnloop/blob/a0fbb1bf9a100bb3215219f54301b9ee82ffe71f/docs/lanes/ci.md#L102
docs/lanes/ci.md	148	doc-progress	"| `python3 scripts/ci/run-tests.py miri --manifest-path ""$F""` | **FAIL**, `Core must mark pure-Rust tests with package.metadata.turnloop-ci.miri-filters`; actual Miri execution **UNRUN** |"	STALE — current coverage/implementation	WEB: 13 production tests each Chrome/Firefox/Node. Historical standalone spike command was not rerun by these jobs.	"| `python3 scripts/ci/run-tests.py wasi --target wasm32-wasip2 --manifest-path ""$F""` | **FAIL**, binaries ran under Wasmtime but all report `0 passed`; wrapper rejects zero-test success | | Same with `--target wasm32-wasip3` | **FAIL**, same zero-test error on nightly-2026-09-07; p3 binaries successfully launch under pinned Wasmtime | | `python3 scripts/ci/run-tests.py miri --manifest-path ""$F""` | **FAIL**, `Core must mark pure-Rust tests with package.metadata.turnloop-ci.miri-filters`; actual Miri execution **UNRUN** | | Same with `web` and `node` (each independently) | **FAIL**, contract member lacks `web-tests`/`node-tests` metadata; browser/Node contract execution **UNRUN** | | Same with `protocol` | **FAIL**, core snapshot has no protocol member; merged real-server execution **UNRUN** |"	https://github.com/PerryTS/turnloop/blob/a0fbb1bf9a100bb3215219f54301b9ee82ffe71f/docs/lanes/ci.md#L148
docs/lanes/ci.md	149	doc-progress	| Same with `web` and `node` (each independently) | **FAIL**, contract member lacks `web-tests`/`node-tests` metadata; browser/Node contract execution **UNRUN** |	STALE — current coverage/implementation	PERF: control/idle/notify/timer_cancel executed. perf user/kernel and Perry attribution remain I13/P0-P8.	"| Same with `--target wasm32-wasip3` | **FAIL**, same zero-test error on nightly-2026-09-07; p3 binaries successfully launch under pinned Wasmtime | | `python3 scripts/ci/run-tests.py miri --manifest-path ""$F""` | **FAIL**, `Core must mark pure-Rust tests with package.metadata.turnloop-ci.miri-filters`; actual Miri execution **UNRUN** | | Same with `web` and `node` (each independently) | **FAIL**, contract member lacks `web-tests`/`node-tests` metadata; browser/Node contract execution **UNRUN** | | Same with `protocol` | **FAIL**, core snapshot has no protocol member; merged real-server execution **UNRUN** | | `python3 scripts/ci/instructions.py --manifest-path ""$F""` | **FAIL**, `windlass-bench: add an iai-callgrind =0.16.1 benchmark target`; Linux Valgrind benchmark execution **UNRUN**, no Linux host or real baseline |"	https://github.com/PerryTS/turnloop/blob/a0fbb1bf9a100bb3215219f54301b9ee82ffe71f/docs/lanes/ci.md#L149
docs/lanes/ci.md	150	doc-progress	| Same with `protocol` | **FAIL**, core snapshot has no protocol member; merged real-server execution **UNRUN** |	STALE — current coverage/implementation	PERF: control/idle/notify/timer_cancel executed. perf user/kernel and Perry attribution remain I13/P0-P8.	"| `python3 scripts/ci/run-tests.py miri --manifest-path ""$F""` | **FAIL**, `Core must mark pure-Rust tests with package.metadata.turnloop-ci.miri-filters`; actual Miri execution **UNRUN** | | Same with `web` and `node` (each independently) | **FAIL**, contract member lacks `web-tests`/`node-tests` metadata; browser/Node contract execution **UNRUN** | | Same with `protocol` | **FAIL**, core snapshot has no protocol member; merged real-server execution **UNRUN** | | `python3 scripts/ci/instructions.py --manifest-path ""$F""` | **FAIL**, `windlass-bench: add an iai-callgrind =0.16.1 benchmark target`; Linux Valgrind benchmark execution **UNRUN**, no Linux host or real baseline | "	https://github.com/PerryTS/turnloop/blob/a0fbb1bf9a100bb3215219f54301b9ee82ffe71f/docs/lanes/ci.md#L150
docs/lanes/ci.md	151	doc-progress	"| `python3 scripts/ci/instructions.py --manifest-path ""$F""` | **FAIL**, `windlass-bench: add an iai-callgrind =0.16.1 benchmark target`; Linux Valgrind benchmark execution **UNRUN**, no Linux host or real baseline |"	STALE — current coverage/implementation	PERF: control/idle/notify/timer_cancel executed. perf user/kernel and Perry attribution remain I13/P0-P8.	"| Same with `web` and `node` (each independently) | **FAIL**, contract member lacks `web-tests`/`node-tests` metadata; browser/Node contract execution **UNRUN** | | Same with `protocol` | **FAIL**, core snapshot has no protocol member; merged real-server execution **UNRUN** | | `python3 scripts/ci/instructions.py --manifest-path ""$F""` | **FAIL**, `windlass-bench: add an iai-callgrind =0.16.1 benchmark target`; Linux Valgrind benchmark execution **UNRUN**, no Linux host or real baseline |  Read-only source inspection included all lane reports, actual manifests and"	https://github.com/PerryTS/turnloop/blob/a0fbb1bf9a100bb3215219f54301b9ee82ffe71f/docs/lanes/ci.md#L151
docs/lanes/ci.md	163	doc-progress	## UNRUN: needs a real host/GitHub repository	STILL TRUE — historical local; STALE as current coverage	N-L/N-A/N-M/N-W, W2/W3, WEB, P, MODEL, PERF and GATE execute at exact main; see INTEGRATION_REPORT.md for scope.	and Cargo's documented one-command override, with an executed checksum verifier.  ## UNRUN: needs a real host/GitHub repository  - Every actual GitHub workflow run, required-check behavior, queue behavior and	https://github.com/PerryTS/turnloop/blob/a0fbb1bf9a100bb3215219f54301b9ee82ffe71f/docs/lanes/ci.md#L163
docs/lanes/ci.md	190	doc-progress	2. **GitHub limit:** `queue:max` prevents replacement of pending main runs only up	STILL TRUE — limitation or scoped statement	Still applies in stated scope; advanced parity, perf attribution, mobile/FreeBSD, fuzz and long soak are not implied by green bounded CI. See REMAINING_WORK.md.	All other checks remain mandatory. Remove the filter once a released binary supports the field. Raw actionlint is explicitly FAIL, not misreported clean. 2. **GitHub limit:** `queue:max` prevents replacement of pending main runs only up to GitHub's 100-pending limit; beyond it GitHub cancels new runs. Absolute infinite queueing is not available in YAML. Documented monitoring/rerun requirement.	https://github.com/PerryTS/turnloop/blob/a0fbb1bf9a100bb3215219f54301b9ee82ffe71f/docs/lanes/ci.md#L190
docs/lanes/ci.md	191	doc-progress	to GitHub's 100-pending limit; beyond it GitHub cancels new runs. Absolute infinite	STILL TRUE — limitation or scoped statement	Still applies in stated scope; advanced parity, perf attribution, mobile/FreeBSD, fuzz and long soak are not implied by green bounded CI. See REMAINING_WORK.md.	supports the field. Raw actionlint is explicitly FAIL, not misreported clean. 2. **GitHub limit:** `queue:max` prevents replacement of pending main runs only up to GitHub's 100-pending limit; beyond it GitHub cancels new runs. Absolute infinite queueing is not available in YAML. Documented monitoring/rerun requirement. 3. **Release implementation:** release-plz authors PRs; native Cargo batch upload	https://github.com/PerryTS/turnloop/blob/a0fbb1bf9a100bb3215219f54301b9ee82ffe71f/docs/lanes/ci.md#L191
docs/lanes/core.md	46	doc-progress	Linux runtime behavior remains **UNRUN**.	STILL TRUE — historical local; STALE as current coverage	N-L/N-A/N-M/N-W, W2/W3, WEB, P, MODEL, PERF and GATE execute at exact main; see INTEGRATION_REPORT.md for scope.	6. epoll uses the same Unix engine: EPOLLET, eventfd, construction-time epoll_pwait2 probe, timerfd fallback and a feature to force that fallback. Cross-Clippy passes; Linux runtime behavior remains **UNRUN**. 7. Lazy process-wide bounded blocking pool, default four workers, per-loop completion routing, native blocking(f) and getaddrinfo resolution, panic isolation, and started	https://github.com/PerryTS/turnloop/blob/a0fbb1bf9a100bb3215219f54301b9ee82ffe71f/docs/lanes/core.md#L46
docs/lanes/core.md	95	doc-progress	### UNRUN verification	STILL TRUE — historical local; STALE as current coverage	N-L/N-A/N-M/N-W, W2/W3, WEB, P, MODEL, PERF and GATE execute at exact main; see INTEGRATION_REPORT.md for scope.	scheduler bounds, and median lateness below 500 us over twenty 250-us timers.  ### UNRUN verification  | Command / verification | Status and reason |	https://github.com/PerryTS/turnloop/blob/a0fbb1bf9a100bb3215219f54301b9ee82ffe71f/docs/lanes/core.md#L95
docs/lanes/core.md	99	doc-progress	| `cargo +nightly-2026-08-20 test --workspace --target x86_64-unknown-linux-gnu` | UNRUN: no Linux host/container; every Linux instantiation of the shared contracts and allocation/lifetime gates is unrun |	STILL TRUE — historical local; STALE as current coverage	PERF: control/idle/notify/timer_cancel executed. perf user/kernel and Perry attribution remain I13/P0-P8.	| Command / verification | Status and reason | |---|---| | `cargo +nightly-2026-08-20 test --workspace --target x86_64-unknown-linux-gnu` | UNRUN: no Linux host/container; every Linux instantiation of the shared contracts and allocation/lifetime gates is unrun | | Same command with `--features windlass/epoll-timerfd` | UNRUN: fallback runtime needs real Linux | | `cargo +nightly-2026-08-20 run --release -p windlass-bench --target x86_64-unknown-linux-gnu` | UNRUN: Linux perf instruction counter requires Linux and its perf permissions |	https://github.com/PerryTS/turnloop/blob/a0fbb1bf9a100bb3215219f54301b9ee82ffe71f/docs/lanes/core.md#L99
docs/lanes/core.md	100	doc-progress	| Same command with `--features windlass/epoll-timerfd` | UNRUN: fallback runtime needs real Linux |	STILL TRUE — historical local; STALE as current coverage	PERF: control/idle/notify/timer_cancel executed. perf user/kernel and Perry attribution remain I13/P0-P8.	|---|---| | `cargo +nightly-2026-08-20 test --workspace --target x86_64-unknown-linux-gnu` | UNRUN: no Linux host/container; every Linux instantiation of the shared contracts and allocation/lifetime gates is unrun | | Same command with `--features windlass/epoll-timerfd` | UNRUN: fallback runtime needs real Linux | | `cargo +nightly-2026-08-20 run --release -p windlass-bench --target x86_64-unknown-linux-gnu` | UNRUN: Linux perf instruction counter requires Linux and its perf permissions | | `.github/workflows/core.yml` native macOS/Linux x86_64/Linux arm64 jobs | UNRUN hosted CI: workflow authored locally, not pushed or executed on hosted runners |	https://github.com/PerryTS/turnloop/blob/a0fbb1bf9a100bb3215219f54301b9ee82ffe71f/docs/lanes/core.md#L100
docs/lanes/core.md	101	doc-progress	| `cargo +nightly-2026-08-20 run --release -p windlass-bench --target x86_64-unknown-linux-gnu` | UNRUN: Linux perf instruction counter requires Linux and its perf permissions |	STILL TRUE — historical environment	Do not erase historical read-only Git/absent-tag records; production main/trait revision is now integrated.	| `cargo +nightly-2026-08-20 test --workspace --target x86_64-unknown-linux-gnu` | UNRUN: no Linux host/container; every Linux instantiation of the shared contracts and allocation/lifetime gates is unrun | | Same command with `--features windlass/epoll-timerfd` | UNRUN: fallback runtime needs real Linux | | `cargo +nightly-2026-08-20 run --release -p windlass-bench --target x86_64-unknown-linux-gnu` | UNRUN: Linux perf instruction counter requires Linux and its perf permissions | | `.github/workflows/core.yml` native macOS/Linux x86_64/Linux arm64 jobs | UNRUN hosted CI: workflow authored locally, not pushed or executed on hosted runners | | Other-lane Windows/WASI 0.2/WASI 0.3/web backend runtime contracts | UNRUN in this lane: adapters belong to other clones; portable checks do not validate their behavior |	https://github.com/PerryTS/turnloop/blob/a0fbb1bf9a100bb3215219f54301b9ee82ffe71f/docs/lanes/core.md#L101
docs/lanes/core.md	102	doc-progress	| `.github/workflows/core.yml` native macOS/Linux x86_64/Linux arm64 jobs | UNRUN hosted CI: workflow authored locally, not pushed or executed on hosted runners |	STILL TRUE — historical local; STALE as current coverage	PERF: control/idle/notify/timer_cancel executed. perf user/kernel and Perry attribution remain I13/P0-P8.	| Same command with `--features windlass/epoll-timerfd` | UNRUN: fallback runtime needs real Linux | | `cargo +nightly-2026-08-20 run --release -p windlass-bench --target x86_64-unknown-linux-gnu` | UNRUN: Linux perf instruction counter requires Linux and its perf permissions | | `.github/workflows/core.yml` native macOS/Linux x86_64/Linux arm64 jobs | UNRUN hosted CI: workflow authored locally, not pushed or executed on hosted runners | | Other-lane Windows/WASI 0.2/WASI 0.3/web backend runtime contracts | UNRUN in this lane: adapters belong to other clones; portable checks do not validate their behavior | | FreeBSD, iOS, Android native execution; WASI 0.3 compilation | UNRUN: outside local checked-target/runtime coverage |	https://github.com/PerryTS/turnloop/blob/a0fbb1bf9a100bb3215219f54301b9ee82ffe71f/docs/lanes/core.md#L102
docs/lanes/core.md	103	doc-progress	| Other-lane Windows/WASI 0.2/WASI 0.3/web backend runtime contracts | UNRUN in this lane: adapters belong to other clones; portable checks do not validate their behavior |	STILL TRUE — historical local; STALE as current coverage	PERF: control/idle/notify/timer_cancel executed. perf user/kernel and Perry attribution remain I13/P0-P8.	| `cargo +nightly-2026-08-20 run --release -p windlass-bench --target x86_64-unknown-linux-gnu` | UNRUN: Linux perf instruction counter requires Linux and its perf permissions | | `.github/workflows/core.yml` native macOS/Linux x86_64/Linux arm64 jobs | UNRUN hosted CI: workflow authored locally, not pushed or executed on hosted runners | | Other-lane Windows/WASI 0.2/WASI 0.3/web backend runtime contracts | UNRUN in this lane: adapters belong to other clones; portable checks do not validate their behavior | | FreeBSD, iOS, Android native execution; WASI 0.3 compilation | UNRUN: outside local checked-target/runtime coverage | | DESIGN long-duration soak, exhaustive fault injection, Perry A/B regression budgets | UNRUN: broader integration milestones; current tests are bounded contracts, not those campaigns |	https://github.com/PerryTS/turnloop/blob/a0fbb1bf9a100bb3215219f54301b9ee82ffe71f/docs/lanes/core.md#L103
docs/lanes/core.md	104	doc-progress	| FreeBSD, iOS, Android native execution; WASI 0.3 compilation | UNRUN: outside local checked-target/runtime coverage |	MIXED — superseded execution and live limits	N-W: required Windows default/executor/all-feature production suites execute; standalone spike reruns, ETW/cycles/minimum-version/long-soak are not implied. Historical host limits and remaining requirements stay valid; not a blanket pass.	| `.github/workflows/core.yml` native macOS/Linux x86_64/Linux arm64 jobs | UNRUN hosted CI: workflow authored locally, not pushed or executed on hosted runners | | Other-lane Windows/WASI 0.2/WASI 0.3/web backend runtime contracts | UNRUN in this lane: adapters belong to other clones; portable checks do not validate their behavior | | FreeBSD, iOS, Android native execution; WASI 0.3 compilation | UNRUN: outside local checked-target/runtime coverage | | DESIGN long-duration soak, exhaustive fault injection, Perry A/B regression budgets | UNRUN: broader integration milestones; current tests are bounded contracts, not those campaigns | | Requested per-step commits and final report commit | UNRUN after the initial permission failure; `.git` stays read-only and escalation is forbidden |	https://github.com/PerryTS/turnloop/blob/a0fbb1bf9a100bb3215219f54301b9ee82ffe71f/docs/lanes/core.md#L104
docs/lanes/core.md	105	doc-progress	| DESIGN long-duration soak, exhaustive fault injection, Perry A/B regression budgets | UNRUN: broader integration milestones; current tests are bounded contracts, not those campaigns |	STILL TRUE — historical environment	Do not erase historical read-only Git/absent-tag records; production main/trait revision is now integrated.	| Other-lane Windows/WASI 0.2/WASI 0.3/web backend runtime contracts | UNRUN in this lane: adapters belong to other clones; portable checks do not validate their behavior | | FreeBSD, iOS, Android native execution; WASI 0.3 compilation | UNRUN: outside local checked-target/runtime coverage | | DESIGN long-duration soak, exhaustive fault injection, Perry A/B regression budgets | UNRUN: broader integration milestones; current tests are bounded contracts, not those campaigns | | Requested per-step commits and final report commit | UNRUN after the initial permission failure; `.git` stays read-only and escalation is forbidden | 	https://github.com/PerryTS/turnloop/blob/a0fbb1bf9a100bb3215219f54301b9ee82ffe71f/docs/lanes/core.md#L105
docs/lanes/core.md	106	doc-progress	| Requested per-step commits and final report commit | UNRUN after the initial permission failure; `.git` stays read-only and escalation is forbidden |	STILL TRUE — historical environment	Do not erase historical read-only Git/absent-tag records; production main/trait revision is now integrated.	| FreeBSD, iOS, Android native execution; WASI 0.3 compilation | UNRUN: outside local checked-target/runtime coverage | | DESIGN long-duration soak, exhaustive fault injection, Perry A/B regression budgets | UNRUN: broader integration milestones; current tests are bounded contracts, not those campaigns | | Requested per-step commits and final report commit | UNRUN after the initial permission failure; `.git` stays read-only and escalation is forbidden |  ## Instruction baselines (macOS arm64)	https://github.com/PerryTS/turnloop/blob/a0fbb1bf9a100bb3215219f54301b9ee82ffe71f/docs/lanes/core.md#L106
docs/lanes/core.md	278	doc-progress	- UNRUN: step 2/3/4 commits; `.git` remains read-only. `git tag trait-v0` was also	STILL TRUE — historical environment	Do not erase historical read-only Git/absent-tag records; production main/trait revision is now integrated.	`cargo +stable check --workspace` all PASS. - FAIL then PASS (step 4 initial Clippy): collapsible if in notifier corrected. - UNRUN: step 2/3/4 commits; `.git` remains read-only. `git tag trait-v0` was also attempted and failed to create the ref lock (Operation not permitted). 	https://github.com/PerryTS/turnloop/blob/a0fbb1bf9a100bb3215219f54301b9ee82ffe71f/docs/lanes/core.md#L278
docs/lanes/core.md	286	doc-progress	detach/attach, and UDP bind/send_to/recv. Pending operations use intrusive queues.	STILL TRUE — behavior/policy, not open work	Pending means operation/queue/phase state or a reporting rule. Read linked context; no missing implementation inferred.	TCP connect/listen/accept and accept_start, provided/pooled reads and read_start, full-buffer writes/writev, shutdown, cancellation, close, SO_REUSEPORT, owning detach/attach, and UDP bind/send_to/recv. Pending operations use intrusive queues. - epoll: the same Unix engine, eventfd wake, epoll_pwait2 probe at construction, timerfd fallback, and `epoll-timerfd` feature to force the fallback in Linux CI.	https://github.com/PerryTS/turnloop/blob/a0fbb1bf9a100bb3215219f54301b9ee82ffe71f/docs/lanes/core.md#L286
docs/lanes/core.md	311	doc-progress	- UNRUN: `cargo test --workspace --target x86_64-unknown-linux-gnu` and forced timerfd	STILL TRUE — historical local; STALE as current coverage	N-L/N-A/N-M/N-W, W2/W3, WEB, P, MODEL, PERF and GATE execute at exact main; see INTEGRATION_REPORT.md for scope.	`cargo +nightly-2026-08-20 check --workspace --target x86_64-unknown-linux-gnu --features windlass/epoll-timerfd`; `cargo +stable check --workspace`. - UNRUN: `cargo test --workspace --target x86_64-unknown-linux-gnu` and forced timerfd runtime variant: no Linux machine or container. Cross-check success is not runtime proof. - UNRUN: step 5/6 commits, blocked by the same explicit read-only `.git` permission.	https://github.com/PerryTS/turnloop/blob/a0fbb1bf9a100bb3215219f54301b9ee82ffe71f/docs/lanes/core.md#L311
docs/lanes/core.md	313	doc-progress	- UNRUN: step 5/6 commits, blocked by the same explicit read-only `.git` permission.	STILL TRUE — historical environment	Do not erase historical read-only Git/absent-tag records; production main/trait revision is now integrated.	- UNRUN: `cargo test --workspace --target x86_64-unknown-linux-gnu` and forced timerfd runtime variant: no Linux machine or container. Cross-check success is not runtime proof. - UNRUN: step 5/6 commits, blocked by the same explicit read-only `.git` permission. - Reference checks: Apple kevent manual and Linux man-pages epoll/timerfd documentation; local libc 0.2.175 bindings used for ABI details. No new runtime dependency besides libc.	https://github.com/PerryTS/turnloop/blob/a0fbb1bf9a100bb3215219f54301b9ee82ffe71f/docs/lanes/core.md#L313
docs/lanes/core.md	453	doc-progress	The existing assertion was preserved. Tracking native pending operations avoids	STILL TRUE — behavior/policy, not open work	Pending means operation/queue/phase state or a reporting rule. Read linked context; no missing implementation inferred.	- **FAIL:** the first `sh scripts/verify-core.sh` after this change found `native::bounded_capacity_and_stale_ids`, os_waits `left: 1`, `right: 0`. The existing assertion was preserved. Tracking native pending operations avoids an unnecessary poll when only core results are queued. - **PASS:** the backlog regression now delivers 80 posts, 16 cancellations and 16	https://github.com/PerryTS/turnloop/blob/a0fbb1bf9a100bb3215219f54301b9ee82ffe71f/docs/lanes/core.md#L453
docs/lanes/core3.md	4	doc-progress	UNRUN**; exact x86_64/arm64 integrator commands are below. Starting revision:	STILL TRUE — historical local; STALE as current coverage	N-L/N-A/N-M/N-W, W2/W3, WEB, P, MODEL, PERF and GATE execute at exact main; see INTEGRATION_REPORT.md for scope.	 Implementation and local verification are complete. **Linux runtime remains UNRUN**; exact x86_64/arm64 integrator commands are below. Starting revision: `b78d533`. Read DESIGN.md, CONTRIBUTING.md, docs/INTEGRATION_REPORT.md and the core/CI lane reports completely; no applicable AGENTS.md. The prior root report	https://github.com/PerryTS/turnloop/blob/a0fbb1bf9a100bb3215219f54301b9ee82ffe71f/docs/lanes/core3.md#L4
docs/lanes/core3.md	42	doc-progress	applicable Node/curl interop. Existing Windows pending-contract metadata and	STALE — current coverage/implementation	N-W: required Windows default/executor/all-feature production suites execute; standalone spike reruns, ETW/cycles/minimum-version/long-soak are not implied.	fail-fast disabled and required through `ci-gate`. Each runs the workspace, independently requires positive core/protocol/contract counts, and runs applicable Node/curl interop. Existing Windows pending-contract metadata and the WASI/web jobs are unchanged. - **Feature coverage gate:** `scripts/ci/feature_modes.py` reads the manifest and	https://github.com/PerryTS/turnloop/blob/a0fbb1bf9a100bb3215219f54301b9ee82ffe71f/docs/lanes/core3.md#L42
docs/lanes/core3.md	64	doc-progress	| Same full-workspace Clippy with `--target x86_64-unknown-linux-gnu`, default and all features | PASS; Linux runtime UNRUN |	STILL TRUE — historical local; STALE as current coverage	N-W: required Windows default/executor/all-feature production suites execute; standalone spike reruns, ETW/cycles/minimum-version/long-soak are not implied.	| `cargo fmt --all --check` | PASS | | `cargo clippy --locked --workspace --all-targets -- -D warnings -D clippy::undocumented_unsafe_blocks`, default and `--all-features` | PASS native | | Same full-workspace Clippy with `--target x86_64-unknown-linux-gnu`, default and all features | PASS; Linux runtime UNRUN | | Core/contract/bench all-target Linux x86_64 Clippy separately with `--features turnloop/epoll-timerfd` and `--features turnloop/process-sigchld` | PASS | | Core/contract/bench all-target/all-feature Clippy for Linux arm64, Windows MSVC, WASI 0.2 and browser wasm | PASS |	https://github.com/PerryTS/turnloop/blob/a0fbb1bf9a100bb3215219f54301b9ee82ffe71f/docs/lanes/core3.md#L64
docs/lanes/core3.md	85	doc-progress	UNRUN, never included in positive passed-test counts.	STILL TRUE — behavior/policy, not open work	Pending means operation/queue/phase state or a reporting rule. Read linked context; no missing implementation inferred.	and independent contract in each mode). The new test asserts **360 expiries** with zero allocations across those executions. Ignored real-server tests are UNRUN, never included in positive passed-test counts.  Linux/Windows runtime, hosted GitHub CI/ci-gate execution and Linux instruction	https://github.com/PerryTS/turnloop/blob/a0fbb1bf9a100bb3215219f54301b9ee82ffe71f/docs/lanes/core3.md#L85
docs/lanes/core3.md	88	doc-progress	measurements are **UNRUN (no host)**. WASI/browser production backend runtime is	MIXED — superseded execution and live limits	P: real native and WASI 0.2 services; PW2/PW3: selected portable suites. Browser raw database TCP is unavailable; p3 real DB service run absent. Historical host limits and remaining requirements stay valid; not a blanket pass.	 Linux/Windows runtime, hosted GitHub CI/ci-gate execution and Linux instruction measurements are **UNRUN (no host)**. WASI/browser production backend runtime is **UNRUN in this lane**; no cross-check substitutes for it. SQL real-server bodies remain **UNRUN (sandbox)** and were not retried here. The pre-existing intentional	https://github.com/PerryTS/turnloop/blob/a0fbb1bf9a100bb3215219f54301b9ee82ffe71f/docs/lanes/core3.md#L88
docs/lanes/core3.md	89	doc-progress	**UNRUN in this lane**; no cross-check substitutes for it. SQL real-server bodies	STILL TRUE — historical local; STALE as current coverage	P: real native and WASI 0.2 services; PW2/PW3: selected portable suites. Browser raw database TCP is unavailable; p3 real DB service run absent.	Linux/Windows runtime, hosted GitHub CI/ci-gate execution and Linux instruction measurements are **UNRUN (no host)**. WASI/browser production backend runtime is **UNRUN in this lane**; no cross-check substitutes for it. SQL real-server bodies remain **UNRUN (sandbox)** and were not retried here. The pre-existing intentional curl-unavailable test logs one UNRUN curl leg while proving its Node 100-stream	https://github.com/PerryTS/turnloop/blob/a0fbb1bf9a100bb3215219f54301b9ee82ffe71f/docs/lanes/core3.md#L89
docs/lanes/core3.md	90	doc-progress	remain **UNRUN (sandbox)** and were not retried here. The pre-existing intentional	STILL TRUE — historical local; STALE as current coverage	P: real native and WASI 0.2 services; PW2/PW3: selected portable suites. Browser raw database TCP is unavailable; p3 real DB service run absent.	measurements are **UNRUN (no host)**. WASI/browser production backend runtime is **UNRUN in this lane**; no cross-check substitutes for it. SQL real-server bodies remain **UNRUN (sandbox)** and were not retried here. The pre-existing intentional curl-unavailable test logs one UNRUN curl leg while proving its Node 100-stream leg ran; ordinary curl HTTP/1 and HTTP/2 legs pass.	https://github.com/PerryTS/turnloop/blob/a0fbb1bf9a100bb3215219f54301b9ee82ffe71f/docs/lanes/core3.md#L90
docs/lanes/core3.md	91	doc-progress	curl-unavailable test logs one UNRUN curl leg while proving its Node 100-stream	STILL TRUE — limitation or scoped statement	Still applies in stated scope; advanced parity, perf attribution, mobile/FreeBSD, fuzz and long soak are not implied by green bounded CI. See REMAINING_WORK.md.	**UNRUN in this lane**; no cross-check substitutes for it. SQL real-server bodies remain **UNRUN (sandbox)** and were not retried here. The pre-existing intentional curl-unavailable test logs one UNRUN curl leg while proving its Node 100-stream leg ran; ordinary curl HTTP/1 and HTTP/2 legs pass. 	https://github.com/PerryTS/turnloop/blob/a0fbb1bf9a100bb3215219f54301b9ee82ffe71f/docs/lanes/core3.md#L91
docs/lanes/core3.md	134	doc-progress	## Linux integrator commands (UNRUN here; execute on x86_64 and arm64)	STILL TRUE — historical local; STALE as current coverage	N-L/N-A/N-M/N-W, W2/W3, WEB, P, MODEL, PERF and GATE execute at exact main; see INTEGRATION_REPORT.md for scope.	Linux completion and performance are not claimed from macOS checks.  ## Linux integrator commands (UNRUN here; execute on x86_64 and arm64)  Run serially on each real Linux host, pinned nightly from rust-toolchain.toml.	https://github.com/PerryTS/turnloop/blob/a0fbb1bf9a100bb3215219f54301b9ee82ffe71f/docs/lanes/core3.md#L134
docs/lanes/core3.md	174	doc-progress	wait, `now() >= at`, and zero allocations. Linux runtime remains UNRUN until these	STILL TRUE — historical local; STALE as current coverage	N-L/N-A/N-M/N-W, W2/W3, WEB, P, MODEL, PERF and GATE execute at exact main; see INTEGRATION_REPORT.md for scope.	Return command exit codes, positive counts, and full failure diagnostics. In particular, the old file-backpressure test must retain one OS wait, one zero-event wait, `now() >= at`, and zero allocations. Linux runtime remains UNRUN until these results arrive; cross-Clippy is never substituted for that evidence.	https://github.com/PerryTS/turnloop/blob/a0fbb1bf9a100bb3215219f54301b9ee82ffe71f/docs/lanes/core3.md#L174
docs/lanes/core5.md	4	doc-progress	remains **UNRUN**; additional WASI 0.3 timing and Android lint failures are recorded	STILL TRUE — historical local; STALE as current coverage	W2/W3 and PW2/PW3 execute. p3 bounded-host questions I04, files I06, p3 DNS I05 and compressed Mongo allocations I03 remain.	 Status: implementation and requested local verification complete. Linux runtime remains **UNRUN**; additional WASI 0.3 timing and Android lint failures are recorded below. Base `fcea55e`; no commits are made by this agent (`.git` is read-only). 	https://github.com/PerryTS/turnloop/blob/a0fbb1bf9a100bb3215219f54301b9ee82ffe71f/docs/lanes/core5.md#L4
docs/lanes/core5.md	58	doc-progress	the other loop's potentially pending provided buffer (`map_or` evaluated its	STILL TRUE — behavior/policy, not open work	Pending means operation/queue/phase state or a reporting rule. Read linked context; no missing implementation inferred.	and checks sender **before** length with round/loop/identity context. No stray result is ignored/retried. Pooled-result handling also avoids eagerly borrowing the other loop's potentially pending provided buffer (`map_or` evaluated its fallback unconditionally). Counts, capacity-one backpressure, every length (including zero), cancellation/drop work and zero-allocation limits remain.	https://github.com/PerryTS/turnloop/blob/a0fbb1bf9a100bb3215219f54301b9ee82ffe71f/docs/lanes/core5.md#L58
docs/lanes/core5.md	86	doc-progress	Linux runtime is **UNRUN (no Linux host)**; Windows runtime likewise UNRUN.	STILL TRUE — historical local; STALE as current coverage	N-W: required Windows default/executor/all-feature production suites execute; standalone spike reruns, ETW/cycles/minimum-version/long-soak are not implied.	live IPv6 endpoints in each of its 600 processes. The new backend regressions pass 3/3 separately in every macOS mode. Linux runtime is **UNRUN (no Linux host)**; Windows runtime likewise UNRUN. No-tokio PASS on all eight target graphs and union, default/all features. Soak PASS: 251 locked registry versions, only the inherited exact rustls exception.	https://github.com/PerryTS/turnloop/blob/a0fbb1bf9a100bb3215219f54301b9ee82ffe71f/docs/lanes/core5.md#L86
docs/lanes/core5.md	104	doc-progress	| `cargo test --locked --workspace -- --test-threads=1` after final test edit | PASS 229 tests; ignored fixture tests remain UNRUN |	STILL TRUE — historical local; STALE as current coverage	N-W: required Windows default/executor/all-feature production suites execute; standalone spike reruns, ETW/cycles/minimum-version/long-soak are not implied.	| `cargo +stable check --locked --workspace --all-targets --all-features` | PASS | | `python3 scripts/ci/run-tests.py native` | PASS all three modes; workspace counts 229 / 237 / 245, independent contract counts 49 / 56 / 56; 1,210 passes including repetitions | | `cargo test --locked --workspace -- --test-threads=1` after final test edit | PASS 229 tests; ignored fixture tests remain UNRUN | | New backend tests, separately in each macOS mode | PASS 3 per mode, with actual IPv4/IPv6 bind and fd/port reuse | | Core/contract all-target/all-feature Clippy, Windows, WASI 0.2/0.3, web, FreeBSD | PASS (p3 uses nightly-2026-09-07) |	https://github.com/PerryTS/turnloop/blob/a0fbb1bf9a100bb3215219f54301b9ee82ffe71f/docs/lanes/core5.md#L104
docs/lanes/core5.md	110	doc-progress	| WASI 0.3 equivalent | FAIL twice: release timer median 2.016459 ms exceeds unchanged 2 ms limit while other builds ran; 8 core, 23 debug and 10 allocation tests PASS. Isolated rerun failed at 2.080250 ms; debug/core/allocation suites again PASS. Release tests after the abort are UNRUN; no threshold change or further retry |	MIXED — superseded execution and live limits	W2/W3 and PW2/PW3 execute. p3 bounded-host questions I04, files I06, p3 DNS I05 and compressed Mongo allocations I03 remain. Historical host limits and remaining requirements stay valid; not a blanket pass.	| Same Android Clippy with `--lib` | PASS libraries; does not replace the failed all-target check | | `python3 scripts/ci/run-tests.py wasi --target wasm32-wasip2` | PASS 6 core + 22 debug + 22 release semantic + 9 release allocation tests; direct final allocation invocation without stdin FAILed at the required stdio subject; corrected fixture rerun PASS 9/9 with real stdin | | WASI 0.3 equivalent | FAIL twice: release timer median 2.016459 ms exceeds unchanged 2 ms limit while other builds ran; 8 core, 23 debug and 10 allocation tests PASS. Isolated rerun failed at 2.080250 ms; debug/core/allocation suites again PASS. Release tests after the abort are UNRUN; no threshold change or further retry | | `bash scripts/ci/no-tokio.sh` | PASS, eight targets plus union, default/all features | | `python3 scripts/ci/soak.py` | PASS 251 locked versions; inherited rustls exception only |	https://github.com/PerryTS/turnloop/blob/a0fbb1bf9a100bb3215219f54301b9ee82ffe71f/docs/lanes/core5.md#L110
docs/lanes/core5.md	117	doc-progress	and Linux instruction measurements remain **UNRUN (no host)**. Web browser/Node	MIXED — superseded execution and live limits	P: real native and WASI 0.2 services; PW2/PW3: selected portable suites. Browser raw database TCP is unavailable; p3 real DB service run absent. Historical host limits and remaining requirements stay valid; not a blanket pass.	WASI runs use checksum-verified Wasmtime 46.0.0 installed by the existing script under `.tools/`. Windows, Linux, FreeBSD and Android runtime, hosted GitHub CI, and Linux instruction measurements remain **UNRUN (no host)**. Web browser/Node runtime is **UNRUN in this lane** (raw UDP is unsupported there). Ignored external server suites are **UNRUN**, including SQL sandbox limitations; no ignored/empty	https://github.com/PerryTS/turnloop/blob/a0fbb1bf9a100bb3215219f54301b9ee82ffe71f/docs/lanes/core5.md#L117
docs/lanes/core5.md	118	doc-progress	runtime is **UNRUN in this lane** (raw UDP is unsupported there). Ignored external	STILL TRUE — historical local; STALE as current coverage	P: real native and WASI 0.2 services; PW2/PW3: selected portable suites. Browser raw database TCP is unavailable; p3 real DB service run absent.	under `.tools/`. Windows, Linux, FreeBSD and Android runtime, hosted GitHub CI, and Linux instruction measurements remain **UNRUN (no host)**. Web browser/Node runtime is **UNRUN in this lane** (raw UDP is unsupported there). Ignored external server suites are **UNRUN**, including SQL sandbox limitations; no ignored/empty suite is counted as executed. No release, deployment, dependency or policy change.	https://github.com/PerryTS/turnloop/blob/a0fbb1bf9a100bb3215219f54301b9ee82ffe71f/docs/lanes/core5.md#L118
docs/lanes/core5.md	119	doc-progress	server suites are **UNRUN**, including SQL sandbox limitations; no ignored/empty	STILL TRUE — historical local; STALE as current coverage	P: real native and WASI 0.2 services; PW2/PW3: selected portable suites. Browser raw database TCP is unavailable; p3 real DB service run absent.	and Linux instruction measurements remain **UNRUN (no host)**. Web browser/Node runtime is **UNRUN in this lane** (raw UDP is unsupported there). Ignored external server suites are **UNRUN**, including SQL sandbox limitations; no ignored/empty suite is counted as executed. No release, deployment, dependency or policy change. The Android diagnostic is outside changed files and is retained as an open gate;	https://github.com/PerryTS/turnloop/blob/a0fbb1bf9a100bb3215219f54301b9ee82ffe71f/docs/lanes/core5.md#L119
docs/lanes/core5.md	149	doc-progress	## Linux x86_64 integrator commands (runtime UNRUN here)	STILL TRUE — historical local; STALE as current coverage	N-L/N-A/N-M/N-W, W2/W3, WEB, P, MODEL, PERF and GATE execute at exact main; see INTEGRATION_REPORT.md for scope.	suppress it or delete allocation coverage to obtain a green all-target gate.  ## Linux x86_64 integrator commands (runtime UNRUN here)  Run from the repository root on a real Linux x86_64 host. The required arm64	https://github.com/PerryTS/turnloop/blob/a0fbb1bf9a100bb3215219f54301b9ee82ffe71f/docs/lanes/core5.md#L149
docs/lanes/iocp-fix1.md	5	doc-progress	implemented; local verification complete. **All new Windows runtime tests are UNRUN (no Windows host).** The	STILL TRUE — historical local; STALE as current coverage	N-W: required Windows default/executor/all-feature production suites execute; standalone spike reruns, ETW/cycles/minimum-version/long-soak are not implied.	Base: PR #5 `windows/iocp-backend`, `28a49c8`. Development host: macOS arm64. Status: requested fixes and eleven new Windows regressions/allocation tests implemented; local verification complete. **All new Windows runtime tests are UNRUN (no Windows host).** The integrator's green run 34899966713 concerns the base, not this working tree. No commits or pushes are made here; `.git` is read-only.	https://github.com/PerryTS/turnloop/blob/a0fbb1bf9a100bb3215219f54301b9ee82ffe71f/docs/lanes/iocp-fix1.md#L5
docs/lanes/iocp-fix1.md	41	doc-progress	Event paths now retain pending state and defer rearm/cancel until the matching	STILL TRUE — behavior/policy, not open work	Pending means operation/queue/phase state or a reporting rule. Read linked context; no missing implementation inferred.	4. **STATUS_PENDING on timed waits — confirmed against timer.rs and Microsoft's documented contract.** cancel leaves the packet active on 0x103. Both wait and Event paths now retain pending state and defer rearm/cancel until the matching generation is dequeued. Stale generations do not clear it. The deterministic test substitutes NT association/cancellation functions, counts actual cancel	https://github.com/PerryTS/turnloop/blob/a0fbb1bf9a100bb3215219f54301b9ee82ffe71f/docs/lanes/iocp-fix1.md#L41
docs/lanes/iocp-fix1.md	44	doc-progress	calls, and uses real port packets to force wake → pending → stale generation →	STILL TRUE — behavior/policy, not open work	Pending means operation/queue/phase state or a reporting rule. Read linked context; no missing implementation inferred.	generation is dequeued. Stale generations do not clear it. The deterministic test substitutes NT association/cancellation functions, counts actual cancel calls, and uses real port packets to force wake → pending → stale generation → matching TIMER → successful next-generation reuse. It checks one wait and the private-timer empty-wait accounting. Existing deadline/allocation/no-spin gates	https://github.com/PerryTS/turnloop/blob/a0fbb1bf9a100bb3215219f54301b9ee82ffe71f/docs/lanes/iocp-fix1.md#L44
docs/lanes/iocp-fix1.md	91	doc-progress	UNRUN, never included in those counts. [Every nested native test command and its	STILL TRUE — historical local; STALE as current coverage	N-W: required Windows default/executor/all-feature production suites execute; standalone spike reruns, ETW/cycles/minimum-version/long-soak are not implied.	includes package repetitions. The unchanged native allocation and no-spin gates ran in every applicable mode. Ignored server and cfg-excluded Windows tests are UNRUN, never included in those counts. [Every nested native test command and its positive count](../iocp-fix1-commands.md) is recorded separately. 	https://github.com/PerryTS/turnloop/blob/a0fbb1bf9a100bb3215219f54301b9ee82ffe71f/docs/lanes/iocp-fix1.md#L91
docs/lanes/iocp-fix1.md	143	doc-progress	existing asynchronous close behavior while a watch is pending. If the watch has	STILL TRUE — behavior/policy, not open work	Pending means operation/queue/phase state or a reporting rule. Read linked context; no missing implementation inferred.	- Standalone Windows exit-watch cancellation intentionally differs from Unix's retained-until-reap observation policy. A separate closing flag preserves the existing asynchronous close behavior while a watch is pending. If the watch has already completed cancellation, the revision-2 API has no separate teardown operation to delay Closed: existing Child::Drop synchronizes termination on	https://github.com/PerryTS/turnloop/blob/a0fbb1bf9a100bb3215219f54301b9ee82ffe71f/docs/lanes/iocp-fix1.md#L143
docs/lanes/iocp-fix1.md	154	doc-progress	## UNRUN and next steps	STILL TRUE — historical local; STALE as current coverage	N-W: required Windows default/executor/all-feature production suites execute; standalone spike reruns, ETW/cycles/minimum-version/long-soak are not implied.	documents STATUS_PENDING prohibiting immediate packet reuse.  ## UNRUN and next steps  - Integrator: commit/push the coherent tree and relay windows-2025 default,	https://github.com/PerryTS/turnloop/blob/a0fbb1bf9a100bb3215219f54301b9ee82ffe71f/docs/lanes/iocp-fix1.md#L154
docs/lanes/iocp-fix1.md	158	doc-progress	remain UNRUN until those results arrive. Cross-Clippy is compilation only.	STILL TRUE — historical local; STALE as current coverage	N-W: required Windows default/executor/all-feature production suites execute; standalone spike reruns, ETW/cycles/minimum-version/long-soak are not implied.	- Integrator: commit/push the coherent tree and relay windows-2025 default, executor and all-features CI. New Windows unit/contract/allocation/handle tests remain UNRUN until those results arrive. Cross-Clippy is compilation only. - Run `cargo test --locked -p turnloop --lib backend::iocp -- --nocapture` and `cargo test --locked -p turnloop-contract --test windows_lifetimes -- --nocapture`	https://github.com/PerryTS/turnloop/blob/a0fbb1bf9a100bb3215219f54301b9ee82ffe71f/docs/lanes/iocp-fix1.md#L158
docs/lanes/iocp-fix1.md	164	doc-progress	- Reproduce the integrator's intermittent curl hang on Windows (UNRUN here):	MIXED — superseded execution and live limits	N-W: required Windows default/executor/all-feature production suites execute; standalone spike reruns, ETW/cycles/minimum-version/long-soak are not implied. Historical host limits and remaining requirements stay valid; not a blanket pass.	- Run `cargo test --locked -p turnloop-contract --test allocations -- --test-threads=1` and `python3 scripts/ci/run-tests.py native` on Windows. - Reproduce the integrator's intermittent curl hang on Windows (UNRUN here): `1..200 | % { cargo test -p turnloop-http --features turnloop --test asynchronous curl_against; if ($LASTEXITCODE) { break } }`. No claim that the batch fix explains or resolves that historical hang.	https://github.com/PerryTS/turnloop/blob/a0fbb1bf9a100bb3215219f54301b9ee82ffe71f/docs/lanes/iocp-fix1.md#L164
docs/lanes/iocp-fix1.md	173	doc-progress	- Linux/Windows runtime and Windows protocol cross-builds are UNRUN locally (no	STILL TRUE — historical local; STALE as current coverage	P: real native and WASI 0.2 services; PW2/PW3: selected portable suites. Browser raw database TCP is unavailable; p3 real DB service run absent.	CREATE_NO_WINDOW and KILL_ON_JOB_CLOSE semantics. Also preserve the review's synchronous-duplex FIFO and integration-helper error-reporting follow-ups. - Linux/Windows runtime and Windows protocol cross-builds are UNRUN locally (no hosts/Windows SDK for ring). SQL and browser runtime are UNRUN in this lane; known sandbox failures are not counted as test passes. No unrelated service or	https://github.com/PerryTS/turnloop/blob/a0fbb1bf9a100bb3215219f54301b9ee82ffe71f/docs/lanes/iocp-fix1.md#L173
docs/lanes/iocp-fix1.md	174	doc-progress	hosts/Windows SDK for ring). SQL and browser runtime are UNRUN in this lane;	STILL TRUE — historical local; STALE as current coverage	P: real native and WASI 0.2 services; PW2/PW3: selected portable suites. Browser raw database TCP is unavailable; p3 real DB service run absent.	synchronous-duplex FIFO and integration-helper error-reporting follow-ups. - Linux/Windows runtime and Windows protocol cross-builds are UNRUN locally (no hosts/Windows SDK for ring). SQL and browser runtime are UNRUN in this lane; known sandbox failures are not counted as test passes. No unrelated service or browser code was changed.	https://github.com/PerryTS/turnloop/blob/a0fbb1bf9a100bb3215219f54301b9ee82ffe71f/docs/lanes/iocp-fix1.md#L174
docs/lanes/iocp-fix1.md	181	doc-progress	Windows runtime for this follow-up is **UNRUN locally (no Windows host)**.	STILL TRUE — historical local; STALE as current coverage	N-W: required Windows default/executor/all-feature production suites execute; standalone spike reruns, ETW/cycles/minimum-version/long-soak are not implied.	 Base: integrator commit `87a44cd`, PR #5. Host: macOS arm64, 2026-09-15. Windows runtime for this follow-up is **UNRUN locally (no Windows host)**.  ### Root cause	https://github.com/PerryTS/turnloop/blob/a0fbb1bf9a100bb3215219f54301b9ee82ffe71f/docs/lanes/iocp-fix1.md#L181
docs/lanes/iocp-fix1.md	236	doc-progress	closes must leave readiness/status pending. Cleanup restores real APIs even	STILL TRUE — behavior/policy, not open work	Pending means operation/queue/phase state or a reporting rule. Read linked context; no missing implementation inferred.	child, with its wait unregistered, stays unsignaled. Counters require exactly one termination call and the appropriate exit query; two repeat kills and two closes must leave readiness/status pending. Cleanup restores real APIs even during assertion unwinding. - `termination_errors_keep_their_identity_and_allow_retry`: four process/job ×	https://github.com/PerryTS/turnloop/blob/a0fbb1bf9a100bb3215219f54301b9ee82ffe71f/docs/lanes/iocp-fix1.md#L236
docs/lanes/iocp-fix1.md	278	doc-progress	| UNRUN | `cargo test --locked -p turnloop --lib backend::iocp::process -- --nocapture` (Windows) |	STILL TRUE — historical local; STALE as current coverage	N-W: required Windows default/executor/all-feature production suites execute; standalone spike reruns, ETW/cycles/minimum-version/long-soak are not implied.	| PASS | `python3 .tools/iocp-fix2/audit.py` | | PASS | `git diff --check` | | UNRUN | `cargo test --locked -p turnloop --lib backend::iocp::process -- --nocapture` (Windows) | | UNRUN | `cargo test --locked -p turnloop-contract --test windows_lifetimes -- --nocapture` (Windows, default parallelism) | | UNRUN | `cargo test --locked -p turnloop-contract --test allocations -- --test-threads=1` (Windows) |	https://github.com/PerryTS/turnloop/blob/a0fbb1bf9a100bb3215219f54301b9ee82ffe71f/docs/lanes/iocp-fix1.md#L278
docs/lanes/iocp-fix1.md	279	doc-progress	| UNRUN | `cargo test --locked -p turnloop-contract --test windows_lifetimes -- --nocapture` (Windows, default parallelism) |	STILL TRUE — historical local; STALE as current coverage	N-W: required Windows default/executor/all-feature production suites execute; standalone spike reruns, ETW/cycles/minimum-version/long-soak are not implied.	| PASS | `git diff --check` | | UNRUN | `cargo test --locked -p turnloop --lib backend::iocp::process -- --nocapture` (Windows) | | UNRUN | `cargo test --locked -p turnloop-contract --test windows_lifetimes -- --nocapture` (Windows, default parallelism) | | UNRUN | `cargo test --locked -p turnloop-contract --test allocations -- --test-threads=1` (Windows) | | UNRUN | `python3 scripts/ci/run-tests.py native` (Windows) |	https://github.com/PerryTS/turnloop/blob/a0fbb1bf9a100bb3215219f54301b9ee82ffe71f/docs/lanes/iocp-fix1.md#L279
docs/lanes/iocp-fix1.md	280	doc-progress	| UNRUN | `cargo test --locked -p turnloop-contract --test allocations -- --test-threads=1` (Windows) |	STILL TRUE — historical local; STALE as current coverage	N-W: required Windows default/executor/all-feature production suites execute; standalone spike reruns, ETW/cycles/minimum-version/long-soak are not implied.	| UNRUN | `cargo test --locked -p turnloop --lib backend::iocp::process -- --nocapture` (Windows) | | UNRUN | `cargo test --locked -p turnloop-contract --test windows_lifetimes -- --nocapture` (Windows, default parallelism) | | UNRUN | `cargo test --locked -p turnloop-contract --test allocations -- --test-threads=1` (Windows) | | UNRUN | `python3 scripts/ci/run-tests.py native` (Windows) | 	https://github.com/PerryTS/turnloop/blob/a0fbb1bf9a100bb3215219f54301b9ee82ffe71f/docs/lanes/iocp-fix1.md#L280
docs/lanes/iocp-fix1.md	281	doc-progress	| UNRUN | `python3 scripts/ci/run-tests.py native` (Windows) |	STILL TRUE — historical local; STALE as current coverage	N-W: required Windows default/executor/all-feature production suites execute; standalone spike reruns, ETW/cycles/minimum-version/long-soak are not implied.	| UNRUN | `cargo test --locked -p turnloop-contract --test windows_lifetimes -- --nocapture` (Windows, default parallelism) | | UNRUN | `cargo test --locked -p turnloop-contract --test allocations -- --test-threads=1` (Windows) | | UNRUN | `python3 scripts/ci/run-tests.py native` (Windows) |  Native workspace counts are **236 / 243 / 276** (default/executor/all features),	https://github.com/PerryTS/turnloop/blob/a0fbb1bf9a100bb3215219f54301b9ee82ffe71f/docs/lanes/iocp-fix1.md#L281
docs/lanes/iocp-fix1.md	286	doc-progress	all applicable modes. Ignored services and cfg-excluded Windows tests are UNRUN.	STILL TRUE — historical local; STALE as current coverage	N-W: required Windows default/executor/all-feature production suites execute; standalone spike reruns, ETW/cycles/minimum-version/long-soak are not implied.	with **49 / 56 / 56** independently executed contract tests. The total **1,297 passes** includes package repetitions. Existing allocation/no-spin gates ran in all applicable modes. Ignored services and cfg-excluded Windows tests are UNRUN. No-tokio passes all eight targets plus their union, default/all features. The soak gate passes all **251 locked versions**, with only the inherited exact rustls	https://github.com/PerryTS/turnloop/blob/a0fbb1bf9a100bb3215219f54301b9ee82ffe71f/docs/lanes/iocp-fix1.md#L286
docs/lanes/iocp-fix1.md	289	doc-progress	exception. Linux runtime and WASI/web runtime are UNRUN in this Windows-only lane;	STILL TRUE — historical local; STALE as current coverage	P: real native and WASI 0.2 services; PW2/PW3: selected portable suites. Browser raw database TCP is unavailable; p3 real DB service run absent.	No-tokio passes all eight targets plus their union, default/all features. The soak gate passes all **251 locked versions**, with only the inherited exact rustls exception. Linux runtime and WASI/web runtime are UNRUN in this Windows-only lane; SQL bodies remain UNRUN (sandbox). 	https://github.com/PerryTS/turnloop/blob/a0fbb1bf9a100bb3215219f54301b9ee82ffe71f/docs/lanes/iocp-fix1.md#L289
docs/lanes/iocp-fix1.md	290	doc-progress	SQL bodies remain UNRUN (sandbox).	STILL TRUE — historical local; STALE as current coverage	P: real native and WASI 0.2 services; PW2/PW3: selected portable suites. Browser raw database TCP is unavailable; p3 real DB service run absent.	soak gate passes all **251 locked versions**, with only the inherited exact rustls exception. Linux runtime and WASI/web runtime are UNRUN in this Windows-only lane; SQL bodies remain UNRUN (sandbox).  ### Deviations, open items and next steps	https://github.com/PerryTS/turnloop/blob/a0fbb1bf9a100bb3215219f54301b9ee82ffe71f/docs/lanes/iocp-fix1.md#L290
docs/lanes/iocp-followups.md	5	doc-progress	Windows runtime **UNRUN (no Windows host)**. Base Windows CI	STILL TRUE — historical local; STALE as current coverage	N-W: required Windows default/executor/all-feature production suites execute; standalone spike reruns, ETW/cycles/minimum-version/long-soak are not implied.	Base `7f37e7e` (`0.1.0-alpha.2`), branch `lane/iocp-followups`. Development host: macOS arm64. Implementation and local verification complete. Windows runtime **UNRUN (no Windows host)**. Base Windows CI being green is historical evidence, not execution of these changes. No commits or pushes: `.git` is read-only and the integrator owns those actions.	https://github.com/PerryTS/turnloop/blob/a0fbb1bf9a100bb3215219f54301b9ee82ffe71f/docs/lanes/iocp-followups.md#L5
docs/lanes/iocp-followups.md	45	doc-progress	backlog refill, and another pending wait cancels before Closed.	STILL TRUE — behavior/policy, not open work	Pending means operation/queue/phase state or a reporting rule. Read linked context; no missing implementation inferred.	- Busy connect: 500 us / 2 ms / 10 ms deadlines, TimedOut exactly once, at most two turns / one empty wait; an unbounded connect demonstrably parks, succeeds after backlog refill, and another pending wait cancels before Closed. - 32 listener/busy-client drop cycles, reused listener names/handle slots, queued retired packets, native availability waits and exact warmed handle baseline.	https://github.com/PerryTS/turnloop/blob/a0fbb1bf9a100bb3215219f54301b9ee82ffe71f/docs/lanes/iocp-followups.md#L45
docs/lanes/iocp-followups.md	52	doc-progress	an exact cancellation error, then retries: no timeout can free pending state.	STILL TRUE — behavior/policy, not open work	Pending means operation/queue/phase state or a reporting rule. Read linked context; no missing implementation inferred.	- Shared native success/expired/explicit-cancel contract, executed on macOS and instantiated on Windows. A synthetic core test delays acknowledgement, forces an exact cancellation error, then retries: no timeout can free pending state.  Primary references: [WaitNamedPipeW](https://learn.microsoft.com/en-us/windows/win32/api/namedpipeapi/nf-namedpipeapi-waitnamedpipew),	https://github.com/PerryTS/turnloop/blob/a0fbb1bf9a100bb3215219f54301b9ee82ffe71f/docs/lanes/iocp-followups.md#L52
docs/lanes/iocp-followups.md	63	doc-progress	with the accepting loop's own port. Pending I/O registered a thread-pool wait.	STILL TRUE — behavior/policy, not open work	Pending means operation/queue/phase state or a reporting rule. Read linked context; no missing implementation inferred.	 **Root cause:** every accepted pipe was marked routed, including handles associated with the accepting loop's own port. Pending I/O registered a thread-pool wait.  **Fix:** transports retain known port ownership. Same-loop acceptance/reattachment	https://github.com/PerryTS/turnloop/blob/a0fbb1bf9a100bb3215219f54301b9ee82ffe71f/docs/lanes/iocp-followups.md#L63
docs/lanes/iocp-followups.md	71	doc-progress	call. 128 forced-pending bidirectional exchanges, before/after same-loop reattach,	STILL TRUE — behavior/policy, not open work	Pending means operation/queue/phase state or a reporting rule. Read linked context; no missing implementation inferred.	 **Tests:** a test-only thread-local counter increments at the actual registration call. 128 forced-pending bidirectional exchanges, before/after same-loop reattach, require zero registrations; moving the server to another port must register exactly one wait and return exact bytes. A separate unassociated-import test verifies direct	https://github.com/PerryTS/turnloop/blob/a0fbb1bf9a100bb3215219f54301b9ee82ffe71f/docs/lanes/iocp-followups.md#L71
docs/lanes/iocp-followups.md	97	doc-progress	bytes. Drop with 64 provided reads submitted and queued buffers still pending,	STILL TRUE — behavior/policy, not open work	Pending means operation/queue/phase state or a reporting rule. Read linked context; no missing implementation inferred.	cwd, exact stdout, one EOF and a successful exit. - Queue 64 regular-file writes; verify FIFO OpId/token/byte order and all 2,048 file bytes. Drop with 64 provided reads submitted and queued buffers still pending, mutate the released storage, then independently read the full file with a fresh worker. A separate gate measures 256 queued writes with zero allocations.	https://github.com/PerryTS/turnloop/blob/a0fbb1bf9a100bb3215219f54301b9ee82ffe71f/docs/lanes/iocp-followups.md#L97
docs/lanes/iocp-followups.md	111	doc-progress	Final local checks **PASS**. Windows runtime **UNRUN (no host)**. Cross-compilation	STILL TRUE — historical local; STALE as current coverage	N-W: required Windows default/executor/all-feature production suites execute; standalone spike reruns, ETW/cycles/minimum-version/long-soak are not implied.	## Verification  Final local checks **PASS**. Windows runtime **UNRUN (no host)**. Cross-compilation checks all Windows tests and unsafe comments but does not execute NPFS, process, worker, or console behavior. The final native CI runner positively counted 251	https://github.com/PerryTS/turnloop/blob/a0fbb1bf9a100bb3215219f54301b9ee82ffe71f/docs/lanes/iocp-followups.md#L111
docs/lanes/iocp-followups.md	217	doc-progress	| `python3 scripts/ci/run-tests.py native` on windows-2025 | **UNRUN (no Windows host)**; required default/executor/all-features runs, including every new contract and the unchanged IPC/exit allocation gates. |	STILL TRUE — historical local; STALE as current coverage	N-W: required Windows default/executor/all-feature production suites execute; standalone spike reruns, ETW/cycles/minimum-version/long-soak are not implied.	| Command / subject | Result and reason | |---|---| | `python3 scripts/ci/run-tests.py native` on windows-2025 | **UNRUN (no Windows host)**; required default/executor/all-features runs, including every new contract and the unchanged IPC/exit allocation gates. | | `cargo test --locked -p turnloop --lib backend::iocp::pipes::tests::accepted_pipe_uses_no_bridge_until_moved_to_another_port -- --exact --nocapture` | **UNRUN (Windows)**; must report one executed test and verify zero same-port / one foreign-port bridge registration. | | `cargo test --locked -p turnloop --lib backend::iocp::pipes::unassociated_import_uses_direct_iocp_without_a_bridge -- --exact --nocapture` | **UNRUN (Windows)**; must report one executed test. |	https://github.com/PerryTS/turnloop/blob/a0fbb1bf9a100bb3215219f54301b9ee82ffe71f/docs/lanes/iocp-followups.md#L217
docs/lanes/iocp-followups.md	218	doc-progress	| `cargo test --locked -p turnloop --lib backend::iocp::pipes::tests::accepted_pipe_uses_no_bridge_until_moved_to_another_port -- --exact --nocapture` | **UNRUN (Windows)**; must report one executed test and verify zero same-port / one foreign-port bridge registration. |	STILL TRUE — historical local; STALE as current coverage	N-W: required Windows default/executor/all-feature production suites execute; standalone spike reruns, ETW/cycles/minimum-version/long-soak are not implied.	|---|---| | `python3 scripts/ci/run-tests.py native` on windows-2025 | **UNRUN (no Windows host)**; required default/executor/all-features runs, including every new contract and the unchanged IPC/exit allocation gates. | | `cargo test --locked -p turnloop --lib backend::iocp::pipes::tests::accepted_pipe_uses_no_bridge_until_moved_to_another_port -- --exact --nocapture` | **UNRUN (Windows)**; must report one executed test and verify zero same-port / one foreign-port bridge registration. | | `cargo test --locked -p turnloop --lib backend::iocp::pipes::unassociated_import_uses_direct_iocp_without_a_bridge -- --exact --nocapture` | **UNRUN (Windows)**; must report one executed test. | | `cargo test --locked -p turnloop-contract --test windows_lifetimes -- --test-threads=1 --nocapture` | **UNRUN (Windows)**; backlog, deadlines, close/drop, argv/env/cwd, FIFO and exact handle counts. |	https://github.com/PerryTS/turnloop/blob/a0fbb1bf9a100bb3215219f54301b9ee82ffe71f/docs/lanes/iocp-followups.md#L218
docs/lanes/iocp-followups.md	219	doc-progress	| `cargo test --locked -p turnloop --lib backend::iocp::pipes::unassociated_import_uses_direct_iocp_without_a_bridge -- --exact --nocapture` | **UNRUN (Windows)**; must report one executed test. |	STILL TRUE — historical local; STALE as current coverage	N-W: required Windows default/executor/all-feature production suites execute; standalone spike reruns, ETW/cycles/minimum-version/long-soak are not implied.	| `python3 scripts/ci/run-tests.py native` on windows-2025 | **UNRUN (no Windows host)**; required default/executor/all-features runs, including every new contract and the unchanged IPC/exit allocation gates. | | `cargo test --locked -p turnloop --lib backend::iocp::pipes::tests::accepted_pipe_uses_no_bridge_until_moved_to_another_port -- --exact --nocapture` | **UNRUN (Windows)**; must report one executed test and verify zero same-port / one foreign-port bridge registration. | | `cargo test --locked -p turnloop --lib backend::iocp::pipes::unassociated_import_uses_direct_iocp_without_a_bridge -- --exact --nocapture` | **UNRUN (Windows)**; must report one executed test. | | `cargo test --locked -p turnloop-contract --test windows_lifetimes -- --test-threads=1 --nocapture` | **UNRUN (Windows)**; backlog, deadlines, close/drop, argv/env/cwd, FIFO and exact handle counts. | | `cargo test --locked -p turnloop-contract --test allocations -- --test-threads=1 --nocapture` | **UNRUN (Windows)**; new backlog/busy deadline, FIFO and isolated real-console gates plus all existing gates. |	https://github.com/PerryTS/turnloop/blob/a0fbb1bf9a100bb3215219f54301b9ee82ffe71f/docs/lanes/iocp-followups.md#L219
docs/lanes/iocp-followups.md	220	doc-progress	| `cargo test --locked -p turnloop-contract --test windows_lifetimes -- --test-threads=1 --nocapture` | **UNRUN (Windows)**; backlog, deadlines, close/drop, argv/env/cwd, FIFO and exact handle counts. |	STILL TRUE — historical local; STALE as current coverage	N-W: required Windows default/executor/all-feature production suites execute; standalone spike reruns, ETW/cycles/minimum-version/long-soak are not implied.	| `cargo test --locked -p turnloop --lib backend::iocp::pipes::tests::accepted_pipe_uses_no_bridge_until_moved_to_another_port -- --exact --nocapture` | **UNRUN (Windows)**; must report one executed test and verify zero same-port / one foreign-port bridge registration. | | `cargo test --locked -p turnloop --lib backend::iocp::pipes::unassociated_import_uses_direct_iocp_without_a_bridge -- --exact --nocapture` | **UNRUN (Windows)**; must report one executed test. | | `cargo test --locked -p turnloop-contract --test windows_lifetimes -- --test-threads=1 --nocapture` | **UNRUN (Windows)**; backlog, deadlines, close/drop, argv/env/cwd, FIFO and exact handle counts. | | `cargo test --locked -p turnloop-contract --test allocations -- --test-threads=1 --nocapture` | **UNRUN (Windows)**; new backlog/busy deadline, FIFO and isolated real-console gates plus all existing gates. | | `python3 scripts/ci/run-tests.py native` on Linux | **UNRUN (no Linux host)**; cross-Clippy PASS only. |	https://github.com/PerryTS/turnloop/blob/a0fbb1bf9a100bb3215219f54301b9ee82ffe71f/docs/lanes/iocp-followups.md#L220
docs/lanes/iocp-followups.md	221	doc-progress	| `cargo test --locked -p turnloop-contract --test allocations -- --test-threads=1 --nocapture` | **UNRUN (Windows)**; new backlog/busy deadline, FIFO and isolated real-console gates plus all existing gates. |	STILL TRUE — historical local; STALE as current coverage	N-W: required Windows default/executor/all-feature production suites execute; standalone spike reruns, ETW/cycles/minimum-version/long-soak are not implied.	| `cargo test --locked -p turnloop --lib backend::iocp::pipes::unassociated_import_uses_direct_iocp_without_a_bridge -- --exact --nocapture` | **UNRUN (Windows)**; must report one executed test. | | `cargo test --locked -p turnloop-contract --test windows_lifetimes -- --test-threads=1 --nocapture` | **UNRUN (Windows)**; backlog, deadlines, close/drop, argv/env/cwd, FIFO and exact handle counts. | | `cargo test --locked -p turnloop-contract --test allocations -- --test-threads=1 --nocapture` | **UNRUN (Windows)**; new backlog/busy deadline, FIFO and isolated real-console gates plus all existing gates. | | `python3 scripts/ci/run-tests.py native` on Linux | **UNRUN (no Linux host)**; cross-Clippy PASS only. | | WASI 0.2/0.3 and browser runtime suites | **UNRUN in this lane**; all three core cross-Clippy targets PASS. Local pipes remain explicitly unsupported there. |	https://github.com/PerryTS/turnloop/blob/a0fbb1bf9a100bb3215219f54301b9ee82ffe71f/docs/lanes/iocp-followups.md#L221
docs/lanes/iocp-followups.md	222	doc-progress	| `python3 scripts/ci/run-tests.py native` on Linux | **UNRUN (no Linux host)**; cross-Clippy PASS only. |	STILL TRUE — historical local; STALE as current coverage	P: real native and WASI 0.2 services; PW2/PW3: selected portable suites. Browser raw database TCP is unavailable; p3 real DB service run absent.	| `cargo test --locked -p turnloop-contract --test windows_lifetimes -- --test-threads=1 --nocapture` | **UNRUN (Windows)**; backlog, deadlines, close/drop, argv/env/cwd, FIFO and exact handle counts. | | `cargo test --locked -p turnloop-contract --test allocations -- --test-threads=1 --nocapture` | **UNRUN (Windows)**; new backlog/busy deadline, FIFO and isolated real-console gates plus all existing gates. | | `python3 scripts/ci/run-tests.py native` on Linux | **UNRUN (no Linux host)**; cross-Clippy PASS only. | | WASI 0.2/0.3 and browser runtime suites | **UNRUN in this lane**; all three core cross-Clippy targets PASS. Local pipes remain explicitly unsupported there. | | SQL fixture servers / browser sandbox launches | **UNRUN (unrelated to this lane)**; known PostgreSQL shmget, MySQL initialization and Chrome sandbox limits retained. |	https://github.com/PerryTS/turnloop/blob/a0fbb1bf9a100bb3215219f54301b9ee82ffe71f/docs/lanes/iocp-followups.md#L222
docs/lanes/iocp-followups.md	223	doc-progress	| WASI 0.2/0.3 and browser runtime suites | **UNRUN in this lane**; all three core cross-Clippy targets PASS. Local pipes remain explicitly unsupported there. |	STILL TRUE — historical local; STALE as current coverage	P: real native and WASI 0.2 services; PW2/PW3: selected portable suites. Browser raw database TCP is unavailable; p3 real DB service run absent.	| `cargo test --locked -p turnloop-contract --test allocations -- --test-threads=1 --nocapture` | **UNRUN (Windows)**; new backlog/busy deadline, FIFO and isolated real-console gates plus all existing gates. | | `python3 scripts/ci/run-tests.py native` on Linux | **UNRUN (no Linux host)**; cross-Clippy PASS only. | | WASI 0.2/0.3 and browser runtime suites | **UNRUN in this lane**; all three core cross-Clippy targets PASS. Local pipes remain explicitly unsupported there. | | SQL fixture servers / browser sandbox launches | **UNRUN (unrelated to this lane)**; known PostgreSQL shmget, MySQL initialization and Chrome sandbox limits retained. | 	https://github.com/PerryTS/turnloop/blob/a0fbb1bf9a100bb3215219f54301b9ee82ffe71f/docs/lanes/iocp-followups.md#L223
docs/lanes/iocp-followups.md	224	doc-progress	| SQL fixture servers / browser sandbox launches | **UNRUN (unrelated to this lane)**; known PostgreSQL shmget, MySQL initialization and Chrome sandbox limits retained. |	STILL TRUE — historical local; STALE as current coverage	P: real native and WASI 0.2 services; PW2/PW3: selected portable suites. Browser raw database TCP is unavailable; p3 real DB service run absent.	| `python3 scripts/ci/run-tests.py native` on Linux | **UNRUN (no Linux host)**; cross-Clippy PASS only. | | WASI 0.2/0.3 and browser runtime suites | **UNRUN in this lane**; all three core cross-Clippy targets PASS. Local pipes remain explicitly unsupported there. | | SQL fixture servers / browser sandbox launches | **UNRUN (unrelated to this lane)**; known PostgreSQL shmget, MySQL initialization and Chrome sandbox limits retained. |  ## Deviations, open questions and next steps	https://github.com/PerryTS/turnloop/blob/a0fbb1bf9a100bb3215219f54301b9ee82ffe71f/docs/lanes/iocp-followups.md#L224
docs/lanes/iocp-followups.md	232	doc-progress	unchanged; revision-2 docs record the API and ownership semantics. Pending busy	STILL TRUE — behavior/policy, not open work	Pending means operation/queue/phase state or a reporting rule. Read linked context; no missing implementation inferred.	- Additive pipe_connect_until and its preallocated core heap are the sole API scope extension, needed because the existing API had no deadline. DESIGN.md remains unchanged; revision-2 docs record the API and ownership semantics. Pending busy connections reject detach so the availability handle cannot escape without its retained name/wait state; established endpoints retain detach support.	https://github.com/PerryTS/turnloop/blob/a0fbb1bf9a100bb3215219f54301b9ee82ffe71f/docs/lanes/iocp-followups.md#L232
docs/lanes/iocp-followups.md	239	doc-progress	CI, and relay the new tests' results. Windows, Linux and WASI/web runtime are UNRUN	STILL TRUE — historical local; STALE as current coverage	P: real native and WASI 0.2 services; PW2/PW3: selected portable suites. Browser raw database TCP is unavailable; p3 real DB service run absent.	progress use the single IOCP poll; no background polling/timer was introduced. - Integrator: commit the coherent tree, run windows-2025 default/executor/all-features CI, and relay the new tests' results. Windows, Linux and WASI/web runtime are UNRUN locally; cross-Clippy is compilation only. SQL/browser fixture runs are unrelated and UNRUN in this lane (known sandbox limits retained).	https://github.com/PerryTS/turnloop/blob/a0fbb1bf9a100bb3215219f54301b9ee82ffe71f/docs/lanes/iocp-followups.md#L239
docs/lanes/iocp-followups.md	241	doc-progress	and UNRUN in this lane (known sandbox limits retained).	STILL TRUE — historical local; STALE as current coverage	P: real native and WASI 0.2 services; PW2/PW3: selected portable suites. Browser raw database TCP is unavailable; p3 real DB service run absent.	CI, and relay the new tests' results. Windows, Linux and WASI/web runtime are UNRUN locally; cross-Clippy is compilation only. SQL/browser fixture runs are unrelated and UNRUN in this lane (known sandbox limits retained).	https://github.com/PerryTS/turnloop/blob/a0fbb1bf9a100bb3215219f54301b9ee82ffe71f/docs/lanes/iocp-followups.md#L241
docs/lanes/proto-fix1.md	37	doc-progress	runtime is UNRUN.** The local controlled schedule catches three allocations on	MIXED — superseded execution and live limits	P: real native and WASI 0.2 services; PW2/PW3: selected portable suites. Browser raw database TCP is unavailable; p3 real DB service run absent. Historical host limits and remaining requirements stay valid; not a blanket pass.	Linux selects the inline futex mutex in `std/sys/sync/mutex/mod.rs`, so it has only the two shared allocation sites. **Linux attribution is source-based; Linux runtime is UNRUN.** The local controlled schedule catches three allocations on macOS and zero on the MongoDB thread. An unforced instrumented libtest run passed 300/300 fresh macOS processes, so a spontaneous local reproduction is not claimed.	https://github.com/PerryTS/turnloop/blob/a0fbb1bf9a100bb3215219f54301b9ee82ffe71f/docs/lanes/proto-fix1.md#L37
docs/lanes/proto-fix1.md	98	doc-progress	the 12 ignored external-service cases per workspace run are **UNRUN**, not passes.	STILL TRUE — historical local; STALE as current coverage	W2/W3 and PW2/PW3 execute. p3 bounded-host questions I04, files I06, p3 DNS I05 and compressed Mongo allocations I03 remain.	WASI uses checksum-verified Wasmtime 46.0.0 and wasi-sdk 34.0 under `.tools/`. All runtime counts below assert actual execution. Cargo totals include doctests; the 12 ignored external-service cases per workspace run are **UNRUN**, not passes.  | Command / group | Result |	https://github.com/PerryTS/turnloop/blob/a0fbb1bf9a100bb3215219f54301b9ee82ffe71f/docs/lanes/proto-fix1.md#L98
docs/lanes/proto-fix1.md	104	doc-progress	| Whole-workspace/all-target/all-feature strict Clippy for Linux x86_64, WASI p2, web wasm and WASI p3 | PASS; Linux runtime UNRUN |	STILL TRUE — historical local; STALE as current coverage	P: real native and WASI 0.2 services; PW2/PW3: selected portable suites. Browser raw database TCP is unavailable; p3 real DB service run absent.	| `cargo fmt --all --check` | PASS | | `cargo clippy --locked --workspace --all-targets -- -D warnings -D clippy::undocumented_unsafe_blocks`, default and all features | PASS | | Whole-workspace/all-target/all-feature strict Clippy for Linux x86_64, WASI p2, web wasm and WASI p3 | PASS; Linux runtime UNRUN | | Whole-workspace Windows all-target and library Clippy | FAIL: ring needs Windows SDK headers (`assert.h` missing); no fake headers or gate exclusions | | Windows strict library Clippy for MongoDB/MySQL/Postgres/Redis/SMTP/core-contract | PASS |	https://github.com/PerryTS/turnloop/blob/a0fbb1bf9a100bb3215219f54301b9ee82ffe71f/docs/lanes/proto-fix1.md#L104
docs/lanes/proto-fix1.md	117	doc-progress	| `python3 scripts/ci/run-tests.py web` | Command FAIL at driver discovery; browser test bodies **UNRUN (no local chromedriver/geckodriver)**; no browser launch or sandbox-launch failure claimed |	STILL TRUE — historical local; STALE as current coverage	P: real native and WASI 0.2 services; PW2/PW3: selected portable suites. Browser raw database TCP is unavailable; p3 real DB service run absent.	| `python3 scripts/ci/run-tests.py protocol-wasi --target TARGET`, p2 and p3 | PASS: **23 each** (16 HTTP codecs, 3 HTTP allocation, 3 TLS, 1 decoder allocation) | | `python3 scripts/ci/run-tests.py node` | PASS: **12 tests**, including new calibration; 3 fetches, 1 observed abort, 6 WebSockets and 7,937 echoed bytes | | `python3 scripts/ci/run-tests.py web` | Command FAIL at driver discovery; browser test bodies **UNRUN (no local chromedriver/geckodriver)**; no browser launch or sandbox-launch failure claimed | | Additional MongoDB allocation runtime on WASI p2 and p3 | FAIL: pre-existing wasm compression allocation, detailed below; positive allocator calibration PASS on both | | Original fcea55e MongoDB allocation runtime on WASI p2 and p3 | Same FAIL: exactly 1,000 allocations in 1,000 compressed commands; independent baseline reproduction |	https://github.com/PerryTS/turnloop/blob/a0fbb1bf9a100bb3215219f54301b9ee82ffe71f/docs/lanes/proto-fix1.md#L117
docs/lanes/proto-fix1.md	145	doc-progress	unrun protocol gate. On **both p2 and p3**, calibration and the uncompressed modes	STILL TRUE — limitation or scoped statement	Existing compressed WASI MongoDB failure: I03; p2 reproduced locally, historical p3 result not rerun here.	 The extra MongoDB WASI run now supplies direct runtime evidence for a previously unrun protocol gate. On **both p2 and p3**, calibration and the uncompressed modes succeed, then zlib/direct fails: **1,000 allocations / 1,000 commands**. The compressed coordinator mode is UNRUN there because the first failing assertion aborts WASI.	https://github.com/PerryTS/turnloop/blob/a0fbb1bf9a100bb3215219f54301b9ee82ffe71f/docs/lanes/proto-fix1.md#L145
docs/lanes/proto-fix1.md	147	doc-progress	coordinator mode is UNRUN there because the first failing assertion aborts WASI.	STILL TRUE — limitation or scoped statement	Compressed coordinator mode remains unrun in the aborted allocation invocation; I03.	unrun protocol gate. On **both p2 and p3**, calibration and the uncompressed modes succeed, then zlib/direct fails: **1,000 allocations / 1,000 commands**. The compressed coordinator mode is UNRUN there because the first failing assertion aborts WASI. An untouched `git archive fcea55e` under `.tools/proto-fix1/baseline` reproduces the same 1,000-allocation failure with the original global counter on both targets.	https://github.com/PerryTS/turnloop/blob/a0fbb1bf9a100bb3215219f54301b9ee82ffe71f/docs/lanes/proto-fix1.md#L147
docs/lanes/proto-fix1.md	198	doc-progress	the sandbox. SQL tests are **UNRUN (sandbox)**; no failed initializer was retried	STILL TRUE — historical local; STALE as current coverage	P: real native and WASI 0.2 services; PW2/PW3: selected portable suites. Browser raw database TCP is unavailable; p3 real DB service run absent.	retain its zero threshold and add mandatory compressed protocol runtime coverage. 3. Execute browser tests with installed drivers and full SQL/server fixtures outside the sandbox. SQL tests are **UNRUN (sandbox)**; no failed initializer was retried or counted as a pass. Twelve ignored service tests remain UNRUN in these runs. 4. Core5 may continue its UDP flake investigation: this lane changed only that file's	https://github.com/PerryTS/turnloop/blob/a0fbb1bf9a100bb3215219f54301b9ee82ffe71f/docs/lanes/proto-fix1.md#L198
docs/lanes/proto-fix1.md	199	doc-progress	or counted as a pass. Twelve ignored service tests remain UNRUN in these runs.	STILL TRUE — historical local; STALE as current coverage	P: real native and WASI 0.2 services; PW2/PW3: selected portable suites. Browser raw database TCP is unavailable; p3 real DB service run absent.	3. Execute browser tests with installed drivers and full SQL/server fixtures outside the sandbox. SQL tests are **UNRUN (sandbox)**; no failed initializer was retried or counted as a pass. Twelve ignored service tests remain UNRUN in these runs. 4. Core5 may continue its UDP flake investigation: this lane changed only that file's counter mechanism; every test/helper body is verified identical to the base.	https://github.com/PerryTS/turnloop/blob/a0fbb1bf9a100bb3215219f54301b9ee82ffe71f/docs/lanes/proto-fix1.md#L199
docs/lanes/proto-http.md	11	doc-progress	| TLS client/server | Rustls unbuffered states, caller-owned ciphertext, borrowed plaintext records, completion acknowledgement, ALPN, SNI on/off, shared session resumption, injected wall time and handshake deadlines | Provider entropy is supplied internally by ring. No wrapper socket, thread, clock read or timer. Native OS root-store loading, client certificates and comprehensive Node TLS error-text parity are not implemented |	STILL TRUE — scoped statement	Read exact source context. No wider current CI guarantee inferred; see DESIGN_AUDIT.md and REMAINING_WORK.md.	| Surface | Implemented and verified | Gaps / boundaries | |---|---|---| | TLS client/server | Rustls unbuffered states, caller-owned ciphertext, borrowed plaintext records, completion acknowledgement, ALPN, SNI on/off, shared session resumption, injected wall time and handshake deadlines | Provider entropy is supplied internally by ring. No wrapper socket, thread, clock read or timer. Native OS root-store loading, client certificates and comprehensive Node TLS error-text parity are not implemented | | TLS trust / Node options | Bundled Mozilla roots; host-supplied extra PEM; explicit CA replaces defaults; `rejectUnauthorized: false` still verifies handshake signatures; expiry, not-yet-valid, hostname, unknown issuer and common protocol codes | Host reads `NODE_EXTRA_CA_CERTS` and other environment/files. Rustls cannot distinguish every OpenSSL issuer/self-signed failure; unknown issuer maps to `UNABLE_TO_VERIFY_LEAF_SIGNATURE` | | HTTP/1.1 | Request/response heads; borrowed streaming bodies; CL; chunked encoding/decoding and trailers; informational responses; HEAD/204/304; EOF framing; connection reuse/close; CONNECT/101 upgrade boundaries preserve following bytes; strict line/head/count bounds; CL/TE conflicts, duplicate CL, obs-fold and bare-LF rejection | Pipelining is unavailable, hence off by default. Header count has a stack-backed hard ceiling of 256. Only `chunked` transfer coding is accepted; unsupported/multiple transfer codings fail explicitly. Some unusual valid syntax is rejected conservatively |	https://github.com/PerryTS/turnloop/blob/a0fbb1bf9a100bb3215219f54301b9ee82ffe71f/docs/lanes/proto-http.md#L11
docs/lanes/proto-http.md	14	doc-progress	| HTTP/1 client driver | Reusable wire storage, non-pipelined request lifecycle, streamed uploads/downloads, `100-continue` gating and host deadline fallback, mid-body abort, one terminal result per accepted request | Adapter must close a failed/aborted HTTP/1 transport and preserve pending write buffer ownership. JS body objects and promise delivery remain in Perry |	STILL TRUE — behavior/policy, not open work	Pending means operation/queue/phase state or a reporting rule. Read linked context; no missing implementation inferred.	| TLS trust / Node options | Bundled Mozilla roots; host-supplied extra PEM; explicit CA replaces defaults; `rejectUnauthorized: false` still verifies handshake signatures; expiry, not-yet-valid, hostname, unknown issuer and common protocol codes | Host reads `NODE_EXTRA_CA_CERTS` and other environment/files. Rustls cannot distinguish every OpenSSL issuer/self-signed failure; unknown issuer maps to `UNABLE_TO_VERIFY_LEAF_SIGNATURE` | | HTTP/1.1 | Request/response heads; borrowed streaming bodies; CL; chunked encoding/decoding and trailers; informational responses; HEAD/204/304; EOF framing; connection reuse/close; CONNECT/101 upgrade boundaries preserve following bytes; strict line/head/count bounds; CL/TE conflicts, duplicate CL, obs-fold and bare-LF rejection | Pipelining is unavailable, hence off by default. Header count has a stack-backed hard ceiling of 256. Only `chunked` transfer coding is accepted; unsupported/multiple transfer codings fail explicitly. Some unusual valid syntax is rejected conservatively | | HTTP/1 client driver | Reusable wire storage, non-pipelined request lifecycle, streamed uploads/downloads, `100-continue` gating and host deadline fallback, mid-body abort, one terminal result per accepted request | Adapter must close a failed/aborted HTTP/1 transport and preserve pending write buffer ownership. JS body objects and promise delivery remain in Perry | | HTTP/2 | Own frame codec, preface and SETTINGS/ACK, client/server streams, HPACK static/dynamic tables, own Huffman codec, stream/connection flow windows including negative windows, explicit capacity release, DATA backpressure, lengths/bodyless responses, PING/RST/GOAWAY, settings deadline, connection-loss stream draining | Push disabled using SETTINGS. Priority is checked but not scheduled, as allowed. Prior-knowledge h2c supported; HTTP/1 h2c Upgrade not implemented. Error classification is conservative in several stream-error cases; not exhaustively proven RFC 9113 conformant | | Header abuse protection | Compressed block, decoded list, frame, stream and CONTINUATION-count limits; interleaved header blocks rejected; invalid HPACK poisons the context | Exhaustive fuzzing and sustained adversarial CPU-budget testing remain unrun |	https://github.com/PerryTS/turnloop/blob/a0fbb1bf9a100bb3215219f54301b9ee82ffe71f/docs/lanes/proto-http.md#L14
docs/lanes/proto-http.md	15	doc-progress	| HTTP/2 | Own frame codec, preface and SETTINGS/ACK, client/server streams, HPACK static/dynamic tables, own Huffman codec, stream/connection flow windows including negative windows, explicit capacity release, DATA backpressure, lengths/bodyless responses, PING/RST/GOAWAY, settings deadline, connection-loss stream draining | Push disabled using SETTINGS. Priority is checked but not scheduled, as allowed. Prior-knowledge h2c supported; HTTP/1 h2c Upgrade not implemented. Error classification is conservative in several stream-error cases; not exhaustively proven RFC 9113 conformant |	STILL TRUE — scoped statement	Read exact source context. No wider current CI guarantee inferred; see DESIGN_AUDIT.md and REMAINING_WORK.md.	| HTTP/1.1 | Request/response heads; borrowed streaming bodies; CL; chunked encoding/decoding and trailers; informational responses; HEAD/204/304; EOF framing; connection reuse/close; CONNECT/101 upgrade boundaries preserve following bytes; strict line/head/count bounds; CL/TE conflicts, duplicate CL, obs-fold and bare-LF rejection | Pipelining is unavailable, hence off by default. Header count has a stack-backed hard ceiling of 256. Only `chunked` transfer coding is accepted; unsupported/multiple transfer codings fail explicitly. Some unusual valid syntax is rejected conservatively | | HTTP/1 client driver | Reusable wire storage, non-pipelined request lifecycle, streamed uploads/downloads, `100-continue` gating and host deadline fallback, mid-body abort, one terminal result per accepted request | Adapter must close a failed/aborted HTTP/1 transport and preserve pending write buffer ownership. JS body objects and promise delivery remain in Perry | | HTTP/2 | Own frame codec, preface and SETTINGS/ACK, client/server streams, HPACK static/dynamic tables, own Huffman codec, stream/connection flow windows including negative windows, explicit capacity release, DATA backpressure, lengths/bodyless responses, PING/RST/GOAWAY, settings deadline, connection-loss stream draining | Push disabled using SETTINGS. Priority is checked but not scheduled, as allowed. Prior-knowledge h2c supported; HTTP/1 h2c Upgrade not implemented. Error classification is conservative in several stream-error cases; not exhaustively proven RFC 9113 conformant | | Header abuse protection | Compressed block, decoded list, frame, stream and CONTINUATION-count limits; interleaved header blocks rejected; invalid HPACK poisons the context | Exhaustive fuzzing and sustained adversarial CPU-budget testing remain unrun | | Fetch redirects | Follow/manual/error; 301/302 POST and 303 method rewriting; 307/308 preserve; default limit constant 20; relative URLs; cross-origin credential stripping, including mixed-case names; non-replayable preserved bodies fail | Full Fetch URL validation, forbidden-header rules, redirect error cause text and all Node validation diagnostics are not yet a complete compatibility layer |	https://github.com/PerryTS/turnloop/blob/a0fbb1bf9a100bb3215219f54301b9ee82ffe71f/docs/lanes/proto-http.md#L15
docs/lanes/proto-http.md	16	doc-progress	| Header abuse protection | Compressed block, decoded list, frame, stream and CONTINUATION-count limits; interleaved header blocks rejected; invalid HPACK poisons the context | Exhaustive fuzzing and sustained adversarial CPU-budget testing remain unrun |	STILL TRUE — limitation or scoped statement	Still applies in stated scope; advanced parity, perf attribution, mobile/FreeBSD, fuzz and long soak are not implied by green bounded CI. See REMAINING_WORK.md.	| HTTP/1 client driver | Reusable wire storage, non-pipelined request lifecycle, streamed uploads/downloads, `100-continue` gating and host deadline fallback, mid-body abort, one terminal result per accepted request | Adapter must close a failed/aborted HTTP/1 transport and preserve pending write buffer ownership. JS body objects and promise delivery remain in Perry | | HTTP/2 | Own frame codec, preface and SETTINGS/ACK, client/server streams, HPACK static/dynamic tables, own Huffman codec, stream/connection flow windows including negative windows, explicit capacity release, DATA backpressure, lengths/bodyless responses, PING/RST/GOAWAY, settings deadline, connection-loss stream draining | Push disabled using SETTINGS. Priority is checked but not scheduled, as allowed. Prior-knowledge h2c supported; HTTP/1 h2c Upgrade not implemented. Error classification is conservative in several stream-error cases; not exhaustively proven RFC 9113 conformant | | Header abuse protection | Compressed block, decoded list, frame, stream and CONTINUATION-count limits; interleaved header blocks rejected; invalid HPACK poisons the context | Exhaustive fuzzing and sustained adversarial CPU-budget testing remain unrun | | Fetch redirects | Follow/manual/error; 301/302 POST and 303 method rewriting; 307/308 preserve; default limit constant 20; relative URLs; cross-origin credential stripping, including mixed-case names; non-replayable preserved bodies fail | Full Fetch URL validation, forbidden-header rules, redirect error cause text and all Node validation diagnostics are not yet a complete compatibility layer | | Pool | Origin + proxy key; connecting reservations enforce per-host limits; HTTP/1 reuse, HTTP/2 capacities, host-supplied idle deadlines and close requests | Host composes Pool/Route/connection events. No automatic retry of streams above a peer GOAWAY last-stream ID, connection coalescing, or process-wide dispatcher/JS adapter |	https://github.com/PerryTS/turnloop/blob/a0fbb1bf9a100bb3215219f54301b9ee82ffe71f/docs/lanes/proto-http.md#L16
docs/lanes/proto-http.md	17	doc-progress	| Fetch redirects | Follow/manual/error; 301/302 POST and 303 method rewriting; 307/308 preserve; default limit constant 20; relative URLs; cross-origin credential stripping, including mixed-case names; non-replayable preserved bodies fail | Full Fetch URL validation, forbidden-header rules, redirect error cause text and all Node validation diagnostics are not yet a complete compatibility layer |	STILL TRUE — limitation or scoped statement	Still applies in stated scope; advanced parity, perf attribution, mobile/FreeBSD, fuzz and long soak are not implied by green bounded CI. See REMAINING_WORK.md.	| HTTP/2 | Own frame codec, preface and SETTINGS/ACK, client/server streams, HPACK static/dynamic tables, own Huffman codec, stream/connection flow windows including negative windows, explicit capacity release, DATA backpressure, lengths/bodyless responses, PING/RST/GOAWAY, settings deadline, connection-loss stream draining | Push disabled using SETTINGS. Priority is checked but not scheduled, as allowed. Prior-knowledge h2c supported; HTTP/1 h2c Upgrade not implemented. Error classification is conservative in several stream-error cases; not exhaustively proven RFC 9113 conformant | | Header abuse protection | Compressed block, decoded list, frame, stream and CONTINUATION-count limits; interleaved header blocks rejected; invalid HPACK poisons the context | Exhaustive fuzzing and sustained adversarial CPU-budget testing remain unrun | | Fetch redirects | Follow/manual/error; 301/302 POST and 303 method rewriting; 307/308 preserve; default limit constant 20; relative URLs; cross-origin credential stripping, including mixed-case names; non-replayable preserved bodies fail | Full Fetch URL validation, forbidden-header rules, redirect error cause text and all Node validation diagnostics are not yet a complete compatibility layer | | Pool | Origin + proxy key; connecting reservations enforce per-host limits; HTTP/1 reuse, HTTP/2 capacities, host-supplied idle deadlines and close requests | Host composes Pool/Route/connection events. No automatic retry of streams above a peer GOAWAY last-stream ID, connection coalescing, or process-wide dispatcher/JS adapter | | Proxy and DNS | Host resolver trait; HTTP_PROXY/HTTPS_PROXY/NO_PROXY values supplied by host; domain/port exclusions; HTTP absolute-form; CONNECT then explicit TLS request; Basic proxy credentials including percent decoding; proxy credentials excluded inside tunnels | HTTP proxies only; HTTPS-to-proxy, SOCKS, PAC, CIDR exclusions and every platform's environment precedence rule are not implemented |	https://github.com/PerryTS/turnloop/blob/a0fbb1bf9a100bb3215219f54301b9ee82ffe71f/docs/lanes/proto-http.md#L17
docs/lanes/proto-http.md	19	doc-progress	| Proxy and DNS | Host resolver trait; HTTP_PROXY/HTTPS_PROXY/NO_PROXY values supplied by host; domain/port exclusions; HTTP absolute-form; CONNECT then explicit TLS request; Basic proxy credentials including percent decoding; proxy credentials excluded inside tunnels | HTTP proxies only; HTTPS-to-proxy, SOCKS, PAC, CIDR exclusions and every platform's environment precedence rule are not implemented |	STILL TRUE — scoped statement	Read exact source context. No wider current CI guarantee inferred; see DESIGN_AUDIT.md and REMAINING_WORK.md.	| Fetch redirects | Follow/manual/error; 301/302 POST and 303 method rewriting; 307/308 preserve; default limit constant 20; relative URLs; cross-origin credential stripping, including mixed-case names; non-replayable preserved bodies fail | Full Fetch URL validation, forbidden-header rules, redirect error cause text and all Node validation diagnostics are not yet a complete compatibility layer | | Pool | Origin + proxy key; connecting reservations enforce per-host limits; HTTP/1 reuse, HTTP/2 capacities, host-supplied idle deadlines and close requests | Host composes Pool/Route/connection events. No automatic retry of streams above a peer GOAWAY last-stream ID, connection coalescing, or process-wide dispatcher/JS adapter | | Proxy and DNS | Host resolver trait; HTTP_PROXY/HTTPS_PROXY/NO_PROXY values supplied by host; domain/port exclusions; HTTP absolute-form; CONNECT then explicit TLS request; Basic proxy credentials including percent decoding; proxy credentials excluded inside tunnels | HTTP proxies only; HTTPS-to-proxy, SOCKS, PAC, CIDR exclusions and every platform's environment precedence rule are not implemented | | Compression | Complete-body convenience API and incremental gzip, zlib/raw deflate, brotli, zstd; explicit input/output progress; truncated stream errors; decoded size bounds; concatenated gzip/zstd; decoder reset and scratch reuse | Stacked content-coding chains are not automatically composed. Convenience `decode` constructs algorithm state each call; use cached `StreamingDecoder::reset` for steady state. Long corpus/fuzz coverage remains pending | | WebSocket / ws | HTTP client/server upgrade helpers, host-supplied nonce, accept-key verification, subprotocol negotiation, tungstenite core over in-memory views, text/binary/control messages, masking, fragmentation, message/frame limits, close/deadline handling | **permessage-deflate is not negotiated** because tungstenite does not support it. Compression extension implementation remains a gap. Close/error text and all ws connection-option semantics are not complete npm parity |	https://github.com/PerryTS/turnloop/blob/a0fbb1bf9a100bb3215219f54301b9ee82ffe71f/docs/lanes/proto-http.md#L19
docs/lanes/proto-http.md	20	doc-progress	| Compression | Complete-body convenience API and incremental gzip, zlib/raw deflate, brotli, zstd; explicit input/output progress; truncated stream errors; decoded size bounds; concatenated gzip/zstd; decoder reset and scratch reuse | Stacked content-coding chains are not automatically composed. Convenience `decode` constructs algorithm state each call; use cached `StreamingDecoder::reset` for steady state. Long corpus/fuzz coverage remains pending |	STILL TRUE — limitation or scoped statement	Still applies in stated scope; advanced parity, perf attribution, mobile/FreeBSD, fuzz and long soak are not implied by green bounded CI. See REMAINING_WORK.md.	| Pool | Origin + proxy key; connecting reservations enforce per-host limits; HTTP/1 reuse, HTTP/2 capacities, host-supplied idle deadlines and close requests | Host composes Pool/Route/connection events. No automatic retry of streams above a peer GOAWAY last-stream ID, connection coalescing, or process-wide dispatcher/JS adapter | | Proxy and DNS | Host resolver trait; HTTP_PROXY/HTTPS_PROXY/NO_PROXY values supplied by host; domain/port exclusions; HTTP absolute-form; CONNECT then explicit TLS request; Basic proxy credentials including percent decoding; proxy credentials excluded inside tunnels | HTTP proxies only; HTTPS-to-proxy, SOCKS, PAC, CIDR exclusions and every platform's environment precedence rule are not implemented | | Compression | Complete-body convenience API and incremental gzip, zlib/raw deflate, brotli, zstd; explicit input/output progress; truncated stream errors; decoded size bounds; concatenated gzip/zstd; decoder reset and scratch reuse | Stacked content-coding chains are not automatically composed. Convenience `decode` constructs algorithm state each call; use cached `StreamingDecoder::reset` for steady state. Long corpus/fuzz coverage remains pending | | WebSocket / ws | HTTP client/server upgrade helpers, host-supplied nonce, accept-key verification, subprotocol negotiation, tungstenite core over in-memory views, text/binary/control messages, masking, fragmentation, message/frame limits, close/deadline handling | **permessage-deflate is not negotiated** because tungstenite does not support it. Compression extension implementation remains a gap. Close/error text and all ws connection-option semantics are not complete npm parity | | Perry ABI | No JS/GC/runtime types in these crates; result conversion belongs to Perry | Actual Perry binding replacement and the turnloop executor adapter are the requested later wave |	https://github.com/PerryTS/turnloop/blob/a0fbb1bf9a100bb3215219f54301b9ee82ffe71f/docs/lanes/proto-http.md#L20
docs/lanes/proto-http.md	77	doc-progress	UNRUN: Windows/Linux/BSD/mobile execution, browser runtime execution, Miri/fuzz/long soak, production load/CPU benchmarks, exhaustive Node error-message/option parity, and upstream ruzstd's full repository corpus (not included in its published crate). Example future commands include `cargo test --workspace --target x86_64-pc-windows-msvc`, `cargo test --workspace --target x86_64-unknown-linux-gnu`, and a browser wasm-bindgen harness. Build success is not presented as runtime coverage.	MIXED — superseded execution and live limits	N-W: required Windows default/executor/all-feature production suites execute; standalone spike reruns, ETW/cycles/minimum-version/long-soak are not implied. Historical host limits and remaining requirements stay valid; not a blanket pass.	- Intermediate compile/clippy failures (type inference, target-only enum size and a temporarily misclassified vendored workspace member) were fixed. The vendor is an independent workspace dependency through a root patch; upstream tests were not deleted.  UNRUN: Windows/Linux/BSD/mobile execution, browser runtime execution, Miri/fuzz/long soak, production load/CPU benchmarks, exhaustive Node error-message/option parity, and upstream ruzstd's full repository corpus (not included in its published crate). Example future commands include `cargo test --workspace --target x86_64-pc-windows-msvc`, `cargo test --workspace --target x86_64-unknown-linux-gnu`, and a browser wasm-bindgen harness. Build success is not presented as runtime coverage.  ## Allocation profile	https://github.com/PerryTS/turnloop/blob/a0fbb1bf9a100bb3215219f54301b9ee82ffe71f/docs/lanes/proto-http.md#L77
docs/lanes/proto-kv.md	26	doc-progress	| SMTP auth | PLAIN, LOGIN, XOAUTH2; mechanism-specific errors, including server response in message; auth success/failure socket tests. CRAM-MD5 optional and not implemented |	STILL TRUE — scoped statement	Read exact source context. No wider current CI guarantee inferred; see DESIGN_AUDIT.md and REMAINING_WORK.md.	| SMTP greeting/EHLO/HELO | Fragmented/multiline response parsing, capabilities, fallback, greeting/socket deadlines, protocol limits | | SMTP TLS | Opportunistic/required STARTTLS, re-EHLO, implicit TLS; explicit UpgradeTls transition and host completion; rustls test CA trust, no verification bypass | | SMTP auth | PLAIN, LOGIN, XOAUTH2; mechanism-specific errors, including server response in message; auth success/failure socket tests. CRAM-MD5 optional and not implemented | | SMTP PIPELINING/envelope | MAIL plus RCPT pipeline, drains failure responses; SIZE/8BITMIME/SMTPUTF8 checks; partial recipients/all rejected; DATA/dot-stuffing/CRLF normalization; RSET/QUIT | | SMTP result/error fields | response, responseCode, command, code, accepted, rejected records, envelope, messageId; failed events retain envelope/recipient outcomes. Host maps rejected records to rejected/rejectedErrors JS arrays |	https://github.com/PerryTS/turnloop/blob/a0fbb1bf9a100bb3215219f54301b9ee82ffe71f/docs/lanes/proto-kv.md#L26
docs/lanes/proto-kv.md	62	doc-progress	coordination are not implemented. Auto-pipeline scheduling, ready INFO checks,	STILL TRUE — scoped statement	Read exact source context. No wider current CI guarantee inferred; see DESIGN_AUDIT.md and REMAINING_WORK.md.	not a completed drop-in ioredis Cluster object. Sentinel replica selection, ongoing failover notifications, NAT mapping, read scaling and cluster pub/sub coordination are not implemented. Auto-pipeline scheduling, ready INFO checks, key prefixing, custom transformers/scripts, URL/env parsing and JS callback APIs also remain in the later adapter. Redis streamed RESP3 is explicitly rejected;	https://github.com/PerryTS/turnloop/blob/a0fbb1bf9a100bb3215219f54301b9ee82ffe71f/docs/lanes/proto-kv.md#L62
docs/lanes/proto-kv.md	141	doc-progress	UNRUN: Linux/Windows execution, WASI/web execution under runtime/browser, Miri,	MIXED — superseded execution and live limits	N-W: required Windows default/executor/all-feature production suites execute; standalone spike reruns, ETW/cycles/minimum-version/long-soak are not implied. Historical host limits and remaining requirements stay valid; not a blanket pass.	implementation to append response and use mechanism-specific command.  UNRUN: Linux/Windows execution, WASI/web execution under runtime/browser, Miri, long-running/fuzz/benchmark soaks, real Sentinel failover and replica selection. Commands for future CI: `cargo test --workspace` on each native platform;	https://github.com/PerryTS/turnloop/blob/a0fbb1bf9a100bb3215219f54301b9ee82ffe71f/docs/lanes/proto-kv.md#L141
docs/lanes/proto-mongo.md	99	doc-progress	transactions and change-stream unified runners are **not implemented / UNRUN**. There	STILL TRUE — limitation or scoped statement	Full MongoDB unified suites still absent; actual bounded real-server/native+p2 suites execute. I15.	Non-server fixture coverage is deliberately enumerated, not presented as the complete spec repo. Full SDAM monitoring/logging/load-balanced/unified, CMAP, URI, retry, transactions and change-stream unified runners are **not implemented / UNRUN**. There is no runnable harness command for those additional suites yet. OS execution beyond macOS, WASI runtime execution, browser runtime execution, and real mongos deployment	https://github.com/PerryTS/turnloop/blob/a0fbb1bf9a100bb3215219f54301b9ee82ffe71f/docs/lanes/proto-mongo.md#L99
docs/lanes/proto-mongo.md	102	doc-progress	are **UNRUN**; cross compilation does not claim those runs.	MIXED — superseded execution and live limits	P: real native and WASI 0.2 services; PW2/PW3: selected portable suites. Browser raw database TCP is unavailable; p3 real DB service run absent. Historical host limits and remaining requirements stay valid; not a blanket pass.	is no runnable harness command for those additional suites yet. OS execution beyond macOS, WASI runtime execution, browser runtime execution, and real mongos deployment are **UNRUN**; cross compilation does not claim those runs.  Local evidence: `.tools/verification-final.log`, `.tools/real-final.log`,	https://github.com/PerryTS/turnloop/blob/a0fbb1bf9a100bb3215219f54301b9ee82ffe71f/docs/lanes/proto-mongo.md#L102
docs/lanes/proto-mongo.md	198	doc-progress	Perry bindings remain unchanged and cannot yet switch dependencies without adaptation.	STILL TRUE — scoped statement	Read exact source context. No wider current CI guarantee inferred; see DESIGN_AUDIT.md and REMAINING_WORK.md.	- Complete a Node/Perry-facing facade: option inheritance, ID insertion/result maps, cursor lifecycle, mixed bulk grouping and exact local error-text parity. Existing Perry bindings remain unchanged and cannot yet switch dependencies without adaptation. - Add the remaining official CMAP/SDAM event/URI/retry/session/transaction/change-stream runners and multi-platform runtime CI. Extend the private harness to mongos if that	https://github.com/PerryTS/turnloop/blob/a0fbb1bf9a100bb3215219f54301b9ee82ffe71f/docs/lanes/proto-mongo.md#L198
docs/lanes/proto-sql.md	7	doc-progress	launched. Their test bodies remain **UNRUN**.	STILL TRUE — historical local; STALE as current coverage	P: real native and WASI 0.2 services; PW2/PW3: selected portable suites. Browser raw database TCP is unavailable; p3 real DB service run absent.	validation.** The current suite has **23 passing tests and 6 explicitly ignored real-server tests**. Both private server initializers failed before any server launched. Their test bodies remain **UNRUN**.  Owned deliverables: root Cargo workspace/lockfile, `protocols/turnloop-postgres`,	https://github.com/PerryTS/turnloop/blob/a0fbb1bf9a100bb3215219f54301b9ee82ffe71f/docs/lanes/proto-sql.md#L7
docs/lanes/proto-sql.md	29	doc-progress	| SSLRequest, Disable/Prefer/Require | Explicit UpgradeTls and host acknowledgement; no plaintext after acceptance | Wire PASS; actual rustls/server negotiation UNRUN |	STILL TRUE — historical local; STALE as current coverage	P: real native and WASI 0.2 services; PW2/PW3: selected portable suites. Browser raw database TCP is unavailable; p3 real DB service run absent.	|---|---|---| | Startup, user/database/application name, UTF8/DateStyle | Startup packet; ParameterStatus events | Wire PASS; host retains parameter dictionary if needed | | SSLRequest, Disable/Prefer/Require | Explicit UpgradeTls and host acknowledgement; no plaintext after acceptance | Wire PASS; actual rustls/server negotiation UNRUN | | Cleartext and MD5 | postgres-protocol password/MD5 codec | Wire PASS with fixed password and digest bytes | | SCRAM-SHA-256 and PLUS | Host constructs upstream SCRAM session; core handles exchange, verifies signature and checks binding choice; configurable iteration bound | Wire PASS for both mechanisms and bad-server-signature rejection; real auth UNRUN |	https://github.com/PerryTS/turnloop/blob/a0fbb1bf9a100bb3215219f54301b9ee82ffe71f/docs/lanes/proto-sql.md#L29
docs/lanes/proto-sql.md	31	doc-progress	| SCRAM-SHA-256 and PLUS | Host constructs upstream SCRAM session; core handles exchange, verifies signature and checks binding choice; configurable iteration bound | Wire PASS for both mechanisms and bad-server-signature rejection; real auth UNRUN |	STILL TRUE — historical local; STALE as current coverage	P: real native and WASI 0.2 services; PW2/PW3: selected portable suites. Browser raw database TCP is unavailable; p3 real DB service run absent.	| SSLRequest, Disable/Prefer/Require | Explicit UpgradeTls and host acknowledgement; no plaintext after acceptance | Wire PASS; actual rustls/server negotiation UNRUN | | Cleartext and MD5 | postgres-protocol password/MD5 codec | Wire PASS with fixed password and digest bytes | | SCRAM-SHA-256 and PLUS | Host constructs upstream SCRAM session; core handles exchange, verifies signature and checks binding choice; configurable iteration bound | Wire PASS for both mechanisms and bad-server-signature rejection; real auth UNRUN | | Simple query/multiple statements | Per-result CommandComplete and server row counts | Wire PASS; real DDL/DML assertions written, UNRUN | | Parse/Bind/Describe/Execute/Sync, named caching | Text/binary params, format selection, same-name SQL/OID checks, cache after ParseComplete | Wire PASS; per-operation Sync isolates pipeline errors; pending parse reuse returns backpressure |	https://github.com/PerryTS/turnloop/blob/a0fbb1bf9a100bb3215219f54301b9ee82ffe71f/docs/lanes/proto-sql.md#L31
docs/lanes/proto-sql.md	32	doc-progress	| Simple query/multiple statements | Per-result CommandComplete and server row counts | Wire PASS; real DDL/DML assertions written, UNRUN |	STILL TRUE — historical local; STALE as current coverage	P: real native and WASI 0.2 services; PW2/PW3: selected portable suites. Browser raw database TCP is unavailable; p3 real DB service run absent.	| Cleartext and MD5 | postgres-protocol password/MD5 codec | Wire PASS with fixed password and digest bytes | | SCRAM-SHA-256 and PLUS | Host constructs upstream SCRAM session; core handles exchange, verifies signature and checks binding choice; configurable iteration bound | Wire PASS for both mechanisms and bad-server-signature rejection; real auth UNRUN | | Simple query/multiple statements | Per-result CommandComplete and server row counts | Wire PASS; real DDL/DML assertions written, UNRUN | | Parse/Bind/Describe/Execute/Sync, named caching | Text/binary params, format selection, same-name SQL/OID checks, cache after ParseComplete | Wire PASS; per-operation Sync isolates pipeline errors; pending parse reuse returns backpressure | | Rows/fields | Borrowed, validated iterators; actual table/column/OID/size/modifier/format | Wire PASS; empty result metadata remains available |	https://github.com/PerryTS/turnloop/blob/a0fbb1bf9a100bb3215219f54301b9ee82ffe71f/docs/lanes/proto-sql.md#L32
docs/lanes/proto-sql.md	33	doc-progress	| Parse/Bind/Describe/Execute/Sync, named caching | Text/binary params, format selection, same-name SQL/OID checks, cache after ParseComplete | Wire PASS; per-operation Sync isolates pipeline errors; pending parse reuse returns backpressure |	STILL TRUE — behavior/policy, not open work	Pending means operation/queue/phase state or a reporting rule. Read linked context; no missing implementation inferred.	| SCRAM-SHA-256 and PLUS | Host constructs upstream SCRAM session; core handles exchange, verifies signature and checks binding choice; configurable iteration bound | Wire PASS for both mechanisms and bad-server-signature rejection; real auth UNRUN | | Simple query/multiple statements | Per-result CommandComplete and server row counts | Wire PASS; real DDL/DML assertions written, UNRUN | | Parse/Bind/Describe/Execute/Sync, named caching | Text/binary params, format selection, same-name SQL/OID checks, cache after ParseComplete | Wire PASS; per-operation Sync isolates pipeline errors; pending parse reuse returns backpressure | | Rows/fields | Borrowed, validated iterators; actual table/column/OID/size/modifier/format | Wire PASS; empty result metadata remains available | | Common types and arrays | Exact integer/numeric, float, bool, text, bytea, temporal, JSON/JSONB, UUID; text/binary arrays | Representative unit PASS; real all-type and array matrix compiled, UNRUN |	https://github.com/PerryTS/turnloop/blob/a0fbb1bf9a100bb3215219f54301b9ee82ffe71f/docs/lanes/proto-sql.md#L33
docs/lanes/proto-sql.md	35	doc-progress	| Common types and arrays | Exact integer/numeric, float, bool, text, bytea, temporal, JSON/JSONB, UUID; text/binary arrays | Representative unit PASS; real all-type and array matrix compiled, UNRUN |	STILL TRUE — historical local; STALE as current coverage	P: real native and WASI 0.2 services; PW2/PW3: selected portable suites. Browser raw database TCP is unavailable; p3 real DB service run absent.	| Parse/Bind/Describe/Execute/Sync, named caching | Text/binary params, format selection, same-name SQL/OID checks, cache after ParseComplete | Wire PASS; per-operation Sync isolates pipeline errors; pending parse reuse returns backpressure | | Rows/fields | Borrowed, validated iterators; actual table/column/OID/size/modifier/format | Wire PASS; empty result metadata remains available | | Common types and arrays | Exact integer/numeric, float, bool, text, bytea, temporal, JSON/JSONB, UUID; text/binary arrays | Representative unit PASS; real all-type and array matrix compiled, UNRUN | | ErrorResponse/NoticeResponse | Every field preserved; named pg-style accessors and generic tag access | Error-field Wire PASS; notice server test UNRUN | | LISTEN/NOTIFY | Independent PID/channel/payload event | Implemented; real notice/notification assertion UNRUN |	https://github.com/PerryTS/turnloop/blob/a0fbb1bf9a100bb3215219f54301b9ee82ffe71f/docs/lanes/proto-sql.md#L35
docs/lanes/proto-sql.md	36	doc-progress	| ErrorResponse/NoticeResponse | Every field preserved; named pg-style accessors and generic tag access | Error-field Wire PASS; notice server test UNRUN |	STILL TRUE — historical local; STALE as current coverage	P: real native and WASI 0.2 services; PW2/PW3: selected portable suites. Browser raw database TCP is unavailable; p3 real DB service run absent.	| Rows/fields | Borrowed, validated iterators; actual table/column/OID/size/modifier/format | Wire PASS; empty result metadata remains available | | Common types and arrays | Exact integer/numeric, float, bool, text, bytea, temporal, JSON/JSONB, UUID; text/binary arrays | Representative unit PASS; real all-type and array matrix compiled, UNRUN | | ErrorResponse/NoticeResponse | Every field preserved; named pg-style accessors and generic tag access | Error-field Wire PASS; notice server test UNRUN | | LISTEN/NOTIFY | Independent PID/channel/payload event | Implemented; real notice/notification assertion UNRUN | | CancelRequest | Saved backend PID/secret, 16-byte new-connection request | Implemented; active pg_sleep/server cancellation assertion UNRUN |	https://github.com/PerryTS/turnloop/blob/a0fbb1bf9a100bb3215219f54301b9ee82ffe71f/docs/lanes/proto-sql.md#L36
docs/lanes/proto-sql.md	37	doc-progress	| LISTEN/NOTIFY | Independent PID/channel/payload event | Implemented; real notice/notification assertion UNRUN |	STILL TRUE — historical local; STALE as current coverage	P: real native and WASI 0.2 services; PW2/PW3: selected portable suites. Browser raw database TCP is unavailable; p3 real DB service run absent.	| Common types and arrays | Exact integer/numeric, float, bool, text, bytea, temporal, JSON/JSONB, UUID; text/binary arrays | Representative unit PASS; real all-type and array matrix compiled, UNRUN | | ErrorResponse/NoticeResponse | Every field preserved; named pg-style accessors and generic tag access | Error-field Wire PASS; notice server test UNRUN | | LISTEN/NOTIFY | Independent PID/channel/payload event | Implemented; real notice/notification assertion UNRUN | | CancelRequest | Saved backend PID/secret, 16-byte new-connection request | Implemented; active pg_sleep/server cancellation assertion UNRUN | | Pipelining, transaction state, abort/end | Token FIFO, ReadyForQuery I/T/E, one terminal completion per token, final Closed | Wire PASS including error recovery and timeout |	https://github.com/PerryTS/turnloop/blob/a0fbb1bf9a100bb3215219f54301b9ee82ffe71f/docs/lanes/proto-sql.md#L37
docs/lanes/proto-sql.md	38	doc-progress	| CancelRequest | Saved backend PID/secret, 16-byte new-connection request | Implemented; active pg_sleep/server cancellation assertion UNRUN |	STILL TRUE — historical local; STALE as current coverage	P: real native and WASI 0.2 services; PW2/PW3: selected portable suites. Browser raw database TCP is unavailable; p3 real DB service run absent.	| ErrorResponse/NoticeResponse | Every field preserved; named pg-style accessors and generic tag access | Error-field Wire PASS; notice server test UNRUN | | LISTEN/NOTIFY | Independent PID/channel/payload event | Implemented; real notice/notification assertion UNRUN | | CancelRequest | Saved backend PID/secret, 16-byte new-connection request | Implemented; active pg_sleep/server cancellation assertion UNRUN | | Pipelining, transaction state, abort/end | Token FIFO, ReadyForQuery I/T/E, one terminal completion per token, final Closed | Wire PASS including error recovery and timeout | | COPY IN/OUT | Borrowed format/data events, data/done/fail commands; fresh Sync after extended COPY IN | Wire PASS for COPY input and extended synchronization; real COPY byte equality/row effects UNRUN |	https://github.com/PerryTS/turnloop/blob/a0fbb1bf9a100bb3215219f54301b9ee82ffe71f/docs/lanes/proto-sql.md#L38
docs/lanes/proto-sql.md	40	doc-progress	| COPY IN/OUT | Borrowed format/data events, data/done/fail commands; fresh Sync after extended COPY IN | Wire PASS for COPY input and extended synchronization; real COPY byte equality/row effects UNRUN |	STILL TRUE — historical local; STALE as current coverage	P: real native and WASI 0.2 services; PW2/PW3: selected portable suites. Browser raw database TCP is unavailable; p3 real DB service run absent.	| CancelRequest | Saved backend PID/secret, 16-byte new-connection request | Implemented; active pg_sleep/server cancellation assertion UNRUN | | Pipelining, transaction state, abort/end | Token FIFO, ReadyForQuery I/T/E, one terminal completion per token, final Closed | Wire PASS including error recovery and timeout | | COPY IN/OUT | Borrowed format/data events, data/done/fail commands; fresh Sync after extended COPY IN | Wire PASS for COPY input and extended synchronization; real COPY byte equality/row effects UNRUN | | pg.Pool | Lazy max/min, FIFO waiters, LIFO idle reuse, checkin/destroy, idle/acquire deadlines, maxUses/lifetime, graceful end, generation-checked leases | Unit PASS including min eviction, timeout, stale release and end; real session-reuse fixture UNRUN | 	https://github.com/PerryTS/turnloop/blob/a0fbb1bf9a100bb3215219f54301b9ee82ffe71f/docs/lanes/proto-sql.md#L40
docs/lanes/proto-sql.md	41	doc-progress	| pg.Pool | Lazy max/min, FIFO waiters, LIFO idle reuse, checkin/destroy, idle/acquire deadlines, maxUses/lifetime, graceful end, generation-checked leases | Unit PASS including min eviction, timeout, stale release and end; real session-reuse fixture UNRUN |	STILL TRUE — historical local; STALE as current coverage	P: real native and WASI 0.2 services; PW2/PW3: selected portable suites. Browser raw database TCP is unavailable; p3 real DB service run absent.	| Pipelining, transaction state, abort/end | Token FIFO, ReadyForQuery I/T/E, one terminal completion per token, final Closed | Wire PASS including error recovery and timeout | | COPY IN/OUT | Borrowed format/data events, data/done/fail commands; fresh Sync after extended COPY IN | Wire PASS for COPY input and extended synchronization; real COPY byte equality/row effects UNRUN | | pg.Pool | Lazy max/min, FIFO waiters, LIFO idle reuse, checkin/destroy, idle/acquire deadlines, maxUses/lifetime, graceful end, generation-checked leases | Unit PASS including min eviction, timeout, stale release and end; real session-reuse fixture UNRUN |  ### MySQL / mysql2	https://github.com/PerryTS/turnloop/blob/a0fbb1bf9a100bb3215219f54301b9ee82ffe71f/docs/lanes/proto-sql.md#L41
docs/lanes/proto-sql.md	47	doc-progress	| Handshake v10/capabilities/TLS | mysql_common handshake packets, supported capability intersection, explicit TLS boundary | Wire PASS; rustls/server TLS UNRUN |	STILL TRUE — historical local; STALE as current coverage	P: real native and WASI 0.2 services; PW2/PW3: selected portable suites. Browser raw database TCP is unavailable; p3 real DB service run absent.	| Feature | Implementation | Verification / remaining gap | |---|---|---| | Handshake v10/capabilities/TLS | mysql_common handshake packets, supported capability intersection, explicit TLS boundary | Wire PASS; rustls/server TLS UNRUN | | caching_sha2 fast/full TLS | Fast success, full cleartext only after host TLS acknowledgement | Wire PASS | | caching_sha2 full RSA | Public-key retrieval, explicit 20-byte entropy request, nonce XOR, OAEP-SHA1 | Wire PASS against independent Python hashlib/modular-exponentiation vector |	https://github.com/PerryTS/turnloop/blob/a0fbb1bf9a100bb3215219f54301b9ee82ffe71f/docs/lanes/proto-sql.md#L47
docs/lanes/proto-sql.md	51	doc-progress	| COM_QUERY/multiple results | Borrowed columns/text rows; explicit multipleStatements option | Fragmented wire PASS; real multiple-set fixtures UNRUN |	STILL TRUE — historical local; STALE as current coverage	P: real native and WASI 0.2 services; PW2/PW3: selected portable suites. Browser raw database TCP is unavailable; p3 real DB service run absent.	| caching_sha2 full RSA | Public-key retrieval, explicit 20-byte entropy request, nonce XOR, OAEP-SHA1 | Wire PASS against independent Python hashlib/modular-exponentiation vector | | mysql_native_password/auth switch | mysql_common scrambles and plugin selection | Wire PASS; MySQL 9.6 cannot provide a native-password real-server fixture | | COM_QUERY/multiple results | Borrowed columns/text rows; explicit multipleStatements option | Fragmented wire PASS; real multiple-set fixtures UNRUN | | PREPARE/EXECUTE/CLOSE/RESET | Parameter/column metadata, statement IDs, binary rows, mysql_common Value serialization | Wire PASS including binary row and exact execute packet; no automatic SQL-keyed LRU helper | | OK/EOF/ERR and error properties | affectedRows/insertId/warnings/status, errno/sqlState/sqlMessage; common code-name table | Wire PASS; full mysql2 symbolic error registry remains incomplete |	https://github.com/PerryTS/turnloop/blob/a0fbb1bf9a100bb3215219f54301b9ee82ffe71f/docs/lanes/proto-sql.md#L51
docs/lanes/proto-sql.md	54	doc-progress	| PING/QUIT/RESET_CONNECTION/changeUser | Explicit commands; reset/changeUser success invalidates statement IDs | Ping/close/timeout wire PASS; real reset/changeUser/quit assertions compiled, UNRUN |	STILL TRUE — historical local; STALE as current coverage	P: real native and WASI 0.2 services; PW2/PW3: selected portable suites. Browser raw database TCP is unavailable; p3 real DB service run absent.	| PREPARE/EXECUTE/CLOSE/RESET | Parameter/column metadata, statement IDs, binary rows, mysql_common Value serialization | Wire PASS including binary row and exact execute packet; no automatic SQL-keyed LRU helper | | OK/EOF/ERR and error properties | affectedRows/insertId/warnings/status, errno/sqlState/sqlMessage; common code-name table | Wire PASS; full mysql2 symbolic error registry remains incomplete | | PING/QUIT/RESET_CONNECTION/changeUser | Explicit commands; reset/changeUser success invalidates statement IDs | Ping/close/timeout wire PASS; real reset/changeUser/quit assertions compiled, UNRUN | | Transactions | Ordinary SQL and server transaction flags | Implemented; real rollback/server effects UNRUN | | Common conversions/typeCast surface | Borrowed fields/raw values; default conversion helper/options; host-dispatched hook boundary | Unit PASS for decimal/BIGINT/JSON/BLOB/date policies; real binary/type matrix UNRUN |	https://github.com/PerryTS/turnloop/blob/a0fbb1bf9a100bb3215219f54301b9ee82ffe71f/docs/lanes/proto-sql.md#L54
docs/lanes/proto-sql.md	55	doc-progress	| Transactions | Ordinary SQL and server transaction flags | Implemented; real rollback/server effects UNRUN |	STILL TRUE — historical local; STALE as current coverage	P: real native and WASI 0.2 services; PW2/PW3: selected portable suites. Browser raw database TCP is unavailable; p3 real DB service run absent.	| OK/EOF/ERR and error properties | affectedRows/insertId/warnings/status, errno/sqlState/sqlMessage; common code-name table | Wire PASS; full mysql2 symbolic error registry remains incomplete | | PING/QUIT/RESET_CONNECTION/changeUser | Explicit commands; reset/changeUser success invalidates statement IDs | Ping/close/timeout wire PASS; real reset/changeUser/quit assertions compiled, UNRUN | | Transactions | Ordinary SQL and server transaction flags | Implemented; real rollback/server effects UNRUN | | Common conversions/typeCast surface | Borrowed fields/raw values; default conversion helper/options; host-dispatched hook boundary | Unit PASS for decimal/BIGINT/JSON/BLOB/date policies; real binary/type matrix UNRUN | | Compression | CLIENT_COMPRESS, retained zlib compressor/decompressor, sequence checks, 24-bit chunking | Wire PASS, including independent mysql_common encoder interoperability, byte fragmentation and exact 16-MiB continuation boundary |	https://github.com/PerryTS/turnloop/blob/a0fbb1bf9a100bb3215219f54301b9ee82ffe71f/docs/lanes/proto-sql.md#L55
docs/lanes/proto-sql.md	56	doc-progress	| Common conversions/typeCast surface | Borrowed fields/raw values; default conversion helper/options; host-dispatched hook boundary | Unit PASS for decimal/BIGINT/JSON/BLOB/date policies; real binary/type matrix UNRUN |	STILL TRUE — historical local; STALE as current coverage	P: real native and WASI 0.2 services; PW2/PW3: selected portable suites. Browser raw database TCP is unavailable; p3 real DB service run absent.	| PING/QUIT/RESET_CONNECTION/changeUser | Explicit commands; reset/changeUser success invalidates statement IDs | Ping/close/timeout wire PASS; real reset/changeUser/quit assertions compiled, UNRUN | | Transactions | Ordinary SQL and server transaction flags | Implemented; real rollback/server effects UNRUN | | Common conversions/typeCast surface | Borrowed fields/raw values; default conversion helper/options; host-dispatched hook boundary | Unit PASS for decimal/BIGINT/JSON/BLOB/date policies; real binary/type matrix UNRUN | | Compression | CLIENT_COMPRESS, retained zlib compressor/decompressor, sequence checks, 24-bit chunking | Wire PASS, including independent mysql_common encoder interoperability, byte fragmentation and exact 16-MiB continuation boundary | | LOCAL INFILE | Disabled by default; filename event when opted in; host data and end commands | Wire PASS for refusal and explicit successful upload packets; real row effects UNRUN |	https://github.com/PerryTS/turnloop/blob/a0fbb1bf9a100bb3215219f54301b9ee82ffe71f/docs/lanes/proto-sql.md#L56
docs/lanes/proto-sql.md	58	doc-progress	| LOCAL INFILE | Disabled by default; filename event when opted in; host data and end commands | Wire PASS for refusal and explicit successful upload packets; real row effects UNRUN |	STILL TRUE — historical local; STALE as current coverage	P: real native and WASI 0.2 services; PW2/PW3: selected portable suites. Browser raw database TCP is unavailable; p3 real DB service run absent.	| Common conversions/typeCast surface | Borrowed fields/raw values; default conversion helper/options; host-dispatched hook boundary | Unit PASS for decimal/BIGINT/JSON/BLOB/date policies; real binary/type matrix UNRUN | | Compression | CLIENT_COMPRESS, retained zlib compressor/decompressor, sequence checks, 24-bit chunking | Wire PASS, including independent mysql_common encoder interoperability, byte fragmentation and exact 16-MiB continuation boundary | | LOCAL INFILE | Disabled by default; filename event when opted in; host data and end commands | Wire PASS for refusal and explicit successful upload packets; real row effects UNRUN | | createPool lifecycle | Lazy max, waitForConnections/queueLimit, FIFO waiters, maxIdle/idleTimeout, release/end, generation-checked leases | Unit PASS; real session-variable reuse fixture UNRUN | 	https://github.com/PerryTS/turnloop/blob/a0fbb1bf9a100bb3215219f54301b9ee82ffe71f/docs/lanes/proto-sql.md#L58
docs/lanes/proto-sql.md	59	doc-progress	| createPool lifecycle | Lazy max, waitForConnections/queueLimit, FIFO waiters, maxIdle/idleTimeout, release/end, generation-checked leases | Unit PASS; real session-variable reuse fixture UNRUN |	STILL TRUE — historical local; STALE as current coverage	P: real native and WASI 0.2 services; PW2/PW3: selected portable suites. Browser raw database TCP is unavailable; p3 real DB service run absent.	| Compression | CLIENT_COMPRESS, retained zlib compressor/decompressor, sequence checks, 24-bit chunking | Wire PASS, including independent mysql_common encoder interoperability, byte fragmentation and exact 16-MiB continuation boundary | | LOCAL INFILE | Disabled by default; filename event when opted in; host data and end commands | Wire PASS for refusal and explicit successful upload packets; real row effects UNRUN | | createPool lifecycle | Lazy max, waitForConnections/queueLimit, FIFO waiters, maxIdle/idleTimeout, release/end, generation-checked leases | Unit PASS; real session-variable reuse fixture UNRUN |  ## Driver contract and architectural decisions	https://github.com/PerryTS/turnloop/blob/a0fbb1bf9a100bb3215219f54301b9ee82ffe71f/docs/lanes/proto-sql.md#L59
docs/lanes/proto-sql.md	104	doc-progress	arrays and JSON big-number policy are not implemented. Unknown MySQL errno keeps	STILL TRUE — scoped statement	Read exact source context. No wider current CI guarantee inferred; see DESIGN_AUDIT.md and REMAINING_WORK.md.	mysql2 field.string/buffer single-consumption and geometry parsing remain host work. Non-UTF8 MySQL text requires host charset decoding. Per-type dateStrings arrays and JSON big-number policy are not implemented. Unknown MySQL errno keeps its number but has no invented symbolic name. Full Node parity is not claimed. 	https://github.com/PerryTS/turnloop/blob/a0fbb1bf9a100bb3215219f54301b9ee82ffe71f/docs/lanes/proto-sql.md#L104
docs/lanes/proto-sql.md	114	doc-progress	must be exclusive; detecting COPY IN with multiple pending tokens fails closed.	STILL TRUE — behavior/policy, not open work	Pending means operation/queue/phase state or a reporting rule. Read linked context; no missing implementation inferred.	prepare cache/long-data streaming helper. These exceed Perry's immediate bound surface, but are explicit gaps versus the full Node libraries. Interactive COPY must be exclusive; detecting COPY IN with multiple pending tokens fails closed.  ## Allocation profile (measured, not a universal throughput claim)	https://github.com/PerryTS/turnloop/blob/a0fbb1bf9a100bb3215219f54301b9ee82ffe71f/docs/lanes/proto-sql.md#L114
docs/lanes/proto-sql.md	133	doc-progress	counters have not yet measured every parameter/type/pool workload or real-server	STILL TRUE — limitation or scoped statement	Still applies in stated scope; advanced parity, perf attribution, mobile/FreeBSD, fuzz and long soak are not implied by green bounded CI. See REMAINING_WORK.md.	pool/buffer growth and materialized owned results may allocate. Text bytea, binary numeric/UUID and arrays allocate their result representation. Allocation counters have not yet measured every parameter/type/pool workload or real-server traffic. Buffers retain the largest observed capacity within configured limits. 	https://github.com/PerryTS/turnloop/blob/a0fbb1bf9a100bb3215219f54301b9ee82ffe71f/docs/lanes/proto-sql.md#L133
docs/lanes/proto-sql.md	176	doc-progress	| `python3 scripts/sql-servers.py run cargo test --workspace --test server -- --ignored` | UNRUN test bodies: private initialization blocked as above |	STILL TRUE — historical local; STALE as current coverage	P: real native and WASI 0.2 services; PW2/PW3: selected portable suites. Browser raw database TCP is unavailable; p3 real DB service run absent.	| `python3 scripts/sql-servers.py start` | FAIL: PostgreSQL initdb shmget denied (Operation not permitted), 56-byte System V segment | | `TURNLOOP_SQL_SERVER=mysql python3 scripts/sql-servers.py start` | FAIL: mysqld 9.6.0 initialize-insecure SIGSEGV in memory::Aligned_atomic<long>; `.tools/mysql-init.log` | | `python3 scripts/sql-servers.py run cargo test --workspace --test server -- --ignored` | UNRUN test bodies: private initialization blocked as above | | `TURNLOOP_SQL_SERVER=mysql python3 scripts/sql-servers.py run cargo test -p turnloop-mysql --test server -- --ignored` | UNRUN test bodies: private MySQL initialization failed | | Process-wide `ps -axo pid=,comm=,args=` inventory | FAIL: sandbox denies ps; revised stop script does not rely on ps |	https://github.com/PerryTS/turnloop/blob/a0fbb1bf9a100bb3215219f54301b9ee82ffe71f/docs/lanes/proto-sql.md#L176
docs/lanes/proto-sql.md	177	doc-progress	| `TURNLOOP_SQL_SERVER=mysql python3 scripts/sql-servers.py run cargo test -p turnloop-mysql --test server -- --ignored` | UNRUN test bodies: private MySQL initialization failed |	STILL TRUE — historical local; STALE as current coverage	P: real native and WASI 0.2 services; PW2/PW3: selected portable suites. Browser raw database TCP is unavailable; p3 real DB service run absent.	| `TURNLOOP_SQL_SERVER=mysql python3 scripts/sql-servers.py start` | FAIL: mysqld 9.6.0 initialize-insecure SIGSEGV in memory::Aligned_atomic<long>; `.tools/mysql-init.log` | | `python3 scripts/sql-servers.py run cargo test --workspace --test server -- --ignored` | UNRUN test bodies: private initialization blocked as above | | `TURNLOOP_SQL_SERVER=mysql python3 scripts/sql-servers.py run cargo test -p turnloop-mysql --test server -- --ignored` | UNRUN test bodies: private MySQL initialization failed | | Process-wide `ps -axo pid=,comm=,args=` inventory | FAIL: sandbox denies ps; revised stop script does not rely on ps | | Linux/Windows/WASI/browser runtime executions | UNRUN (compile checks only) |	https://github.com/PerryTS/turnloop/blob/a0fbb1bf9a100bb3215219f54301b9ee82ffe71f/docs/lanes/proto-sql.md#L177
docs/lanes/proto-sql.md	179	doc-progress	| Linux/Windows/WASI/browser runtime executions | UNRUN (compile checks only) |	STILL TRUE — historical local; STALE as current coverage	P: real native and WASI 0.2 services; PW2/PW3: selected portable suites. Browser raw database TCP is unavailable; p3 real DB service run absent.	| `TURNLOOP_SQL_SERVER=mysql python3 scripts/sql-servers.py run cargo test -p turnloop-mysql --test server -- --ignored` | UNRUN test bodies: private MySQL initialization failed | | Process-wide `ps -axo pid=,comm=,args=` inventory | FAIL: sandbox denies ps; revised stop script does not rely on ps | | Linux/Windows/WASI/browser runtime executions | UNRUN (compile checks only) |  Initial development check failures were fixed, not hidden: compiler/clippy	https://github.com/PerryTS/turnloop/blob/a0fbb1bf9a100bb3215219f54301b9ee82ffe71f/docs/lanes/proto-sql.md#L179
docs/lanes/proto-sql.md	218	doc-progress	Keep their UNRUN status until those commands actually execute successfully.	STALE — current coverage/implementation	P: real native and WASI 0.2 services; PW2/PW3: selected portable suites. Browser raw database TCP is unavailable; p3 real DB service run absent.	tests. They assert rows, bytes, server-side effects, TLS/auth paths, pool reuse, COPY, cancellation, statement lifecycle, reset/changeUser and compression. Keep their UNRUN status until those commands actually execute successfully. 2. Add the private MySQL 8.4 native-auth fixture. Verify connection rejection and additional server fault/recovery cases with both real databases.	https://github.com/PerryTS/turnloop/blob/a0fbb1bf9a100bb3215219f54301b9ee82ffe71f/docs/lanes/proto-sql.md#L218
docs/lanes/udp-fix.md	68	doc-progress	| `cargo test --workspace -- --test-threads=1` | PASS, 237 tests including the failing parallel subject and allocation gates; 12 ignored service tests are UNRUN |	STILL TRUE — historical local; STALE as current coverage	N-L/N-A/N-M/N-W, W2/W3, WEB, P, MODEL, PERF and GATE execute at exact main; see INTEGRATION_REPORT.md for scope.	| `cargo test --locked -p turnloop --lib --no-run` after restoring source mtime | PASS, actual final recompilation and distinct binary hash | | `cargo test --workspace` | FAIL, unrelated `registered_processes_and_signals_do_not_spin` at `native_surface.rs:440` (`zero <= 1`); all 12 core tests and 10 core allocation tests passed | | `cargo test --workspace -- --test-threads=1` | PASS, 237 tests including the failing parallel subject and allocation gates; 12 ignored service tests are UNRUN | | `python3 scripts/stress-udp-reuse.py --logs .tools/udp-fix/final-stress` after fresh rebuild | PASS, 2,000 complete suites, two real conflicts recovered, 1,868,347 competing binds | 	https://github.com/PerryTS/turnloop/blob/a0fbb1bf9a100bb3215219f54301b9ee82ffe71f/docs/lanes/udp-fix.md#L68
docs/lanes/udp-fix.md	107	doc-progress	- Linux/Windows runtime: UNRUN (no hosts); cross-checks are compilation only.	STILL TRUE — historical local; STALE as current coverage	N-W: required Windows default/executor/all-feature production suites execute; standalone spike reruns, ETW/cycles/minimum-version/long-soak are not implied.	process/signal no-spin failure visible; investigate its isolation separately. No-spin assertions and the required CI commands were not modified. - Linux/Windows runtime: UNRUN (no hosts); cross-checks are compilation only. Integrator should run native tests on those hosts and commit the working tree.	https://github.com/PerryTS/turnloop/blob/a0fbb1bf9a100bb3215219f54301b9ee82ffe71f/docs/lanes/udp-fix.md#L107
docs/lanes/wasm.md	59	doc-progress	| p3 strict one-wait-per-turn provider | **UNRUN / not implemented**: public wit-bindgen TaskState/wait set stepping unavailable; async spike is not a D7 conformance claim |	MIXED — superseded execution and live limits	WEB: 13 production tests each Chrome/Firefox/Node. Historical standalone spike command was not rerun by these jobs. Historical host limits and remaining requirements stay valid; not a blanket pass.	| p2 idle and timer-cancel allocations | PASS: 0 allocations after warm-up for 10,000 iterations each | | p2 poll allocation gate | **FAIL**: `allocation-gate 100` reports 200 allocations, assertion expected 0; retained strict and rerun on final code | | p3 strict one-wait-per-turn provider | **UNRUN / not implemented**: public wit-bindgen TaskState/wait set stepping unavailable; async spike is not a D7 conformance claim | | p3 cancel/close/buffer-lifetime and allocation contracts | **UNRUN**: no production p3 provider | | Chrome HostCallback contract | **UNRUN assertions / FAIL launch commands**: driver warning/startup heuristic, direct `Chrome instance exited`, later legacy navigation HTTP 404 |	https://github.com/PerryTS/turnloop/blob/a0fbb1bf9a100bb3215219f54301b9ee82ffe71f/docs/lanes/wasm.md#L59
docs/lanes/wasm.md	60	doc-progress	| p3 cancel/close/buffer-lifetime and allocation contracts | **UNRUN**: no production p3 provider |	STALE — current coverage/implementation	WEB: 13 production tests each Chrome/Firefox/Node. Historical standalone spike command was not rerun by these jobs.	| p2 poll allocation gate | **FAIL**: `allocation-gate 100` reports 200 allocations, assertion expected 0; retained strict and rerun on final code | | p3 strict one-wait-per-turn provider | **UNRUN / not implemented**: public wit-bindgen TaskState/wait set stepping unavailable; async spike is not a D7 conformance claim | | p3 cancel/close/buffer-lifetime and allocation contracts | **UNRUN**: no production p3 provider | | Chrome HostCallback contract | **UNRUN assertions / FAIL launch commands**: driver warning/startup heuristic, direct `Chrome instance exited`, later legacy navigation HTTP 404 | | Cross-origin-isolated browser Worker contract | **UNRUN assertions / FAIL WebDriver startup**: session not created, Chrome exited |	https://github.com/PerryTS/turnloop/blob/a0fbb1bf9a100bb3215219f54301b9ee82ffe71f/docs/lanes/wasm.md#L60
docs/lanes/wasm.md	61	doc-progress	| Chrome HostCallback contract | **UNRUN assertions / FAIL launch commands**: driver warning/startup heuristic, direct `Chrome instance exited`, later legacy navigation HTTP 404 |	STILL TRUE — historical local; STALE as current coverage	WEB: 13 production tests each Chrome/Firefox/Node. Historical standalone spike command was not rerun by these jobs.	| p3 strict one-wait-per-turn provider | **UNRUN / not implemented**: public wit-bindgen TaskState/wait set stepping unavailable; async spike is not a D7 conformance claim | | p3 cancel/close/buffer-lifetime and allocation contracts | **UNRUN**: no production p3 provider | | Chrome HostCallback contract | **UNRUN assertions / FAIL launch commands**: driver warning/startup heuristic, direct `Chrome instance exited`, later legacy navigation HTTP 404 | | Cross-origin-isolated browser Worker contract | **UNRUN assertions / FAIL WebDriver startup**: session not created, Chrome exited | | Firefox browser contracts | **UNRUN**: Firefox unavailable; no passing browser claim |	https://github.com/PerryTS/turnloop/blob/a0fbb1bf9a100bb3215219f54301b9ee82ffe71f/docs/lanes/wasm.md#L61
docs/lanes/wasm.md	62	doc-progress	| Cross-origin-isolated browser Worker contract | **UNRUN assertions / FAIL WebDriver startup**: session not created, Chrome exited |	STILL TRUE — historical local; STALE as current coverage	WEB: 13 production tests each Chrome/Firefox/Node. Historical standalone spike command was not rerun by these jobs.	| p3 cancel/close/buffer-lifetime and allocation contracts | **UNRUN**: no production p3 provider | | Chrome HostCallback contract | **UNRUN assertions / FAIL launch commands**: driver warning/startup heuristic, direct `Chrome instance exited`, later legacy navigation HTTP 404 | | Cross-origin-isolated browser Worker contract | **UNRUN assertions / FAIL WebDriver startup**: session not created, Chrome exited | | Firefox browser contracts | **UNRUN**: Firefox unavailable; no passing browser claim | | Full core contract tests | **UNRUN**: no core trait/workspace/tag imported; fallback tests are explicitly separate |	https://github.com/PerryTS/turnloop/blob/a0fbb1bf9a100bb3215219f54301b9ee82ffe71f/docs/lanes/wasm.md#L62
docs/lanes/wasm.md	63	doc-progress	| Firefox browser contracts | **UNRUN**: Firefox unavailable; no passing browser claim |	STILL TRUE — historical local; STALE as current coverage	N-W: required Windows default/executor/all-feature production suites execute; standalone spike reruns, ETW/cycles/minimum-version/long-soak are not implied.	| Chrome HostCallback contract | **UNRUN assertions / FAIL launch commands**: driver warning/startup heuristic, direct `Chrome instance exited`, later legacy navigation HTTP 404 | | Cross-origin-isolated browser Worker contract | **UNRUN assertions / FAIL WebDriver startup**: session not created, Chrome exited | | Firefox browser contracts | **UNRUN**: Firefox unavailable; no passing browser claim | | Full core contract tests | **UNRUN**: no core trait/workspace/tag imported; fallback tests are explicitly separate | | Linux / Windows execution | **UNRUN**: no hosts; native backends outside this lane's scope |	https://github.com/PerryTS/turnloop/blob/a0fbb1bf9a100bb3215219f54301b9ee82ffe71f/docs/lanes/wasm.md#L63
docs/lanes/wasm.md	64	doc-progress	| Full core contract tests | **UNRUN**: no core trait/workspace/tag imported; fallback tests are explicitly separate |	STALE — current coverage/implementation	N-W: required Windows default/executor/all-feature production suites execute; standalone spike reruns, ETW/cycles/minimum-version/long-soak are not implied.	| Cross-origin-isolated browser Worker contract | **UNRUN assertions / FAIL WebDriver startup**: session not created, Chrome exited | | Firefox browser contracts | **UNRUN**: Firefox unavailable; no passing browser claim | | Full core contract tests | **UNRUN**: no core trait/workspace/tag imported; fallback tests are explicitly separate | | Linux / Windows execution | **UNRUN**: no hosts; native backends outside this lane's scope | | WASI OS-thread Poster / detach / shared pool tests | **UNRUN**: component async concurrency does not prove OS threads |	https://github.com/PerryTS/turnloop/blob/a0fbb1bf9a100bb3215219f54301b9ee82ffe71f/docs/lanes/wasm.md#L64
docs/lanes/wasm.md	65	doc-progress	| Linux / Windows execution | **UNRUN**: no hosts; native backends outside this lane's scope |	STILL TRUE — historical local; STALE as current coverage	N-W: required Windows default/executor/all-feature production suites execute; standalone spike reruns, ETW/cycles/minimum-version/long-soak are not implied.	| Firefox browser contracts | **UNRUN**: Firefox unavailable; no passing browser claim | | Full core contract tests | **UNRUN**: no core trait/workspace/tag imported; fallback tests are explicitly separate | | Linux / Windows execution | **UNRUN**: no hosts; native backends outside this lane's scope | | WASI OS-thread Poster / detach / shared pool tests | **UNRUN**: component async concurrency does not prove OS threads | | Bootstrap and Python helpers | PASS: Python syntax compilation and reproducible local tool/driver bootstrap |	https://github.com/PerryTS/turnloop/blob/a0fbb1bf9a100bb3215219f54301b9ee82ffe71f/docs/lanes/wasm.md#L65
docs/lanes/wasm.md	66	doc-progress	| WASI OS-thread Poster / detach / shared pool tests | **UNRUN**: component async concurrency does not prove OS threads |	STILL TRUE — limitation or scoped statement	WASI OS-thread/detach/shared-pool functionality remains absent; single-agent contracts do not demonstrate OS threads.	| Full core contract tests | **UNRUN**: no core trait/workspace/tag imported; fallback tests are explicitly separate | | Linux / Windows execution | **UNRUN**: no hosts; native backends outside this lane's scope | | WASI OS-thread Poster / detach / shared pool tests | **UNRUN**: component async concurrency does not prove OS threads | | Bootstrap and Python helpers | PASS: Python syntax compilation and reproducible local tool/driver bootstrap | 	https://github.com/PerryTS/turnloop/blob/a0fbb1bf9a100bb3215219f54301b9ee82ffe71f/docs/lanes/wasm.md#L66
docs/lanes/wasm.md	163	doc-progress	used. Fetch/merge and `crates/windlass/src/backend/*.rs` integration are UNRUN.	STALE — current coverage/implementation	WEB: 13 production tests each Chrome/Firefox/Node. Historical standalone spike command was not rerun by these jobs.	 No `trait-v0` tag exists at the final check, so the authorized fallback drafts were used. Fetch/merge and `crates/windlass/src/backend/*.rs` integration are UNRUN. Questions: core's registration/operation ABI and output saturation contract; supported p3 one-step interface; allocation accounting across canonical ABI/JS host; browser	https://github.com/PerryTS/turnloop/blob/a0fbb1bf9a100bb3215219f54301b9ee82ffe71f/docs/lanes/wasm.md#L163
docs/lanes/wasm2-wasm3.md	60	doc-progress	The twelve ignored real-server tests in the native workspace result are UNRUN,	STILL TRUE — historical local; STALE as current coverage	W2/W3 and PW2/PW3 execute. p3 bounded-host questions I04, files I06, p3 DNS I05 and compressed Mongo allocations I03 remain.	 Cross-checks compile code; they do not establish runtime behavior on another OS. The twelve ignored real-server tests in the native workspace result are UNRUN, not included in the pass count. The separate HTTP fixture run executes its two normally ignored HTTP cases. Detailed commands and earlier failures follow below.	https://github.com/PerryTS/turnloop/blob/a0fbb1bf9a100bb3215219f54301b9ee82ffe71f/docs/lanes/wasm2-wasm3.md#L60
docs/lanes/wasm2-wasm3.md	71	doc-progress	| Windows strict cross-Clippy | PASS: core, contract and bench, all targets/all features; runtime UNRUN |	STILL TRUE — historical local; STALE as current coverage	N-W: required Windows default/executor/all-feature production suites execute; standalone spike reruns, ETW/cycles/minimum-version/long-soak are not implied.	| Workspace/all-target strict Clippy, default and all features | PASS: native, x86_64 Linux, WASI p2, web wasm, p3 on nightly-2026-09-07 | | Workspace/all-target/all-feature release Clippy | PASS: WASI p2 and p3 | | Windows strict cross-Clippy | PASS: core, contract and bench, all targets/all features; runtime UNRUN | | Stable 1.97.1 workspace/all-target/all-feature check | PASS: native, WASI p2 and web wasm | | Rustdoc with warnings denied | PASS |	https://github.com/PerryTS/turnloop/blob/a0fbb1bf9a100bb3215219f54301b9ee82ffe71f/docs/lanes/wasm2-wasm3.md#L71
docs/lanes/wasm2-wasm3.md	119	doc-progress	output and pending-drop reuse. New gates measure 800 external-wait completions,	STILL TRUE — behavior/policy, not open work	Pending means operation/queue/phase state or a reporting rule. Read linked context; no missing implementation inferred.	batches, backlog cancellation, 100 UDP datagrams/6,400 bytes, concurrent IPv6 UDP with 320 verified receives and 320 cancellations across two loops, capacity-one output and pending-drop reuse. New gates measure 800 external-wait completions, 100 stdio writes, caller-buffer stdio reads through repeated EOF and 1,001 executor I/O/sleep rounds. P3 additionally measures scalar entropy and canonical	https://github.com/PerryTS/turnloop/blob/a0fbb1bf9a100bb3215219f54301b9ee82ffe71f/docs/lanes/wasm2-wasm3.md#L119
docs/lanes/wasm2-wasm3.md	160	doc-progress	## UNRUN and limitations	STILL TRUE — historical local; STALE as current coverage	W2/W3 and PW2/PW3 execute. p3 bounded-host questions I04, files I06, p3 DNS I05 and compressed Mongo allocations I03 remain.	diagnostic. No workflow policy or gate was weakened to get a pass.  ## UNRUN and limitations  | Command / capability | Status and reason |	https://github.com/PerryTS/turnloop/blob/a0fbb1bf9a100bb3215219f54301b9ee82ffe71f/docs/lanes/wasm2-wasm3.md#L160
docs/lanes/wasm2-wasm3.md	164	doc-progress	| `python3 scripts/ci/run-tests.py web` (both pinned browsers) | **UNRUN on this Mac**, per user instruction: macOS SIGKILLs chromedriver. Required Linux CI browser runs retained; digest verification is not browser execution |	STILL TRUE — historical local; STALE as current coverage	P: real native and WASI 0.2 services; PW2/PW3: selected portable suites. Browser raw database TCP is unavailable; p3 real DB service run absent.	| Command / capability | Status and reason | | --- | --- | | `python3 scripts/ci/run-tests.py web` (both pinned browsers) | **UNRUN on this Mac**, per user instruction: macOS SIGKILLs chromedriver. Required Linux CI browser runs retained; digest verification is not browser execution | | Native tests on Linux / Windows, Docker service job | **UNRUN**, no corresponding hosts or Docker. Windows production IOCP still belongs to its lane | | `python3 scripts/ci/instructions.py` | **UNRUN**, needs Ubuntu/Valgrind. Core3 owns known approximately 33x idle regression; committed baseline unchanged |	https://github.com/PerryTS/turnloop/blob/a0fbb1bf9a100bb3215219f54301b9ee82ffe71f/docs/lanes/wasm2-wasm3.md#L164
docs/lanes/wasm2-wasm3.md	165	doc-progress	| Native tests on Linux / Windows, Docker service job | **UNRUN**, no corresponding hosts or Docker. Windows production IOCP still belongs to its lane |	MIXED — superseded execution and live limits	P: real native and WASI 0.2 services; PW2/PW3: selected portable suites. Browser raw database TCP is unavailable; p3 real DB service run absent. Historical host limits and remaining requirements stay valid; not a blanket pass.	| --- | --- | | `python3 scripts/ci/run-tests.py web` (both pinned browsers) | **UNRUN on this Mac**, per user instruction: macOS SIGKILLs chromedriver. Required Linux CI browser runs retained; digest verification is not browser execution | | Native tests on Linux / Windows, Docker service job | **UNRUN**, no corresponding hosts or Docker. Windows production IOCP still belongs to its lane | | `python3 scripts/ci/instructions.py` | **UNRUN**, needs Ubuntu/Valgrind. Core3 owns known approximately 33x idle regression; committed baseline unchanged | | `scripts/test-servers.py run cargo test --workspace -- --include-ignored` | **UNRUN (sandbox)** for full database service execution: supplied PostgreSQL shmget and MySQL initializer failures; integrator reruns outside sandbox |	https://github.com/PerryTS/turnloop/blob/a0fbb1bf9a100bb3215219f54301b9ee82ffe71f/docs/lanes/wasm2-wasm3.md#L165
docs/lanes/wasm2-wasm3.md	166	doc-progress	| `python3 scripts/ci/instructions.py` | **UNRUN**, needs Ubuntu/Valgrind. Core3 owns known approximately 33x idle regression; committed baseline unchanged |	STALE — current coverage/implementation	P: real native and WASI 0.2 services; PW2/PW3: selected portable suites. Browser raw database TCP is unavailable; p3 real DB service run absent.	| `python3 scripts/ci/run-tests.py web` (both pinned browsers) | **UNRUN on this Mac**, per user instruction: macOS SIGKILLs chromedriver. Required Linux CI browser runs retained; digest verification is not browser execution | | Native tests on Linux / Windows, Docker service job | **UNRUN**, no corresponding hosts or Docker. Windows production IOCP still belongs to its lane | | `python3 scripts/ci/instructions.py` | **UNRUN**, needs Ubuntu/Valgrind. Core3 owns known approximately 33x idle regression; committed baseline unchanged | | `scripts/test-servers.py run cargo test --workspace -- --include-ignored` | **UNRUN (sandbox)** for full database service execution: supplied PostgreSQL shmget and MySQL initializer failures; integrator reruns outside sandbox | | Redis/MongoDB/SMTP external-server bodies | **UNRUN in this merge verification**; ordinary native protocol tests execute. No concurrent database process groups were launched during the memory-constrained restart |	https://github.com/PerryTS/turnloop/blob/a0fbb1bf9a100bb3215219f54301b9ee82ffe71f/docs/lanes/wasm2-wasm3.md#L166
docs/lanes/wasm2-wasm3.md	167	doc-progress	| `scripts/test-servers.py run cargo test --workspace -- --include-ignored` | **UNRUN (sandbox)** for full database service execution: supplied PostgreSQL shmget and MySQL initializer failures; integrator reruns outside sandbox |	STILL TRUE — historical local; STALE as current coverage	P: real native and WASI 0.2 services; PW2/PW3: selected portable suites. Browser raw database TCP is unavailable; p3 real DB service run absent.	| Native tests on Linux / Windows, Docker service job | **UNRUN**, no corresponding hosts or Docker. Windows production IOCP still belongs to its lane | | `python3 scripts/ci/instructions.py` | **UNRUN**, needs Ubuntu/Valgrind. Core3 owns known approximately 33x idle regression; committed baseline unchanged | | `scripts/test-servers.py run cargo test --workspace -- --include-ignored` | **UNRUN (sandbox)** for full database service execution: supplied PostgreSQL shmget and MySQL initializer failures; integrator reruns outside sandbox | | Redis/MongoDB/SMTP external-server bodies | **UNRUN in this merge verification**; ordinary native protocol tests execute. No concurrent database process groups were launched during the memory-constrained restart | | Full Windows workspace test-target C compilation | **UNRUN** without Windows SDK headers; requested Windows core/contract/bench cross-check passed |	https://github.com/PerryTS/turnloop/blob/a0fbb1bf9a100bb3215219f54301b9ee82ffe71f/docs/lanes/wasm2-wasm3.md#L167
docs/lanes/wasm2-wasm3.md	168	doc-progress	| Redis/MongoDB/SMTP external-server bodies | **UNRUN in this merge verification**; ordinary native protocol tests execute. No concurrent database process groups were launched during the memory-constrained restart |	STILL TRUE — historical local; STALE as current coverage	P: real native and WASI 0.2 services; PW2/PW3: selected portable suites. Browser raw database TCP is unavailable; p3 real DB service run absent.	| `python3 scripts/ci/instructions.py` | **UNRUN**, needs Ubuntu/Valgrind. Core3 owns known approximately 33x idle regression; committed baseline unchanged | | `scripts/test-servers.py run cargo test --workspace -- --include-ignored` | **UNRUN (sandbox)** for full database service execution: supplied PostgreSQL shmget and MySQL initializer failures; integrator reruns outside sandbox | | Redis/MongoDB/SMTP external-server bodies | **UNRUN in this merge verification**; ordinary native protocol tests execute. No concurrent database process groups were launched during the memory-constrained restart | | Full Windows workspace test-target C compilation | **UNRUN** without Windows SDK headers; requested Windows core/contract/bench cross-check passed | | Actual GitHub workflows, release/publication, prolonged cross-platform soak | **UNRUN**; no such runtime/publishing claims |	https://github.com/PerryTS/turnloop/blob/a0fbb1bf9a100bb3215219f54301b9ee82ffe71f/docs/lanes/wasm2-wasm3.md#L168
docs/lanes/wasm2-wasm3.md	169	doc-progress	| Full Windows workspace test-target C compilation | **UNRUN** without Windows SDK headers; requested Windows core/contract/bench cross-check passed |	STILL TRUE — historical local; STALE as current coverage	P: real native and WASI 0.2 services; PW2/PW3: selected portable suites. Browser raw database TCP is unavailable; p3 real DB service run absent.	| `scripts/test-servers.py run cargo test --workspace -- --include-ignored` | **UNRUN (sandbox)** for full database service execution: supplied PostgreSQL shmget and MySQL initializer failures; integrator reruns outside sandbox | | Redis/MongoDB/SMTP external-server bodies | **UNRUN in this merge verification**; ordinary native protocol tests execute. No concurrent database process groups were launched during the memory-constrained restart | | Full Windows workspace test-target C compilation | **UNRUN** without Windows SDK headers; requested Windows core/contract/bench cross-check passed | | Actual GitHub workflows, release/publication, prolonged cross-platform soak | **UNRUN**; no such runtime/publishing claims | 	https://github.com/PerryTS/turnloop/blob/a0fbb1bf9a100bb3215219f54301b9ee82ffe71f/docs/lanes/wasm2-wasm3.md#L169
docs/lanes/wasm2-wasm3.md	170	doc-progress	| Actual GitHub workflows, release/publication, prolonged cross-platform soak | **UNRUN**; no such runtime/publishing claims |	MIXED — superseded execution and live limits	P: real native and WASI 0.2 services; PW2/PW3: selected portable suites. Browser raw database TCP is unavailable; p3 real DB service run absent. Historical host limits and remaining requirements stay valid; not a blanket pass.	| Redis/MongoDB/SMTP external-server bodies | **UNRUN in this merge verification**; ordinary native protocol tests execute. No concurrent database process groups were launched during the memory-constrained restart | | Full Windows workspace test-target C compilation | **UNRUN** without Windows SDK headers; requested Windows core/contract/bench cross-check passed | | Actual GitHub workflows, release/publication, prolonged cross-platform soak | **UNRUN**; no such runtime/publishing claims |  P3 is explicitly experimental. Its current host-yield/cancellation bounds and raw	https://github.com/PerryTS/turnloop/blob/a0fbb1bf9a100bb3215219f54301b9ee82ffe71f/docs/lanes/wasm2-wasm3.md#L170
docs/lanes/windows.md	8	doc-progress	Clippy pass. **All 18 Windows runtime tests are UNRUN.** This session cannot write	STILL TRUE — historical local; STALE as never executed	spikes/iocp/WINDOWS_RESULTS.md:24 records actual separate binary runs: port/TCP/pipe/stdio/integration/process/console/handles pass; timer and draft initially fail APC arming (error 87). Production N-W now passes; no claim every old alternate spike is green.	**Status:** standalone Windows mechanism spikes, compiled backend draft, compio source evaluation and Windows contract plan are present. Windows cross-checks and Clippy pass. **All 18 Windows runtime tests are UNRUN.** This session cannot write `.git`. An external checkpoint commit `2984635` appeared during final review; four files have final changes after that checkpoint. This is not a shipping core backend.	https://github.com/PerryTS/turnloop/blob/a0fbb1bf9a100bb3215219f54301b9ee82ffe71f/docs/lanes/windows.md#L8
docs/lanes/windows.md	29	doc-progress	- Overlapped named-pipe server/client with both pending and client-first connect	STILL TRUE — behavior/policy, not open work	Pending means operation/queue/phase state or a reporting rule. Read linked context; no missing implementation inferred.	WSARecv followed by nonblocking recv, WSASend, 128 echo cycles, cancellation completion and drain-before-close. Fixture operation storage/events are reused. - Overlapped named-pipe server/client with both pending and client-first connect paths, 128 transfers per path, actual payload assertions, cancel/drain/close. - Synchronous stdio pipe reader thread posting byte completions and EOF; validates	https://github.com/PerryTS/turnloop/blob/a0fbb1bf9a100bb3215219f54301b9ee82ffe71f/docs/lanes/windows.md#L29
docs/lanes/windows.md	114	doc-progress	### UNRUN runtime commands and gates	STILL TRUE — historical spike scope	N-W: required Windows default/executor/all-feature production suites execute; standalone spike reruns, ETW/cycles/minimum-version/long-soak are not implied. Production coverage supersedes broad platform-unrun conclusions; it does not certify every old spike command.	Subsequent PASS, including after the kernel/metadata storage separation.  ### UNRUN runtime commands and gates  Every test below requires a Windows host. No Windows runner/link-and-execute setup	https://github.com/PerryTS/turnloop/blob/a0fbb1bf9a100bb3215219f54301b9ee82ffe71f/docs/lanes/windows.md#L114
docs/lanes/windows.md	120	doc-progress	- UNRUN `cargo test --manifest-path spikes/iocp/Cargo.toml --target x86_64-pc-windows-msvc`.	STILL TRUE — historical local; STALE as never executed	spikes/iocp/WINDOWS_RESULTS.md:24 records actual separate binary runs: port/TCP/pipe/stdio/integration/process/console/handles pass; timer and draft initially fail APC arming (error 87). Production N-W now passes; no claim every old alternate spike is green.	completion, syscall, leak or process behavior has been reported as passing.  - UNRUN `cargo test --manifest-path spikes/iocp/Cargo.toml --target x86_64-pc-windows-msvc`. - UNRUN `cargo test --manifest-path spikes/iocp/Cargo.toml --all-targets -- --nocapture --test-threads=1` on Windows. - UNRUN `cargo test --manifest-path spikes/iocp/Cargo.toml --test port` (1 test).	https://github.com/PerryTS/turnloop/blob/a0fbb1bf9a100bb3215219f54301b9ee82ffe71f/docs/lanes/windows.md#L120
docs/lanes/windows.md	121	doc-progress	- UNRUN `cargo test --manifest-path spikes/iocp/Cargo.toml --all-targets -- --nocapture --test-threads=1` on Windows.	STILL TRUE — historical local; STALE as never executed	spikes/iocp/WINDOWS_RESULTS.md:24 records actual separate binary runs: port/TCP/pipe/stdio/integration/process/console/handles pass; timer and draft initially fail APC arming (error 87). Production N-W now passes; no claim every old alternate spike is green.	 - UNRUN `cargo test --manifest-path spikes/iocp/Cargo.toml --target x86_64-pc-windows-msvc`. - UNRUN `cargo test --manifest-path spikes/iocp/Cargo.toml --all-targets -- --nocapture --test-threads=1` on Windows. - UNRUN `cargo test --manifest-path spikes/iocp/Cargo.toml --test port` (1 test). - UNRUN `cargo test --manifest-path spikes/iocp/Cargo.toml --test timer -- --nocapture --test-threads=1` (3 tests).	https://github.com/PerryTS/turnloop/blob/a0fbb1bf9a100bb3215219f54301b9ee82ffe71f/docs/lanes/windows.md#L121
docs/lanes/windows.md	122	doc-progress	- UNRUN `cargo test --manifest-path spikes/iocp/Cargo.toml --test port` (1 test).	STILL TRUE — historical local; STALE as never executed	spikes/iocp/WINDOWS_RESULTS.md:24 records actual separate binary runs: port/TCP/pipe/stdio/integration/process/console/handles pass; timer and draft initially fail APC arming (error 87). Production N-W now passes; no claim every old alternate spike is green.	- UNRUN `cargo test --manifest-path spikes/iocp/Cargo.toml --target x86_64-pc-windows-msvc`. - UNRUN `cargo test --manifest-path spikes/iocp/Cargo.toml --all-targets -- --nocapture --test-threads=1` on Windows. - UNRUN `cargo test --manifest-path spikes/iocp/Cargo.toml --test port` (1 test). - UNRUN `cargo test --manifest-path spikes/iocp/Cargo.toml --test timer -- --nocapture --test-threads=1` (3 tests). - UNRUN `cargo test --manifest-path spikes/iocp/Cargo.toml --test tcp` (1 test).	https://github.com/PerryTS/turnloop/blob/a0fbb1bf9a100bb3215219f54301b9ee82ffe71f/docs/lanes/windows.md#L122
docs/lanes/windows.md	123	doc-progress	- UNRUN `cargo test --manifest-path spikes/iocp/Cargo.toml --test timer -- --nocapture --test-threads=1` (3 tests).	STILL TRUE — historical local; STALE as never executed	spikes/iocp/WINDOWS_RESULTS.md:24 records actual separate binary runs: port/TCP/pipe/stdio/integration/process/console/handles pass; timer and draft initially fail APC arming (error 87). Production N-W now passes; no claim every old alternate spike is green.	- UNRUN `cargo test --manifest-path spikes/iocp/Cargo.toml --all-targets -- --nocapture --test-threads=1` on Windows. - UNRUN `cargo test --manifest-path spikes/iocp/Cargo.toml --test port` (1 test). - UNRUN `cargo test --manifest-path spikes/iocp/Cargo.toml --test timer -- --nocapture --test-threads=1` (3 tests). - UNRUN `cargo test --manifest-path spikes/iocp/Cargo.toml --test tcp` (1 test). - UNRUN `cargo test --manifest-path spikes/iocp/Cargo.toml --test pipe` (2 tests).	https://github.com/PerryTS/turnloop/blob/a0fbb1bf9a100bb3215219f54301b9ee82ffe71f/docs/lanes/windows.md#L123
docs/lanes/windows.md	124	doc-progress	- UNRUN `cargo test --manifest-path spikes/iocp/Cargo.toml --test tcp` (1 test).	STILL TRUE — historical local; STALE as never executed	spikes/iocp/WINDOWS_RESULTS.md:24 records actual separate binary runs: port/TCP/pipe/stdio/integration/process/console/handles pass; timer and draft initially fail APC arming (error 87). Production N-W now passes; no claim every old alternate spike is green.	- UNRUN `cargo test --manifest-path spikes/iocp/Cargo.toml --test port` (1 test). - UNRUN `cargo test --manifest-path spikes/iocp/Cargo.toml --test timer -- --nocapture --test-threads=1` (3 tests). - UNRUN `cargo test --manifest-path spikes/iocp/Cargo.toml --test tcp` (1 test). - UNRUN `cargo test --manifest-path spikes/iocp/Cargo.toml --test pipe` (2 tests). - UNRUN `cargo test --manifest-path spikes/iocp/Cargo.toml --test stdio` (1 test).	https://github.com/PerryTS/turnloop/blob/a0fbb1bf9a100bb3215219f54301b9ee82ffe71f/docs/lanes/windows.md#L124
docs/lanes/windows.md	125	doc-progress	- UNRUN `cargo test --manifest-path spikes/iocp/Cargo.toml --test pipe` (2 tests).	STILL TRUE — historical local; STALE as never executed	spikes/iocp/WINDOWS_RESULTS.md:24 records actual separate binary runs: port/TCP/pipe/stdio/integration/process/console/handles pass; timer and draft initially fail APC arming (error 87). Production N-W now passes; no claim every old alternate spike is green.	- UNRUN `cargo test --manifest-path spikes/iocp/Cargo.toml --test timer -- --nocapture --test-threads=1` (3 tests). - UNRUN `cargo test --manifest-path spikes/iocp/Cargo.toml --test tcp` (1 test). - UNRUN `cargo test --manifest-path spikes/iocp/Cargo.toml --test pipe` (2 tests). - UNRUN `cargo test --manifest-path spikes/iocp/Cargo.toml --test stdio` (1 test). - UNRUN `cargo test --manifest-path spikes/iocp/Cargo.toml --test integration` (2 tests).	https://github.com/PerryTS/turnloop/blob/a0fbb1bf9a100bb3215219f54301b9ee82ffe71f/docs/lanes/windows.md#L125
docs/lanes/windows.md	126	doc-progress	- UNRUN `cargo test --manifest-path spikes/iocp/Cargo.toml --test stdio` (1 test).	STILL TRUE — historical local; STALE as never executed	spikes/iocp/WINDOWS_RESULTS.md:24 records actual separate binary runs: port/TCP/pipe/stdio/integration/process/console/handles pass; timer and draft initially fail APC arming (error 87). Production N-W now passes; no claim every old alternate spike is green.	- UNRUN `cargo test --manifest-path spikes/iocp/Cargo.toml --test tcp` (1 test). - UNRUN `cargo test --manifest-path spikes/iocp/Cargo.toml --test pipe` (2 tests). - UNRUN `cargo test --manifest-path spikes/iocp/Cargo.toml --test stdio` (1 test). - UNRUN `cargo test --manifest-path spikes/iocp/Cargo.toml --test integration` (2 tests). - UNRUN `cargo test --manifest-path spikes/iocp/Cargo.toml --test process` (3 tests).	https://github.com/PerryTS/turnloop/blob/a0fbb1bf9a100bb3215219f54301b9ee82ffe71f/docs/lanes/windows.md#L126
docs/lanes/windows.md	127	doc-progress	- UNRUN `cargo test --manifest-path spikes/iocp/Cargo.toml --test integration` (2 tests).	STILL TRUE — historical local; STALE as never executed	spikes/iocp/WINDOWS_RESULTS.md:24 records actual separate binary runs: port/TCP/pipe/stdio/integration/process/console/handles pass; timer and draft initially fail APC arming (error 87). Production N-W now passes; no claim every old alternate spike is green.	- UNRUN `cargo test --manifest-path spikes/iocp/Cargo.toml --test pipe` (2 tests). - UNRUN `cargo test --manifest-path spikes/iocp/Cargo.toml --test stdio` (1 test). - UNRUN `cargo test --manifest-path spikes/iocp/Cargo.toml --test integration` (2 tests). - UNRUN `cargo test --manifest-path spikes/iocp/Cargo.toml --test process` (3 tests). - UNRUN `cargo test --manifest-path spikes/iocp/Cargo.toml --test console` (1 test).	https://github.com/PerryTS/turnloop/blob/a0fbb1bf9a100bb3215219f54301b9ee82ffe71f/docs/lanes/windows.md#L127
docs/lanes/windows.md	128	doc-progress	- UNRUN `cargo test --manifest-path spikes/iocp/Cargo.toml --test process` (3 tests).	STILL TRUE — historical local; STALE as never executed	spikes/iocp/WINDOWS_RESULTS.md:24 records actual separate binary runs: port/TCP/pipe/stdio/integration/process/console/handles pass; timer and draft initially fail APC arming (error 87). Production N-W now passes; no claim every old alternate spike is green.	- UNRUN `cargo test --manifest-path spikes/iocp/Cargo.toml --test stdio` (1 test). - UNRUN `cargo test --manifest-path spikes/iocp/Cargo.toml --test integration` (2 tests). - UNRUN `cargo test --manifest-path spikes/iocp/Cargo.toml --test process` (3 tests). - UNRUN `cargo test --manifest-path spikes/iocp/Cargo.toml --test console` (1 test). - UNRUN `cargo test --manifest-path spikes/iocp/Cargo.toml --test draft -- --nocapture --test-threads=1` (3 tests).	https://github.com/PerryTS/turnloop/blob/a0fbb1bf9a100bb3215219f54301b9ee82ffe71f/docs/lanes/windows.md#L128
docs/lanes/windows.md	129	doc-progress	- UNRUN `cargo test --manifest-path spikes/iocp/Cargo.toml --test console` (1 test).	STILL TRUE — historical local; STALE as never executed	spikes/iocp/WINDOWS_RESULTS.md:24 records actual separate binary runs: port/TCP/pipe/stdio/integration/process/console/handles pass; timer and draft initially fail APC arming (error 87). Production N-W now passes; no claim every old alternate spike is green.	- UNRUN `cargo test --manifest-path spikes/iocp/Cargo.toml --test integration` (2 tests). - UNRUN `cargo test --manifest-path spikes/iocp/Cargo.toml --test process` (3 tests). - UNRUN `cargo test --manifest-path spikes/iocp/Cargo.toml --test console` (1 test). - UNRUN `cargo test --manifest-path spikes/iocp/Cargo.toml --test draft -- --nocapture --test-threads=1` (3 tests). - UNRUN `cargo test --manifest-path spikes/iocp/Cargo.toml --test handles` (1 test).	https://github.com/PerryTS/turnloop/blob/a0fbb1bf9a100bb3215219f54301b9ee82ffe71f/docs/lanes/windows.md#L129
docs/lanes/windows.md	130	doc-progress	- UNRUN `cargo test --manifest-path spikes/iocp/Cargo.toml --test draft -- --nocapture --test-threads=1` (3 tests).	STILL TRUE — historical local; STALE as never executed	spikes/iocp/WINDOWS_RESULTS.md:24 records actual separate binary runs: port/TCP/pipe/stdio/integration/process/console/handles pass; timer and draft initially fail APC arming (error 87). Production N-W now passes; no claim every old alternate spike is green.	- UNRUN `cargo test --manifest-path spikes/iocp/Cargo.toml --test process` (3 tests). - UNRUN `cargo test --manifest-path spikes/iocp/Cargo.toml --test console` (1 test). - UNRUN `cargo test --manifest-path spikes/iocp/Cargo.toml --test draft -- --nocapture --test-threads=1` (3 tests). - UNRUN `cargo test --manifest-path spikes/iocp/Cargo.toml --test handles` (1 test). - UNRUN Windows-native `cargo clippy --manifest-path spikes/iocp/Cargo.toml --all-targets -- -D warnings` and `cargo +stable check --manifest-path spikes/iocp/Cargo.toml --all-targets`; equivalent Windows cross-target checks PASS above.	https://github.com/PerryTS/turnloop/blob/a0fbb1bf9a100bb3215219f54301b9ee82ffe71f/docs/lanes/windows.md#L130
docs/lanes/windows.md	131	doc-progress	- UNRUN `cargo test --manifest-path spikes/iocp/Cargo.toml --test handles` (1 test).	STILL TRUE — historical local; STALE as never executed	spikes/iocp/WINDOWS_RESULTS.md:24 records actual separate binary runs: port/TCP/pipe/stdio/integration/process/console/handles pass; timer and draft initially fail APC arming (error 87). Production N-W now passes; no claim every old alternate spike is green.	- UNRUN `cargo test --manifest-path spikes/iocp/Cargo.toml --test console` (1 test). - UNRUN `cargo test --manifest-path spikes/iocp/Cargo.toml --test draft -- --nocapture --test-threads=1` (3 tests). - UNRUN `cargo test --manifest-path spikes/iocp/Cargo.toml --test handles` (1 test). - UNRUN Windows-native `cargo clippy --manifest-path spikes/iocp/Cargo.toml --all-targets -- -D warnings` and `cargo +stable check --manifest-path spikes/iocp/Cargo.toml --all-targets`; equivalent Windows cross-target checks PASS above. - UNRUN windlass-contract, ETW, QueryProcessCycleTime comparisons, soak, full handle/	https://github.com/PerryTS/turnloop/blob/a0fbb1bf9a100bb3215219f54301b9ee82ffe71f/docs/lanes/windows.md#L131
docs/lanes/windows.md	132	doc-progress	- UNRUN Windows-native `cargo clippy --manifest-path spikes/iocp/Cargo.toml --all-targets -- -D warnings` and `cargo +stable check --manifest-path spikes/iocp/Cargo.toml --all-targets`; equivalent Windows cross-target checks PASS above.	STILL TRUE — historical local; STALE as never executed	spikes/iocp/WINDOWS_RESULTS.md:24 records actual separate binary runs: port/TCP/pipe/stdio/integration/process/console/handles pass; timer and draft initially fail APC arming (error 87). Production N-W now passes; no claim every old alternate spike is green.	- UNRUN `cargo test --manifest-path spikes/iocp/Cargo.toml --test draft -- --nocapture --test-threads=1` (3 tests). - UNRUN `cargo test --manifest-path spikes/iocp/Cargo.toml --test handles` (1 test). - UNRUN Windows-native `cargo clippy --manifest-path spikes/iocp/Cargo.toml --all-targets -- -D warnings` and `cargo +stable check --manifest-path spikes/iocp/Cargo.toml --all-targets`; equivalent Windows cross-target checks PASS above. - UNRUN windlass-contract, ETW, QueryProcessCycleTime comparisons, soak, full handle/ thread leak suite, Windows minimum-version/VM precision matrix: require Windows	https://github.com/PerryTS/turnloop/blob/a0fbb1bf9a100bb3215219f54301b9ee82ffe71f/docs/lanes/windows.md#L132
docs/lanes/windows.md	133	doc-progress	- UNRUN windlass-contract, ETW, QueryProcessCycleTime comparisons, soak, full handle/	MIXED — superseded execution and live limits	N-W: required Windows default/executor/all-feature production suites execute; standalone spike reruns, ETW/cycles/minimum-version/long-soak are not implied. Historical host limits and remaining requirements stay valid; not a blanket pass.	- UNRUN `cargo test --manifest-path spikes/iocp/Cargo.toml --test handles` (1 test). - UNRUN Windows-native `cargo clippy --manifest-path spikes/iocp/Cargo.toml --all-targets -- -D warnings` and `cargo +stable check --manifest-path spikes/iocp/Cargo.toml --all-targets`; equivalent Windows cross-target checks PASS above. - UNRUN windlass-contract, ETW, QueryProcessCycleTime comparisons, soak, full handle/ thread leak suite, Windows minimum-version/VM precision matrix: require Windows and/or the core integration. Planned tests are not implemented coverage.	https://github.com/PerryTS/turnloop/blob/a0fbb1bf9a100bb3215219f54301b9ee82ffe71f/docs/lanes/windows.md#L133
docs/lanes/windows.md	135	doc-progress	and/or the core integration. Planned tests are not implemented coverage.	STILL TRUE — scoped statement	Read exact source context. No wider current CI guarantee inferred; see DESIGN_AUDIT.md and REMAINING_WORK.md.	- UNRUN windlass-contract, ETW, QueryProcessCycleTime comparisons, soak, full handle/ thread leak suite, Windows minimum-version/VM precision matrix: require Windows and/or the core integration. Planned tests are not implemented coverage.  ## Commit / integration blocker	https://github.com/PerryTS/turnloop/blob/a0fbb1bf9a100bb3215219f54301b9ee82ffe71f/docs/lanes/windows.md#L135
docs/lanes/windows.md	149	doc-progress	evaluation, backend draft, contract plan) are **UNRUN** for this same blocker.	STILL TRUE — historical spike scope	N-W: required Windows default/executor/all-feature production suites execute; standalone spike reruns, ETW/cycles/minimum-version/long-soak are not implied. Production coverage supersedes broad platform-unrun conclusions; it does not certify every old spike command.	Git directory, permission bypass or outside-clone write was attempted. Subsequent requested commit boundaries (timer, TCP/pipes/stdio, helper/process/console, evaluation, backend draft, contract plan) are **UNRUN** for this same blocker. The integrator or another external process subsequently created checkpoint `2984635` (`checkpoint(windows): Codex lane work in progress (32 files)`). This	https://github.com/PerryTS/turnloop/blob/a0fbb1bf9a100bb3215219f54301b9ee82ffe71f/docs/lanes/windows.md#L149
docs/lanes/windows.md	158	doc-progress	lane/core --tags` and merge are **UNRUN** (tag absent; `.git` would also prevent	STILL TRUE — historical environment	Do not erase historical read-only Git/absent-tag records; production main/trait revision is now integrated.	 No `trait-v0` appeared, so the authorized §6 fallback was used. `git fetch ../core lane/core --tags` and merge are **UNRUN** (tag absent; `.git` would also prevent fetch/merge). No files under `crates/` or other lanes were modified. 	https://github.com/PerryTS/turnloop/blob/a0fbb1bf9a100bb3215219f54301b9ee82ffe71f/docs/lanes/windows.md#L158
docs/lanes/windows.md	184	doc-progress	mechanisms remain separate spike modules pending adaptation; exact steps are	STALE — current coverage/implementation	N-W: required Windows default/executor/all-feature production suites execute; standalone spike reruns, ETW/cycles/minimum-version/long-soak are not implied.	Loop: timer heap, liveness counters, pooled leases, multishot operations and process-wide routing belong to core. AcceptEx/ConnectEx/process/stdio/console mechanisms remain separate spike modules pending adaptation; exact steps are listed in `backend_draft/README.md`. No production backend is claimed. 7. **Queues / complexity:** helper and synchronous-reader probes use bounded mutex	https://github.com/PerryTS/turnloop/blob/a0fbb1bf9a100bb3215219f54301b9ee82ffe71f/docs/lanes/windows.md#L184
docs/lanes/windows.md	189	doc-progress	allocation is source-designed and has an UNRUN counter gate, not a measured claim.	STALE — current coverage/implementation	N-W: required Windows default/executor/all-feature production suites execute; standalone spike reruns, ETW/cycles/minimum-version/long-soak are not implied.	queues, not the specified core lock-free Poster. Draft uses linear slab lookup and liveness scans. Replace these at core integration; steady-state read/write allocation is source-designed and has an UNRUN counter gate, not a measured claim. 8. **Drop:** cancellation is not completion. Teardown may block until kernel buffers are released; draft aborts on an unrecoverably broken port while draining. Define	https://github.com/PerryTS/turnloop/blob/a0fbb1bf9a100bb3215219f54301b9ee82ffe71f/docs/lanes/windows.md#L189
docs/upstream/wasi-p3-wait.md	27	doc-progress	wait-set polling alone can starve pending host socket subtasks when guest code	STILL TRUE — behavior/policy, not open work	Pending means operation/queue/phase state or a reporting rule. Read linked context; no missing implementation inferred.	 1. **Host progress within a `Now` turn.** In the tested Wasmtime, nonblocking wait-set polling alone can starve pending host socket subtasks when guest code keeps turning without yielding. The backend calls one `yield_blocking()` (component `thread-yield`) before its one nonblocking poll when I/O is pending.	https://github.com/PerryTS/turnloop/blob/a0fbb1bf9a100bb3215219f54301b9ee82ffe71f/docs/upstream/wasi-p3-wait.md#L27
docs/upstream/wasi-p3-wait.md	29	doc-progress	(component `thread-yield`) before its one nonblocking poll when I/O is pending.	STILL TRUE — behavior/policy, not open work	Pending means operation/queue/phase state or a reporting rule. Read linked context; no missing implementation inferred.	wait-set polling alone can starve pending host socket subtasks when guest code keeps turning without yielding. The backend calls one `yield_blocking()` (component `thread-yield`) before its one nonblocking poll when I/O is pending. There is no specified maximum work or scheduling delay before that yield returns. Thus one poll per turn does not establish a bounded `Now` return.	https://github.com/PerryTS/turnloop/blob/a0fbb1bf9a100bb3215219f54301b9ee82ffe71f/docs/upstream/wasi-p3-wait.md#L29
docs/upstream/wasi-p3-wait.md	43	doc-progress	Making cancellation asynchronous would need a core-visible pending	STILL TRUE — behavior/policy, not open work	Pending means operation/queue/phase state or a reporting rule. Read linked context; no missing implementation inferred.	component intrinsics for buffer quiescence. Tests prove ownership and observed completion ordering; they do not bound adversarial callee cleanup duration. Making cancellation asynchronous would need a core-visible pending acknowledgement, without exposing/reusing buffers early. 4. **ABI/context portability.** Raw lowering and context-slot-0 restoration rely	https://github.com/PerryTS/turnloop/blob/a0fbb1bf9a100bb3215219f54301b9ee82ffe71f/docs/upstream/wasi-p3-wait.md#L43
docs/wasm.md	121	doc-progress	cancellations, output capacity one, two loops, pending drop and surviving-loop	STILL TRUE — behavior/policy, not open work	Pending means operation/queue/phase state or a reporting rule. Read linked context; no missing implementation inferred.	Regression subjects cover the original 100 datagrams/6,400 bytes, 320 concurrent IPv6 datagrams with provided/pooled outputs (0 through 8,192 bytes), 320 real cancellations, output capacity one, two loops, pending drop and surviving-loop reuse. A direct canonical test initializes two full 65,536-byte lists, verifies both contents survive scope/owner changes, and asserts reuse only after release.	https://github.com/PerryTS/turnloop/blob/a0fbb1bf9a100bb3215219f54301b9ee82ffe71f/docs/wasm.md#L121
docs/wasm.md	366	doc-progress	not a sandbox diagnosis. Real browser execution remains UNRUN here and required	STILL TRUE — historical local; STALE as current coverage	WEB: 13 production tests each Chrome/Firefox/Node. Historical standalone spike command was not rerun by these jobs.	The integrator reproduced ChromeDriver SIGKILL on this Mac **outside the sandbox**, with matching 153.0.8010.36 versions: this is a host restriction, not a sandbox diagnosis. Real browser execution remains UNRUN here and required on GitHub's Linux runner. Linux binary checksum/extraction verification and mock WebDriver lifecycle tests do not count as browser test execution.	https://github.com/PerryTS/turnloop/blob/a0fbb1bf9a100bb3215219f54301b9ee82ffe71f/docs/wasm.md#L366
protocols/turnloop-http/Cargo.toml	36	cfg-selection	"[target.'cfg(not(target_arch = ""wasm32""))'.dependencies]"	STILL TRUE — protocol feature/platform selection	N default/all-feature, PW2/PW3 selected adapters; browser branches avoid std clocks/raw TCP or use host HTTP. p3 entropy shim feature/cfg is required. Full browser codec runtime and all feature subsets are not proven.	"rcgen.workspace = true  [target.'cfg(not(target_arch = ""wasm32""))'.dependencies] zstd.workspace = true "	https://github.com/PerryTS/turnloop/blob/a0fbb1bf9a100bb3215219f54301b9ee82ffe71f/protocols/turnloop-http/Cargo.toml#L36
protocols/turnloop-http/Cargo.toml	39	cfg-selection	"[target.'cfg(target_arch = ""wasm32"")'.dependencies]"	STILL TRUE — protocol feature/platform selection	N default/all-feature, PW2/PW3 selected adapters; browser branches avoid std clocks/raw TCP or use host HTTP. p3 entropy shim feature/cfg is required. Full browser codec runtime and all feature subsets are not proven.	"zstd.workspace = true  [target.'cfg(target_arch = ""wasm32"")'.dependencies] turnloop-zstd-decoder.workspace = true "	https://github.com/PerryTS/turnloop/blob/a0fbb1bf9a100bb3215219f54301b9ee82ffe71f/protocols/turnloop-http/Cargo.toml#L39
protocols/turnloop-http/Cargo.toml	71	cfg-selection	"[target.'cfg(all(target_os = ""wasi"", target_env = ""p3""))'.dependencies]"	STILL TRUE — protocol feature/platform selection	N default/all-feature, PW2/PW3 selected adapters; browser branches avoid std clocks/raw TCP or use host HTTP. p3 entropy shim feature/cfg is required. Full browser codec runtime and all feature subsets are not proven.	"required-features = [""turnloop""]  [target.'cfg(all(target_os = ""wasi"", target_env = ""p3""))'.dependencies] turnloop-io = { workspace = true, optional = true, features = [""wasi-p3-experimental""] }"	https://github.com/PerryTS/turnloop/blob/a0fbb1bf9a100bb3215219f54301b9ee82ffe71f/protocols/turnloop-http/Cargo.toml#L71
protocols/turnloop-http/README.md	28	doc-progress	pending request closes its lease; incomplete connections never re-enter the pool.	STILL TRUE — behavior/policy, not open work	Pending means operation/queue/phase state or a reporting rule. Read linked context; no missing implementation inferred.	non-replayable sources. One absolute deadline covers the whole request. The host must call `expire()` at `next_deadline()` for idle pool eviction. Dropping a pending request closes its lease; incomplete connections never re-enter the pool.  For explicit protocol control, `asynchronous::{Http1,Http2}` expose streaming	https://github.com/PerryTS/turnloop/blob/a0fbb1bf9a100bb3215219f54301b9ee82ffe71f/protocols/turnloop-http/README.md#L28
protocols/turnloop-http/README.md	54	manual-doc-claim	IP URLs, or a host-resolved stream with the low-level HTTP/TLS drivers. The latter	MIXED — resolver target scope	WASI 0.2 has core DNS; only p3 still needs supplied IPs. PW2 resolver test; I05.	The current core resolver uses a native blocking pool: WASI clients need literal IP URLs, or a host-resolved stream with the low-level HTTP/TLS drivers. The latter lets the host retain the original hostname for SNI and certificate validation. On browsers, `asynchronous::web::get` maps to the existing host fetch operation:	https://github.com/PerryTS/turnloop/blob/a0fbb1bf9a100bb3215219f54301b9ee82ffe71f/protocols/turnloop-http/README.md#L54
protocols/turnloop-http/examples/h2spec_server.rs	2	cfg-selection	"#[cfg(not(all(target_arch = ""wasm32"", target_os = ""unknown"")))]"	STILL TRUE — protocol feature/platform selection	N default/all-feature, PW2/PW3 selected adapters; browser branches avoid std clocks/raw TCP or use host HTTP. p3 entropy shim feature/cfg is required. Full browser codec runtime and all feature subsets are not proven.	"//! Strict conformance server on turnloop's executor, with no blocking socket I/O. #[cfg(not(all(target_arch = ""wasm32"", target_os = ""unknown"")))] fn main() -> Result<(), Box<dyn std::error::Error>> { use turnloop_http::{"	https://github.com/PerryTS/turnloop/blob/a0fbb1bf9a100bb3215219f54301b9ee82ffe71f/protocols/turnloop-http/examples/h2spec_server.rs#L2
protocols/turnloop-http/examples/h2spec_server.rs	71	cfg-selection	"#[cfg(all(target_arch = ""wasm32"", target_os = ""unknown""))]"	STILL TRUE — protocol feature/platform selection	N default/all-feature, PW2/PW3 selected adapters; browser branches avoid std clocks/raw TCP or use host HTTP. p3 entropy shim feature/cfg is required. Full browser codec runtime and all feature subsets are not proven.	"Err(""conformance server stopped unexpectedly"".into()) } #[cfg(all(target_arch = ""wasm32"", target_os = ""unknown""))] fn main() { eprintln!(""Browser listening sockets are unsupported"");"	https://github.com/PerryTS/turnloop/blob/a0fbb1bf9a100bb3215219f54301b9ee82ffe71f/protocols/turnloop-http/examples/h2spec_server.rs#L71
protocols/turnloop-http/examples/h2spec_server.rs	73	unsupported	"eprintln!(""Browser listening sockets are unsupported"");"	STILL TRUE — protocol validation/scope	Unsupported version/auth plugin/column/URL/ALPN/coding/TXT/SCRAM extension is rejected explicitly; not every protocol extension is required. Match agreed Perry compatibility scope in I15.	"#[cfg(all(target_arch = ""wasm32"", target_os = ""unknown""))] fn main() { eprintln!(""Browser listening sockets are unsupported""); }"	https://github.com/PerryTS/turnloop/blob/a0fbb1bf9a100bb3215219f54301b9ee82ffe71f/protocols/turnloop-http/examples/h2spec_server.rs#L73
protocols/turnloop-http/examples/https_get.rs	2	cfg-selection	"#[cfg(not(all(target_arch = ""wasm32"", target_os = ""unknown"")))]"	STILL TRUE — protocol feature/platform selection	N default/all-feature, PW2/PW3 selected adapters; browser branches avoid std clocks/raw TCP or use host HTTP. p3 entropy shim feature/cfg is required. Full browser codec runtime and all feature subsets are not proven.	"//! HTTPS GET with streamed output. The application explicitly turns the executor. #[cfg(not(all(target_arch = ""wasm32"", target_os = ""unknown"")))] fn main() -> Result<(), Box<dyn std::error::Error>> { use std::{"	https://github.com/PerryTS/turnloop/blob/a0fbb1bf9a100bb3215219f54301b9ee82ffe71f/protocols/turnloop-http/examples/https_get.rs#L2
protocols/turnloop-http/examples/https_get.rs	55	cfg-selection	"#[cfg(all(target_arch = ""wasm32"", target_os = ""unknown""))]"	STILL TRUE — protocol feature/platform selection	N default/all-feature, PW2/PW3 selected adapters; browser branches avoid std clocks/raw TCP or use host HTTP. p3 entropy shim feature/cfg is required. Full browser codec runtime and all feature subsets are not proven.	"Ok(()) } #[cfg(all(target_arch = ""wasm32"", target_os = ""unknown""))] fn main() { eprintln!(""Use the browser host-fetch adapter"");"	https://github.com/PerryTS/turnloop/blob/a0fbb1bf9a100bb3215219f54301b9ee82ffe71f/protocols/turnloop-http/examples/https_get.rs#L55
protocols/turnloop-http/examples/tls_echo.rs	2	cfg-selection	"#[cfg(not(all(target_arch = ""wasm32"", target_os = ""unknown"")))]"	STILL TRUE — protocol feature/platform selection	N default/all-feature, PW2/PW3 selected adapters; browser branches avoid std clocks/raw TCP or use host HTTP. p3 entropy shim feature/cfg is required. Full browser codec runtime and all feature subsets are not proven.	"//! HTTP/1 and HTTP/2 echo over TLS, selected by negotiated ALPN. #[cfg(not(all(target_arch = ""wasm32"", target_os = ""unknown"")))] fn main() -> Result<(), Box<dyn std::error::Error>> { use std::time::{Duration, SystemTime, UNIX_EPOCH};"	https://github.com/PerryTS/turnloop/blob/a0fbb1bf9a100bb3215219f54301b9ee82ffe71f/protocols/turnloop-http/examples/tls_echo.rs#L2
protocols/turnloop-http/examples/tls_echo.rs	122	cfg-selection	"#[cfg(all(target_arch = ""wasm32"", target_os = ""unknown""))]"	STILL TRUE — protocol feature/platform selection	N default/all-feature, PW2/PW3 selected adapters; browser branches avoid std clocks/raw TCP or use host HTTP. p3 entropy shim feature/cfg is required. Full browser codec runtime and all feature subsets are not proven.	"Ok(()) } #[cfg(all(target_arch = ""wasm32"", target_os = ""unknown""))] fn main() { eprintln!(""Browser listening sockets are unsupported"");"	https://github.com/PerryTS/turnloop/blob/a0fbb1bf9a100bb3215219f54301b9ee82ffe71f/protocols/turnloop-http/examples/tls_echo.rs#L122
protocols/turnloop-http/examples/tls_echo.rs	124	unsupported	"eprintln!(""Browser listening sockets are unsupported"");"	STILL TRUE — protocol validation/scope	Unsupported version/auth plugin/column/URL/ALPN/coding/TXT/SCRAM extension is rejected explicitly; not every protocol extension is required. Match agreed Perry compatibility scope in I15.	"#[cfg(all(target_arch = ""wasm32"", target_os = ""unknown""))] fn main() { eprintln!(""Browser listening sockets are unsupported""); }"	https://github.com/PerryTS/turnloop/blob/a0fbb1bf9a100bb3215219f54301b9ee82ffe71f/protocols/turnloop-http/examples/tls_echo.rs#L124
protocols/turnloop-http/src/asynchronous/client.rs	99	cfg-selection	"#[cfg(not(all(target_arch = ""wasm32"", target_os = ""unknown"")))]"	STILL TRUE — protocol feature/platform selection	N default/all-feature, PW2/PW3 selected adapters; browser branches avoid std clocks/raw TCP or use host HTTP. p3 entropy shim feature/cfg is required. Full browser codec runtime and all feature subsets are not proven.	"/// and decoder state. Use multiple clients for independent concurrent dispatchers; /// the low-level Http2 driver exposes multiplexed streams directly. #[cfg(not(all(target_arch = ""wasm32"", target_os = ""unknown"")))] pub struct Client<B: Backend> { executor: ExecutorHandle<B>,"	https://github.com/PerryTS/turnloop/blob/a0fbb1bf9a100bb3215219f54301b9ee82ffe71f/protocols/turnloop-http/src/asynchronous/client.rs#L99
protocols/turnloop-http/src/asynchronous/client.rs	109	cfg-selection	"#[cfg(not(all(target_arch = ""wasm32"", target_os = ""unknown"")))]"	STILL TRUE — protocol feature/platform selection	N default/all-feature, PW2/PW3 selected adapters; browser branches avoid std clocks/raw TCP or use host HTTP. p3 entropy shim feature/cfg is required. Full browser codec runtime and all feature subsets are not proven.	"unix_seconds: u64, } #[cfg(not(all(target_arch = ""wasm32"", target_os = ""unknown"")))] impl<B: Backend> Client<B> { pub fn new("	https://github.com/PerryTS/turnloop/blob/a0fbb1bf9a100bb3215219f54301b9ee82ffe71f/protocols/turnloop-http/src/asynchronous/client.rs#L109
protocols/turnloop-http/src/asynchronous/client.rs	571	cfg-selection	"#[cfg(not(all(target_arch = ""wasm32"", target_os = ""unknown"")))]"	STILL TRUE — protocol feature/platform selection	N default/all-feature, PW2/PW3 selected adapters; browser branches avoid std clocks/raw TCP or use host HTTP. p3 entropy shim feature/cfg is required. Full browser codec runtime and all feature subsets are not proven.	"} } #[cfg(not(all(target_arch = ""wasm32"", target_os = ""unknown"")))] struct Lease<'a, B: Backend> { pool: &'a mut Pool,"	https://github.com/PerryTS/turnloop/blob/a0fbb1bf9a100bb3215219f54301b9ee82ffe71f/protocols/turnloop-http/src/asynchronous/client.rs#L571
protocols/turnloop-http/src/asynchronous/client.rs	580	cfg-selection	"#[cfg(not(all(target_arch = ""wasm32"", target_os = ""unknown"")))]"	STILL TRUE — protocol feature/platform selection	N default/all-feature, PW2/PW3 selected adapters; browser branches avoid std clocks/raw TCP or use host HTTP. p3 entropy shim feature/cfg is required. Full browser codec runtime and all feature subsets are not proven.	"now: Instant, } #[cfg(not(all(target_arch = ""wasm32"", target_os = ""unknown"")))] impl<B: Backend> Drop for Lease<'_, B> { fn drop(&mut self) {"	https://github.com/PerryTS/turnloop/blob/a0fbb1bf9a100bb3215219f54301b9ee82ffe71f/protocols/turnloop-http/src/asynchronous/client.rs#L580
protocols/turnloop-http/src/asynchronous/mod.rs	5	cfg-selection	"#[cfg(not(all(target_arch = ""wasm32"", target_os = ""unknown"")))]"	STILL TRUE — protocol feature/platform selection	N default/all-feature, PW2/PW3 selected adapters; browser branches avoid std clocks/raw TCP or use host HTTP. p3 entropy shim feature/cfg is required. Full browser codec runtime and all feature subsets are not proven.	"use std::io; use turnloop_io::{CloseOnDrop as Abort, Output, Stream}; #[cfg(not(all(target_arch = ""wasm32"", target_os = ""unknown"")))] pub mod client; pub mod server;"	https://github.com/PerryTS/turnloop/blob/a0fbb1bf9a100bb3215219f54301b9ee82ffe71f/protocols/turnloop-http/src/asynchronous/mod.rs#L5
protocols/turnloop-http/src/asynchronous/mod.rs	329	cfg-selection	"#[cfg(all(target_arch = ""wasm32"", target_os = ""unknown""))]"	STILL TRUE — protocol feature/platform selection	N default/all-feature, PW2/PW3 selected adapters; browser branches avoid std clocks/raw TCP or use host HTTP. p3 entropy shim feature/cfg is required. Full browser codec runtime and all feature subsets are not proven.	"}  #[cfg(all(target_arch = ""wasm32"", target_os = ""unknown""))] pub mod web;"	https://github.com/PerryTS/turnloop/blob/a0fbb1bf9a100bb3215219f54301b9ee82ffe71f/protocols/turnloop-http/src/asynchronous/mod.rs#L329
protocols/turnloop-http/src/client.rs	21	unsupported	"_ => Err(Error::new(""UND_ERR_NOT_SUPPORTED"", ""unsupported ALPN"")),"	STILL TRUE — protocol validation/scope	Unsupported version/auth plugin/column/URL/ALPN/coding/TXT/SCRAM extension is rejected explicitly; not every protocol extension is required. Match agreed Perry compatibility scope in I15.	"Some(b""h2"") => Ok(Protocol::Http2), None | Some(b""http/1.1"") => Ok(Protocol::Http1), _ => Err(Error::new(""UND_ERR_NOT_SUPPORTED"", ""unsupported ALPN"")), } }"	https://github.com/PerryTS/turnloop/blob/a0fbb1bf9a100bb3215219f54301b9ee82ffe71f/protocols/turnloop-http/src/client.rs#L21
protocols/turnloop-http/src/client.rs	51	unsupported	"return Err(Error::new(""ERR_INVALID_URL"", ""unsupported URL scheme""));"	STILL TRUE — protocol validation/scope	Unsupported version/auth plugin/column/URL/ALPN/coding/TXT/SCRAM extension is rejected explicitly; not every protocol extension is required. Match agreed Perry compatibility scope in I15.	"let url = Url::parse(url).map_err(|_| Error::new(""ERR_INVALID_URL"", ""invalid URL""))?; if !matches!(url.scheme(), ""http"" | ""https"") || url.host_str().is_none() { return Err(Error::new(""ERR_INVALID_URL"", ""unsupported URL scheme"")); } if !url.username().is_empty() || url.password().is_some() {"	https://github.com/PerryTS/turnloop/blob/a0fbb1bf9a100bb3215219f54301b9ee82ffe71f/protocols/turnloop-http/src/client.rs#L51
protocols/turnloop-http/src/compression.rs	61	cfg-selection	"#[cfg(not(any(target_arch = ""wasm32"", feature = ""pure-rust-zstd"")))]"	STILL TRUE — protocol feature/platform selection	N default/all-feature, PW2/PW3 selected adapters; browser branches avoid std clocks/raw TCP or use host HTTP. p3 entropy shim feature/cfg is required. Full browser codec runtime and all feature subsets are not proven.	"codes: CodePool, }, #[cfg(not(any(target_arch = ""wasm32"", feature = ""pure-rust-zstd"")))] Zstd { decoder: zstd::stream::raw::Decoder<'static>,"	https://github.com/PerryTS/turnloop/blob/a0fbb1bf9a100bb3215219f54301b9ee82ffe71f/protocols/turnloop-http/src/compression.rs#L61
protocols/turnloop-http/src/compression.rs	66	cfg-selection	"#[cfg(any(target_arch = ""wasm32"", feature = ""pure-rust-zstd""))]"	STILL TRUE — protocol feature/platform selection	N default/all-feature, PW2/PW3 selected adapters; browser branches avoid std clocks/raw TCP or use host HTTP. p3 entropy shim feature/cfg is required. Full browser codec runtime and all feature subsets are not proven.	"boundary: bool, }, #[cfg(any(target_arch = ""wasm32"", feature = ""pure-rust-zstd""))] Zstd { decoder: turnloop_zstd_decoder::decoding::FrameDecoder,"	https://github.com/PerryTS/turnloop/blob/a0fbb1bf9a100bb3215219f54301b9ee82ffe71f/protocols/turnloop-http/src/compression.rs#L66
protocols/turnloop-http/src/compression.rs	115	cfg-selection	"#[cfg(not(any(target_arch = ""wasm32"", feature = ""pure-rust-zstd"")))]"	STILL TRUE — protocol feature/platform selection	N default/all-feature, PW2/PW3 selected adapters; browser branches avoid std clocks/raw TCP or use host HTTP. p3 entropy shim feature/cfg is required. Full browser codec runtime and all feature subsets are not proven.	"} } #[cfg(not(any(target_arch = ""wasm32"", feature = ""pure-rust-zstd"")))] ""zstd"" => { let mut decoder = zstd::stream::raw::Decoder::new().map_err(|_| corrupt())?;"	https://github.com/PerryTS/turnloop/blob/a0fbb1bf9a100bb3215219f54301b9ee82ffe71f/protocols/turnloop-http/src/compression.rs#L115
protocols/turnloop-http/src/compression.rs	126	cfg-selection	"#[cfg(any(target_arch = ""wasm32"", feature = ""pure-rust-zstd""))]"	STILL TRUE — protocol feature/platform selection	N default/all-feature, PW2/PW3 selected adapters; browser branches avoid std clocks/raw TCP or use host HTTP. p3 entropy shim feature/cfg is required. Full browser codec runtime and all feature subsets are not proven.	"} } #[cfg(any(target_arch = ""wasm32"", feature = ""pure-rust-zstd""))] ""zstd"" => Engine::Zstd { decoder: turnloop_zstd_decoder::decoding::FrameDecoder::new(),"	https://github.com/PerryTS/turnloop/blob/a0fbb1bf9a100bb3215219f54301b9ee82ffe71f/protocols/turnloop-http/src/compression.rs#L126
protocols/turnloop-http/src/compression.rs	135	unsupported	"""unsupported content encoding"","	STILL TRUE — protocol validation/scope	Unsupported version/auth plugin/column/URL/ALPN/coding/TXT/SCRAM extension is rejected explicitly; not every protocol extension is required. Match agreed Perry compatibility scope in I15.	"return Err(Error::new( ""UND_ERR_NOT_SUPPORTED"", ""unsupported content encoding"", )); }"	https://github.com/PerryTS/turnloop/blob/a0fbb1bf9a100bb3215219f54301b9ee82ffe71f/protocols/turnloop-http/src/compression.rs#L135
protocols/turnloop-http/src/compression.rs	174	cfg-selection	"#[cfg(not(any(target_arch = ""wasm32"", feature = ""pure-rust-zstd"")))]"	STILL TRUE — protocol feature/platform selection	N default/all-feature, PW2/PW3 selected adapters; browser branches avoid std clocks/raw TCP or use host HTTP. p3 entropy shim feature/cfg is required. Full browser codec runtime and all feature subsets are not proven.	"**state = BrotliState::new(bytes.clone(), ints.clone(), codes.clone()); } #[cfg(not(any(target_arch = ""wasm32"", feature = ""pure-rust-zstd"")))] Engine::Zstd { decoder, boundary } => { use zstd::stream::raw::Operation;"	https://github.com/PerryTS/turnloop/blob/a0fbb1bf9a100bb3215219f54301b9ee82ffe71f/protocols/turnloop-http/src/compression.rs#L174
protocols/turnloop-http/src/compression.rs	180	cfg-selection	"#[cfg(any(target_arch = ""wasm32"", feature = ""pure-rust-zstd""))]"	STILL TRUE — protocol feature/platform selection	N default/all-feature, PW2/PW3 selected adapters; browser branches avoid std clocks/raw TCP or use host HTTP. p3 entropy shim feature/cfg is required. Full browser codec runtime and all feature subsets are not proven.	"*boundary = false; } #[cfg(any(target_arch = ""wasm32"", feature = ""pure-rust-zstd""))] Engine::Zstd { reset, boundary, .."	https://github.com/PerryTS/turnloop/blob/a0fbb1bf9a100bb3215219f54301b9ee82ffe71f/protocols/turnloop-http/src/compression.rs#L180
protocols/turnloop-http/src/compression.rs	332	cfg-selection	"#[cfg(not(any(target_arch = ""wasm32"", feature = ""pure-rust-zstd"")))]"	STILL TRUE — protocol feature/platform selection	N default/all-feature, PW2/PW3 selected adapters; browser branches avoid std clocks/raw TCP or use host HTTP. p3 entropy shim feature/cfg is required. Full browser codec runtime and all feature subsets are not proven.	"} } #[cfg(not(any(target_arch = ""wasm32"", feature = ""pure-rust-zstd"")))] Engine::Zstd { decoder, boundary } => { use zstd::stream::raw::Operation;"	https://github.com/PerryTS/turnloop/blob/a0fbb1bf9a100bb3215219f54301b9ee82ffe71f/protocols/turnloop-http/src/compression.rs#L332
protocols/turnloop-http/src/compression.rs	355	cfg-selection	"#[cfg(any(target_arch = ""wasm32"", feature = ""pure-rust-zstd""))]"	STILL TRUE — protocol feature/platform selection	N default/all-feature, PW2/PW3 selected adapters; browser branches avoid std clocks/raw TCP or use host HTTP. p3 entropy shim feature/cfg is required. Full browser codec runtime and all feature subsets are not proven.	"} } #[cfg(any(target_arch = ""wasm32"", feature = ""pure-rust-zstd""))] Engine::Zstd { decoder,"	https://github.com/PerryTS/turnloop/blob/a0fbb1bf9a100bb3215219f54301b9ee82ffe71f/protocols/turnloop-http/src/compression.rs#L355
protocols/turnloop-http/src/http1.rs	165	unsupported	"""unsupported or duplicate transfer coding"","	STILL TRUE — protocol validation/scope	Unsupported version/auth plugin/column/URL/ALPN/coding/TXT/SCRAM extension is rejected explicitly; not every protocol extension is required. Match agreed Perry compatibility scope in I15.	"return Err(Error::new( ""HPE_INVALID_TRANSFER_ENCODING"", ""unsupported or duplicate transfer coding"", )); }"	https://github.com/PerryTS/turnloop/blob/a0fbb1bf9a100bb3215219f54301b9ee82ffe71f/protocols/turnloop-http/src/http1.rs#L165
protocols/turnloop-http/src/lib.rs	35	cfg-selection	"#[cfg(feature = ""turnloop"")]"	STILL TRUE — protocol feature/platform selection	N default/all-feature, PW2/PW3 selected adapters; browser branches avoid std clocks/raw TCP or use host HTTP. p3 entropy shim feature/cfg is required. Full browser codec runtime and all feature subsets are not proven.	"mod recycling;  #[cfg(feature = ""turnloop"")] pub mod asynchronous;"	https://github.com/PerryTS/turnloop/blob/a0fbb1bf9a100bb3215219f54301b9ee82ffe71f/protocols/turnloop-http/src/lib.rs#L35
protocols/turnloop-http/tests/asynchronous.rs	1	cfg-selection	"#![cfg(all( feature = ""turnloop"", not(all(target_arch = ""wasm32"", target_os = ""unknown"")) ))]"	STILL TRUE — protocol test selection	N portable workspace; P selects real suites incl ignored; PW2/PW3 select manifest allowlists and P adds p2 real servers. Native-only/reference-C/Node-peer bodies excluded on wasm; WEB does not execute every protocol codec test. I03/I15.	"#![cfg(all( feature = ""turnloop"", not(all(target_arch = ""wasm32"", target_os = ""unknown""))"	https://github.com/PerryTS/turnloop/blob/a0fbb1bf9a100bb3215219f54301b9ee82ffe71f/protocols/turnloop-http/tests/asynchronous.rs#L1
protocols/turnloop-http/tests/asynchronous.rs	348	cfg-selection	"#[cfg(not(target_arch = ""wasm32""))]"	STILL TRUE — protocol test selection	N portable workspace; P selects real suites incl ignored; PW2/PW3 select manifest allowlists and P adds p2 real servers. Native-only/reference-C/Node-peer bodies excluded on wasm; WEB does not execute every protocol codec test. I03/I15.	"}  #[cfg(not(target_arch = ""wasm32""))] #[test] #[ignore = ""requires private Node HTTP fixtures""]"	https://github.com/PerryTS/turnloop/blob/a0fbb1bf9a100bb3215219f54301b9ee82ffe71f/protocols/turnloop-http/tests/asynchronous.rs#L348
protocols/turnloop-http/tests/asynchronous.rs	350	ignored-test	"#[ignore = ""requires private Node HTTP fixtures""]"	STALE as unrun CI claim — runner exists	P includes ignored protocol targets with real fixtures; HTTP also N interop. WASI p2 async_server targets selected in P. Test remains intentionally ignored in ordinary cargo test; see CI evidence.	"fn node_async_client_redirect_decompression_and_h2() {     let mut executor = LocalExecutor::<Platform>::new(Config::default()).expect(""executor"");     let h = executor.handle();"	https://github.com/PerryTS/turnloop/blob/a0fbb1bf9a100bb3215219f54301b9ee82ffe71f/protocols/turnloop-http/tests/asynchronous.rs#L350
protocols/turnloop-http/tests/asynchronous.rs	429	cfg-selection	"#[cfg(not(target_arch = ""wasm32""))]"	STILL TRUE — protocol test selection	N portable workspace; P selects real suites incl ignored; PW2/PW3 select manifest allowlists and P adds p2 real servers. Native-only/reference-C/Node-peer bodies excluded on wasm; WEB does not execute every protocol codec test. I03/I15.	"}  #[cfg(not(target_arch = ""wasm32""))] #[test] fn node_https_and_http2_against_async_tls_server() {"	https://github.com/PerryTS/turnloop/blob/a0fbb1bf9a100bb3215219f54301b9ee82ffe71f/protocols/turnloop-http/tests/asynchronous.rs#L429
protocols/turnloop-http/tests/asynchronous.rs	732	cfg-selection	"#[cfg(not(target_arch = ""wasm32""))]"	STILL TRUE — protocol test selection	N portable workspace; P selects real suites incl ignored; PW2/PW3 select manifest allowlists and P adds p2 real servers. Native-only/reference-C/Node-peer bodies excluded on wasm; WEB does not execute every protocol codec test. I03/I15.	"}  #[cfg(not(target_arch = ""wasm32""))] #[test] fn curl_against_async_http1_server() {"	https://github.com/PerryTS/turnloop/blob/a0fbb1bf9a100bb3215219f54301b9ee82ffe71f/protocols/turnloop-http/tests/asynchronous.rs#L732
protocols/turnloop-http/tests/asynchronous.rs	809	cfg-selection	"#[cfg(not(target_arch = ""wasm32""))]"	STILL TRUE — protocol test selection	N portable workspace; P selects real suites incl ignored; PW2/PW3 select manifest allowlists and P adds p2 real servers. Native-only/reference-C/Node-peer bodies excluded on wasm; WEB does not execute every protocol codec test. I03/I15.	"}  #[cfg(not(target_arch = ""wasm32""))] #[test] fn node_https_via_authenticated_connect_proxy() {"	https://github.com/PerryTS/turnloop/blob/a0fbb1bf9a100bb3215219f54301b9ee82ffe71f/protocols/turnloop-http/tests/asynchronous.rs#L809
protocols/turnloop-http/tests/codecs.rs	426	cfg-selection	"#[cfg(not(target_arch = ""wasm32""))]"	STILL TRUE — protocol test selection	N portable workspace; P selects real suites incl ignored; PW2/PW3 select manifest allowlists and P adds p2 real servers. Native-only/reference-C/Node-peer bodies excluded on wasm; WEB does not execute every protocol codec test. I03/I15.	"turnloop_http::compression::decode(""br"", &encoded, &mut out, 100).unwrap(); assert_eq!(out, body); #[cfg(not(target_arch = ""wasm32""))] { let encoded = zstd::stream::encode_all(body.as_slice(), 1).unwrap();"	https://github.com/PerryTS/turnloop/blob/a0fbb1bf9a100bb3215219f54301b9ee82ffe71f/protocols/turnloop-http/tests/codecs.rs#L426
protocols/turnloop-http/tests/interop.rs	1	cfg-selection	"#![cfg(not(target_arch = ""wasm32""))]"	STILL TRUE — protocol test selection	N portable workspace; P selects real suites incl ignored; PW2/PW3 select manifest allowlists and P adds p2 real servers. Native-only/reference-C/Node-peer bodies excluded on wasm; WEB does not execute every protocol codec test. I03/I15.	"#![cfg(not(target_arch = ""wasm32""))] use std::{ io::{Read, Write},"	https://github.com/PerryTS/turnloop/blob/a0fbb1bf9a100bb3215219f54301b9ee82ffe71f/protocols/turnloop-http/tests/interop.rs#L1
protocols/turnloop-http/tests/interop.rs	154	ignored-test	"#[ignore = ""requires the private HTTP fixture from scripts/test-servers.py""]"	STALE as unrun CI claim — runner exists	P includes ignored protocol targets with real fixtures; HTTP also N interop. WASI p2 async_server targets selected in P. Test remains intentionally ignored in ordinary cargo test; see CI evidence.	"fn node_h1_redirect_compression_trailers_and_socket_reuse() {     let port = node_port(""h1"");     let mut socket = socket(port);"	https://github.com/PerryTS/turnloop/blob/a0fbb1bf9a100bb3215219f54301b9ee82ffe71f/protocols/turnloop-http/tests/interop.rs#L154
protocols/turnloop-http/tests/interop.rs	440	ignored-test	"#[ignore = ""requires the private HTTP fixture from scripts/test-servers.py""]"	STALE as unrun CI claim — runner exists	P includes ignored protocol targets with real fixtures; HTTP also N interop. WASI p2 async_server targets selected in P. Test remains intentionally ignored in ordinary cargo test; see CI evidence.	"fn native_h2_client_against_node_hundred_streams() {     let port = node_port(""h2"");     let mut socket = socket(port);"	https://github.com/PerryTS/turnloop/blob/a0fbb1bf9a100bb3215219f54301b9ee82ffe71f/protocols/turnloop-http/tests/interop.rs#L440
protocols/turnloop-mongodb/Cargo.toml	27	cfg-selection	"[target.'cfg(not(target_arch = ""wasm32""))'.dev-dependencies]"	STILL TRUE — protocol feature/platform selection	N default/all-feature, PW2/PW3 selected adapters; browser branches avoid std clocks/raw TCP or use host HTTP. p3 entropy shim feature/cfg is required. Full browser codec runtime and all feature subsets are not proven.	"flate2.workspace = true  [target.'cfg(not(target_arch = ""wasm32""))'.dev-dependencies] rustls.workspace = true "	https://github.com/PerryTS/turnloop/blob/a0fbb1bf9a100bb3215219f54301b9ee82ffe71f/protocols/turnloop-mongodb/Cargo.toml#L27
protocols/turnloop-mongodb/Cargo.toml	33	cfg-selection	"[target.'cfg(all(target_arch = ""wasm32"", target_os = ""unknown""))'.dependencies]"	STILL TRUE — protocol feature/platform selection	N default/all-feature, PW2/PW3 selected adapters; browser branches avoid std clocks/raw TCP or use host HTTP. p3 entropy shim feature/cfg is required. Full browser codec runtime and all feature subsets are not proven.	"serde_json.workspace = true  [target.'cfg(all(target_arch = ""wasm32"", target_os = ""unknown""))'.dependencies] getrandom = { workspace = true, features = [""wasm_js""] } "	https://github.com/PerryTS/turnloop/blob/a0fbb1bf9a100bb3215219f54301b9ee82ffe71f/protocols/turnloop-mongodb/Cargo.toml#L33
protocols/turnloop-mongodb/Cargo.toml	48	cfg-selection	"[target.'cfg(all(target_os = ""wasi"", target_env = ""p3""))'.dependencies]"	STILL TRUE — protocol feature/platform selection	N default/all-feature, PW2/PW3 selected adapters; browser branches avoid std clocks/raw TCP or use host HTTP. p3 entropy shim feature/cfg is required. Full browser codec runtime and all feature subsets are not proven.	"integration-tests = [""real_mongodb"", ""async_server""]  [target.'cfg(all(target_os = ""wasi"", target_env = ""p3""))'.dependencies] turnloop-io = { workspace = true, optional = true, features = [""wasi-p3-experimental""] } turnloop-wasi-random.workspace = true"	https://github.com/PerryTS/turnloop/blob/a0fbb1bf9a100bb3215219f54301b9ee82ffe71f/protocols/turnloop-mongodb/Cargo.toml#L48
protocols/turnloop-mongodb/README.md	27	doc-progress	Dropping a pending operation closes its transport before a pool can reuse it.	STILL TRUE — behavior/policy, not open work	Pending means operation/queue/phase state or a reporting rule. Read linked context; no missing implementation inferred.	absolute `turnloop_io::Instant` deadline, shared across authentication, I/O and retries. Callbacks borrow row/reply storage; copy values only when retaining them. Dropping a pending operation closes its transport before a pool can reuse it.  For TLS, set the protocol's TLS mode and provide	https://github.com/PerryTS/turnloop/blob/a0fbb1bf9a100bb3215219f54301b9ee82ffe71f/protocols/turnloop-mongodb/README.md#L27
protocols/turnloop-mongodb/README.md	148	doc-progress	explicit. Full stream lifecycle orchestration is not yet included.	STILL TRUE — limitation or scoped statement	Still applies in stated scope; advanced parity, perf attribution, mobile/FreeBSD, fuzz and long soak are not implied by green bounded CI. See REMAINING_WORK.md.	the whole batch is consumed. Build the new aggregate with stage() on resume; preserve user pipeline/options in the adapter. Closing cursors and driving getMore remain explicit. Full stream lifecycle orchestration is not yet included.  ## Verification	https://github.com/PerryTS/turnloop/blob/a0fbb1bf9a100bb3215219f54301b9ee82ffe71f/protocols/turnloop-mongodb/README.md#L148
protocols/turnloop-mongodb/README.md	174	doc-progress	Apply `turnloop_io::deadline` using the core's next deadline. Dropping a pending	STILL TRUE — behavior/policy, not open work	Pending means operation/queue/phase state or a reporting rule. Read linked context; no missing implementation inferred.	entropy and TLS-upgrade requests are explicit events; acknowledge them through the core. For an upgrade, `into_parts` preserves the stream, core and unread bytes. Apply `turnloop_io::deadline` using the core's next deadline. Dropping a pending drive future closes the stream and aborts the core; terminal core events remain available for draining. See `turnloop-io` for the shared adapter ownership pattern.	https://github.com/PerryTS/turnloop/blob/a0fbb1bf9a100bb3215219f54301b9ee82ffe71f/protocols/turnloop-mongodb/README.md#L174
protocols/turnloop-mongodb/examples/cleanup-private.rs	2	cfg-selection	"#[cfg(target_arch = ""wasm32"")]"	STILL TRUE — protocol feature/platform selection	N default/all-feature, PW2/PW3 selected adapters; browser branches avoid std clocks/raw TCP or use host HTTP. p3 entropy shim feature/cfg is required. Full browser codec runtime and all feature subsets are not proven.	"#![deny(unsafe_op_in_unsafe_fn)] #[cfg(target_arch = ""wasm32"")] fn main() {} #[cfg(not(target_arch = ""wasm32""))]"	https://github.com/PerryTS/turnloop/blob/a0fbb1bf9a100bb3215219f54301b9ee82ffe71f/protocols/turnloop-mongodb/examples/cleanup-private.rs#L2
protocols/turnloop-mongodb/examples/cleanup-private.rs	4	cfg-selection	"#[cfg(not(target_arch = ""wasm32""))]"	STILL TRUE — protocol feature/platform selection	N default/all-feature, PW2/PW3 selected adapters; browser branches avoid std clocks/raw TCP or use host HTTP. p3 entropy shim feature/cfg is required. Full browser codec runtime and all feature subsets are not proven.	"#[cfg(target_arch = ""wasm32"")] fn main() {} #[cfg(not(target_arch = ""wasm32""))] #[path = ""../tests/common/mod.rs""] mod common;"	https://github.com/PerryTS/turnloop/blob/a0fbb1bf9a100bb3215219f54301b9ee82ffe71f/protocols/turnloop-mongodb/examples/cleanup-private.rs#L4
protocols/turnloop-mongodb/examples/cleanup-private.rs	7	cfg-selection	"#[cfg(not(target_arch = ""wasm32""))]"	STILL TRUE — protocol feature/platform selection	N default/all-feature, PW2/PW3 selected adapters; browser branches avoid std clocks/raw TCP or use host HTTP. p3 entropy shim feature/cfg is required. Full browser codec runtime and all feature subsets are not proven.	"#[path = ""../tests/common/mod.rs""] mod common; #[cfg(not(target_arch = ""wasm32""))] use common::{Driver, ports}; #[cfg(not(target_arch = ""wasm32""))]"	https://github.com/PerryTS/turnloop/blob/a0fbb1bf9a100bb3215219f54301b9ee82ffe71f/protocols/turnloop-mongodb/examples/cleanup-private.rs#L7
protocols/turnloop-mongodb/examples/cleanup-private.rs	9	cfg-selection	"#[cfg(not(target_arch = ""wasm32""))]"	STILL TRUE — protocol feature/platform selection	N default/all-feature, PW2/PW3 selected adapters; browser branches avoid std clocks/raw TCP or use host HTTP. p3 entropy shim feature/cfg is required. Full browser codec runtime and all feature subsets are not proven.	"#[cfg(not(target_arch = ""wasm32""))] use common::{Driver, ports}; #[cfg(not(target_arch = ""wasm32""))] use std::{ net::TcpStream,"	https://github.com/PerryTS/turnloop/blob/a0fbb1bf9a100bb3215219f54301b9ee82ffe71f/protocols/turnloop-mongodb/examples/cleanup-private.rs#L9
protocols/turnloop-mongodb/examples/cleanup-private.rs	14	cfg-selection	"#[cfg(not(target_arch = ""wasm32""))]"	STILL TRUE — protocol feature/platform selection	N default/all-feature, PW2/PW3 selected adapters; browser branches avoid std clocks/raw TCP or use host HTTP. p3 entropy shim feature/cfg is required. Full browser codec runtime and all feature subsets are not proven.	"time::{Duration, Instant}, }; #[cfg(not(target_arch = ""wasm32""))] use turnloop_mongodb::bson::doc; #[cfg(not(target_arch = ""wasm32""))]"	https://github.com/PerryTS/turnloop/blob/a0fbb1bf9a100bb3215219f54301b9ee82ffe71f/protocols/turnloop-mongodb/examples/cleanup-private.rs#L14
protocols/turnloop-mongodb/examples/cleanup-private.rs	16	cfg-selection	"#[cfg(not(target_arch = ""wasm32""))]"	STILL TRUE — protocol feature/platform selection	N default/all-feature, PW2/PW3 selected adapters; browser branches avoid std clocks/raw TCP or use host HTTP. p3 entropy shim feature/cfg is required. Full browser codec runtime and all feature subsets are not proven.	"#[cfg(not(target_arch = ""wasm32""))] use turnloop_mongodb::bson::doc; #[cfg(not(target_arch = ""wasm32""))] fn main() { let entries = ports();"	https://github.com/PerryTS/turnloop/blob/a0fbb1bf9a100bb3215219f54301b9ee82ffe71f/protocols/turnloop-mongodb/examples/cleanup-private.rs#L16
protocols/turnloop-mongodb/examples/turnloop.rs	34	cfg-selection	"#[cfg(not(any(windows, all(target_arch = ""wasm32"", target_os = ""unknown""))))]"	STILL TRUE — example exclusion	Windows and web use no-op example main; underlying Windows adapters still build/test in N-W. Not execution evidence for the example. Browser raw protocol sockets unavailable.	"Ok(()) } #[cfg(not(any(windows, all(target_arch = ""wasm32"", target_os = ""unknown""))))] fn main() -> std::io::Result<()> { use std::{"	https://github.com/PerryTS/turnloop/blob/a0fbb1bf9a100bb3215219f54301b9ee82ffe71f/protocols/turnloop-mongodb/examples/turnloop.rs#L34
protocols/turnloop-mongodb/examples/turnloop.rs	58	cfg-selection	"#[cfg(any(windows, all(target_arch = ""wasm32"", target_os = ""unknown"")))]"	STILL TRUE — example exclusion	Windows and web use no-op example main; underlying Windows adapters still build/test in N-W. Not execution evidence for the example. Browser raw protocol sockets unavailable.	"} } #[cfg(any(windows, all(target_arch = ""wasm32"", target_os = ""unknown"")))] fn main() { eprintln!("	https://github.com/PerryTS/turnloop/blob/a0fbb1bf9a100bb3215219f54301b9ee82ffe71f/protocols/turnloop-mongodb/examples/turnloop.rs#L58
protocols/turnloop-mongodb/src/async_connection.rs	9	cfg-selection	"#[cfg(all(target_arch = ""wasm32"", target_os = ""unknown""))]"	STILL TRUE — protocol feature/platform selection	N default/all-feature, PW2/PW3 selected adapters; browser branches avoid std clocks/raw TCP or use host HTTP. p3 entropy shim feature/cfg is required. Full browser codec runtime and all feature subsets are not proven.	"use turnloop_tls::asynchronous::{ClientTls, Transport}; pub(super) fn time(now: Instant) -> crate::Instant { #[cfg(all(target_arch = ""wasm32"", target_os = ""unknown""))] { crate::Instant::from_duration(now.as_duration())"	https://github.com/PerryTS/turnloop/blob/a0fbb1bf9a100bb3215219f54301b9ee82ffe71f/protocols/turnloop-mongodb/src/async_connection.rs#L9
protocols/turnloop-mongodb/src/async_connection.rs	13	cfg-selection	"#[cfg(not(all(target_arch = ""wasm32"", target_os = ""unknown"")))]"	STILL TRUE — protocol feature/platform selection	N default/all-feature, PW2/PW3 selected adapters; browser branches avoid std clocks/raw TCP or use host HTTP. p3 entropy shim feature/cfg is required. Full browser codec runtime and all feature subsets are not proven.	"crate::Instant::from_duration(now.as_duration()) } #[cfg(not(all(target_arch = ""wasm32"", target_os = ""unknown"")))] { now"	https://github.com/PerryTS/turnloop/blob/a0fbb1bf9a100bb3215219f54301b9ee82ffe71f/protocols/turnloop-mongodb/src/async_connection.rs#L13
protocols/turnloop-mongodb/src/async_connection.rs	19	cfg-selection	"#[cfg(all(target_arch = ""wasm32"", target_os = ""unknown""))]"	STILL TRUE — protocol feature/platform selection	N default/all-feature, PW2/PW3 selected adapters; browser branches avoid std clocks/raw TCP or use host HTTP. p3 entropy shim feature/cfg is required. Full browser codec runtime and all feature subsets are not proven.	"} pub(super) fn instant(now: crate::Instant) -> Instant { #[cfg(all(target_arch = ""wasm32"", target_os = ""unknown""))] { Instant::from_duration(now.as_duration())"	https://github.com/PerryTS/turnloop/blob/a0fbb1bf9a100bb3215219f54301b9ee82ffe71f/protocols/turnloop-mongodb/src/async_connection.rs#L19
protocols/turnloop-mongodb/src/async_connection.rs	23	cfg-selection	"#[cfg(not(all(target_arch = ""wasm32"", target_os = ""unknown"")))]"	STILL TRUE — protocol feature/platform selection	N default/all-feature, PW2/PW3 selected adapters; browser branches avoid std clocks/raw TCP or use host HTTP. p3 entropy shim feature/cfg is required. Full browser codec runtime and all feature subsets are not proven.	"Instant::from_duration(now.as_duration()) } #[cfg(not(all(target_arch = ""wasm32"", target_os = ""unknown"")))] { now"	https://github.com/PerryTS/turnloop/blob/a0fbb1bf9a100bb3215219f54301b9ee82ffe71f/protocols/turnloop-mongodb/src/async_connection.rs#L23
protocols/turnloop-mongodb/src/asynchronous.rs	37	cfg-selection	#[cfg(test)]	STILL TRUE — protocol feature/platform selection	N default/all-feature, PW2/PW3 selected adapters; browser branches avoid std clocks/raw TCP or use host HTTP. p3 entropy shim feature/cfg is required. Full browser codec runtime and all feature subsets are not proven.	}  #[cfg(test)] mod tests { use super::*;	https://github.com/PerryTS/turnloop/blob/a0fbb1bf9a100bb3215219f54301b9ee82ffe71f/protocols/turnloop-mongodb/src/asynchronous.rs#L37
protocols/turnloop-mongodb/src/auth.rs	18	unsupported	"_ => Err(auth_error(""Unsupported authentication mechanism"")),"	STILL TRUE — protocol validation/scope	Unsupported version/auth plugin/column/URL/ALPN/coding/TXT/SCRAM extension is rejected explicitly; not every protocol extension is required. Match agreed Perry compatibility scope in I15.	"""SCRAM-SHA-1"" => Ok(Self::Sha1), ""SCRAM-SHA-256"" => Ok(Self::Sha256), _ => Err(auth_error(""Unsupported authentication mechanism"")), } }"	https://github.com/PerryTS/turnloop/blob/a0fbb1bf9a100bb3215219f54301b9ee82ffe71f/protocols/turnloop-mongodb/src/auth.rs#L18
protocols/turnloop-mongodb/src/auth.rs	108	unsupported	"return Err(auth_error(""Unsupported SCRAM extension""));"	STILL TRUE — protocol validation/scope	Unsupported version/auth plugin/column/URL/ALPN/coding/TXT/SCRAM extension is rejected explicitly; not every protocol extension is required. Match agreed Perry compatibility scope in I15.	"let attrs = parse_attributes(payload)?; if attrs.iter().any(|(k, _)| *k == ""m"") { return Err(auth_error(""Unsupported SCRAM extension"")); } let get = |k| {"	https://github.com/PerryTS/turnloop/blob/a0fbb1bf9a100bb3215219f54301b9ee82ffe71f/protocols/turnloop-mongodb/src/auth.rs#L108
protocols/turnloop-mongodb/src/lib.rs	15	cfg-selection	"#[cfg(all(target_os = ""wasi"", target_env = ""p3""))]"	STILL TRUE — protocol feature/platform selection	N default/all-feature, PW2/PW3 selected adapters; browser branches avoid std clocks/raw TCP or use host HTTP. p3 entropy shim feature/cfg is required. Full browser codec runtime and all feature subsets are not proven.	"#![forbid(unsafe_code)]  #[cfg(all(target_os = ""wasi"", target_env = ""p3""))] use turnloop_wasi_random as _; "	https://github.com/PerryTS/turnloop/blob/a0fbb1bf9a100bb3215219f54301b9ee82ffe71f/protocols/turnloop-mongodb/src/lib.rs#L15
protocols/turnloop-mongodb/src/lib.rs	35	cfg-selection	"#[cfg(feature = ""turnloop"")]"	STILL TRUE — protocol feature/platform selection	N default/all-feature, PW2/PW3 selected adapters; browser branches avoid std clocks/raw TCP or use host HTTP. p3 entropy shim feature/cfg is required. Full browser codec runtime and all feature subsets are not proven.	"pub use error::{Error, ErrorKind, Result};  #[cfg(feature = ""turnloop"")] pub mod asynchronous;"	https://github.com/PerryTS/turnloop/blob/a0fbb1bf9a100bb3215219f54301b9ee82ffe71f/protocols/turnloop-mongodb/src/lib.rs#L35
protocols/turnloop-mongodb/src/time.rs	48	cfg-selection	"#[cfg(all(target_arch = ""wasm32"", target_os = ""unknown""))]"	STILL TRUE — protocol feature/platform selection	N default/all-feature, PW2/PW3 selected adapters; browser branches avoid std clocks/raw TCP or use host HTTP. p3 entropy shim feature/cfg is required. Full browser codec runtime and all feature subsets are not proven.	"} } #[cfg(all(target_arch = ""wasm32"", target_os = ""unknown""))] pub use HostInstant as Instant; #[cfg(not(all(target_arch = ""wasm32"", target_os = ""unknown"")))]"	https://github.com/PerryTS/turnloop/blob/a0fbb1bf9a100bb3215219f54301b9ee82ffe71f/protocols/turnloop-mongodb/src/time.rs#L48
protocols/turnloop-mongodb/src/time.rs	50	cfg-selection	"#[cfg(not(all(target_arch = ""wasm32"", target_os = ""unknown"")))]"	STILL TRUE — protocol feature/platform selection	N default/all-feature, PW2/PW3 selected adapters; browser branches avoid std clocks/raw TCP or use host HTTP. p3 entropy shim feature/cfg is required. Full browser codec runtime and all feature subsets are not proven.	"#[cfg(all(target_arch = ""wasm32"", target_os = ""unknown""))] pub use HostInstant as Instant; #[cfg(not(all(target_arch = ""wasm32"", target_os = ""unknown"")))] pub use std::time::Instant;"	https://github.com/PerryTS/turnloop/blob/a0fbb1bf9a100bb3215219f54301b9ee82ffe71f/protocols/turnloop-mongodb/src/time.rs#L50
protocols/turnloop-mongodb/src/uri.rs	426	unsupported	"return Err(parse_error(""Unsupported TXT option""));"	STILL TRUE — protocol validation/scope	Unsupported version/auth plugin/column/URL/ALPN/coding/TXT/SCRAM extension is rejected explicitly; not every protocol extension is required. Match agreed Perry compatibility scope in I15.	"let k = k.to_ascii_lowercase(); if !matches!(k.as_str(), ""authsource"" | ""replicaset"") { return Err(parse_error(""Unsupported TXT option"")); } self.raw.entry(k).or_insert(decode(v)?);"	https://github.com/PerryTS/turnloop/blob/a0fbb1bf9a100bb3215219f54301b9ee82ffe71f/protocols/turnloop-mongodb/src/uri.rs#L426
protocols/turnloop-mongodb/tests/async_server.rs	1	cfg-selection	"#![cfg(not(all(target_arch = ""wasm32"", target_os = ""unknown"")))]"	STILL TRUE — protocol test selection	N portable workspace; P selects real suites incl ignored; PW2/PW3 select manifest allowlists and P adds p2 real servers. Native-only/reference-C/Node-peer bodies excluded on wasm; WEB does not execute every protocol codec test. I03/I15.	"#![cfg(not(all(target_arch = ""wasm32"", target_os = ""unknown"")))] use std::{ future::Future,"	https://github.com/PerryTS/turnloop/blob/a0fbb1bf9a100bb3215219f54301b9ee82ffe71f/protocols/turnloop-mongodb/tests/async_server.rs#L1
protocols/turnloop-mongodb/tests/async_server.rs	36	ignored-test	"#[ignore = ""private MongoDB fixture, after real_mongodb bootstrap""]"	STALE as unrun CI claim — runner exists	P includes ignored protocol targets with real fixtures; HTTP also N interop. WASI p2 async_server targets selected in P. Test remains intentionally ignored in ordinary cargo test; see CI evidence.	"fn real_async_auth_tls_sdam_pool_cursor_retry_and_primary_stepdown() {     let port = std::env::var(""TURNLOOP_TEST_MONGODB_PORT"").expect(""standalone port"");     let tls_port = std::env::var(""TURNLOOP_TEST_MONGODB_TLS_PORT"").expect(""TLS port"");"	https://github.com/PerryTS/turnloop/blob/a0fbb1bf9a100bb3215219f54301b9ee82ffe71f/protocols/turnloop-mongodb/tests/async_server.rs#L36
protocols/turnloop-mongodb/tests/asynchronous.rs	1	cfg-selection	"#![cfg(not(all(target_arch = ""wasm32"", target_os = ""unknown"")))]"	STILL TRUE — protocol test selection	N portable workspace; P selects real suites incl ignored; PW2/PW3 select manifest allowlists and P adds p2 real servers. Native-only/reference-C/Node-peer bodies excluded on wasm; WEB does not execute every protocol codec test. I03/I15.	"#![cfg(not(all(target_arch = ""wasm32"", target_os = ""unknown"")))] #[path = ""../../../crates/turnloop-io/tests/support/count.rs""] mod count;"	https://github.com/PerryTS/turnloop/blob/a0fbb1bf9a100bb3215219f54301b9ee82ffe71f/protocols/turnloop-mongodb/tests/asynchronous.rs#L1
protocols/turnloop-mongodb/tests/real_mongodb.rs	1	cfg-selection	"#![cfg(not(target_arch = ""wasm32""))]"	STILL TRUE — protocol test selection	N portable workspace; P selects real suites incl ignored; PW2/PW3 select manifest allowlists and P adds p2 real servers. Native-only/reference-C/Node-peer bodies excluded on wasm; WEB does not execute every protocol codec test. I03/I15.	"#![cfg(not(target_arch = ""wasm32""))] #![deny(unsafe_op_in_unsafe_fn)] mod common;"	https://github.com/PerryTS/turnloop/blob/a0fbb1bf9a100bb3215219f54301b9ee82ffe71f/protocols/turnloop-mongodb/tests/real_mongodb.rs#L1
protocols/turnloop-mongodb/tests/real_mongodb.rs	315	ignored-test	"#[ignore = ""private MongoDB required: scripts/test-servers.py run""]"	STALE as unrun CI claim — runner exists	P includes ignored protocol targets with real fixtures; HTTP also N interop. WASI p2 async_server targets selected in P. Test remains intentionally ignored in ordinary cargo test; see CI evidence.	fn real_standalone_replica_scram_tls() {     let ports = ports();     let port = |name: &str| {	https://github.com/PerryTS/turnloop/blob/a0fbb1bf9a100bb3215219f54301b9ee82ffe71f/protocols/turnloop-mongodb/tests/real_mongodb.rs#L315
protocols/turnloop-mongodb/tests/support/allocation.rs	106	cfg-selection	"#[cfg(not(target_arch = ""wasm32""))]"	STILL TRUE — protocol test selection	N portable workspace; P selects real suites incl ignored; PW2/PW3 select manifest allowlists and P adds p2 real servers. Native-only/reference-C/Node-peer bodies excluded on wasm; WEB does not execute every protocol codec test. I03/I15.	"}  #[cfg(not(target_arch = ""wasm32""))] #[test] fn simultaneous_measurements_count_only_their_own_thread() {"	https://github.com/PerryTS/turnloop/blob/a0fbb1bf9a100bb3215219f54301b9ee82ffe71f/protocols/turnloop-mongodb/tests/support/allocation.rs#L106
protocols/turnloop-mongodb/tests/support/allocation.rs	146	cfg-selection	"#[cfg(panic = ""unwind"")]"	STILL TRUE — protocol test selection	N portable workspace; P selects real suites incl ignored; PW2/PW3 select manifest allowlists and P adds p2 real servers. Native-only/reference-C/Node-peer bodies excluded on wasm; WEB does not execute every protocol codec test. I03/I15.	"// Abort-only targets cannot resume after a panic; the cleanup contract is for // unwinding. Allocation calibration and the full workload still run everywhere. #[cfg(panic = ""unwind"")] #[test] fn measurement_disables_counting_after_a_panic() {"	https://github.com/PerryTS/turnloop/blob/a0fbb1bf9a100bb3215219f54301b9ee82ffe71f/protocols/turnloop-mongodb/tests/support/allocation.rs#L146
protocols/turnloop-mongodb/tests/support/clock.rs	2	cfg-selection	"#[cfg(not(all(target_arch = ""wasm32"", target_os = ""unknown"")))]"	STILL TRUE — protocol test selection	N portable workspace; P selects real suites incl ignored; PW2/PW3 select manifest allowlists and P adds p2 real servers. Native-only/reference-C/Node-peer bodies excluded on wasm; WEB does not execute every protocol codec test. I03/I15.	"pub fn now() -> turnloop_mongodb::Instant { #[cfg(not(all(target_arch = ""wasm32"", target_os = ""unknown"")))] { turnloop_mongodb::Instant::now()"	https://github.com/PerryTS/turnloop/blob/a0fbb1bf9a100bb3215219f54301b9ee82ffe71f/protocols/turnloop-mongodb/tests/support/clock.rs#L2
protocols/turnloop-mongodb/tests/support/clock.rs	6	cfg-selection	"#[cfg(all(target_arch = ""wasm32"", target_os = ""unknown""))]"	STILL TRUE — protocol test selection	N portable workspace; P selects real suites incl ignored; PW2/PW3 select manifest allowlists and P adds p2 real servers. Native-only/reference-C/Node-peer bodies excluded on wasm; WEB does not execute every protocol codec test. I03/I15.	"turnloop_mongodb::Instant::now() } #[cfg(all(target_arch = ""wasm32"", target_os = ""unknown""))] { turnloop_mongodb::Instant::from_duration(std::time::Duration::from_secs(1_000_000))"	https://github.com/PerryTS/turnloop/blob/a0fbb1bf9a100bb3215219f54301b9ee82ffe71f/protocols/turnloop-mongodb/tests/support/clock.rs#L6
protocols/turnloop-mysql/Cargo.toml	21	cfg-selection	"[target.'cfg(not(target_arch = ""wasm32""))'.dev-dependencies]"	STILL TRUE — protocol feature/platform selection	N default/all-feature, PW2/PW3 selected adapters; browser branches avoid std clocks/raw TCP or use host HTTP. p3 entropy shim feature/cfg is required. Full browser codec runtime and all feature subsets are not proven.	"flate2.workspace = true  [target.'cfg(not(target_arch = ""wasm32""))'.dev-dependencies] rustls.workspace = true "	https://github.com/PerryTS/turnloop/blob/a0fbb1bf9a100bb3215219f54301b9ee82ffe71f/protocols/turnloop-mysql/Cargo.toml#L21
protocols/turnloop-mysql/Cargo.toml	25	cfg-selection	"[target.'cfg(all(target_arch = ""wasm32"", target_os = ""unknown""))'.dependencies]"	STILL TRUE — protocol feature/platform selection	N default/all-feature, PW2/PW3 selected adapters; browser branches avoid std clocks/raw TCP or use host HTTP. p3 entropy shim feature/cfg is required. Full browser codec runtime and all feature subsets are not proven.	"  [target.'cfg(all(target_arch = ""wasm32"", target_os = ""unknown""))'.dependencies] getrandom = { workspace = true, features = [""wasm_js""] } "	https://github.com/PerryTS/turnloop/blob/a0fbb1bf9a100bb3215219f54301b9ee82ffe71f/protocols/turnloop-mysql/Cargo.toml#L25
protocols/turnloop-mysql/Cargo.toml	39	cfg-selection	"[target.'cfg(all(target_os = ""wasi"", target_env = ""p3""))'.dependencies]"	STILL TRUE — protocol feature/platform selection	N default/all-feature, PW2/PW3 selected adapters; browser branches avoid std clocks/raw TCP or use host HTTP. p3 entropy shim feature/cfg is required. Full browser codec runtime and all feature subsets are not proven.	"integration-tests = [""server"", ""async_server""]  [target.'cfg(all(target_os = ""wasi"", target_env = ""p3""))'.dependencies] turnloop-io = { workspace = true, optional = true, features = [""wasi-p3-experimental""] } turnloop-wasi-random.workspace = true"	https://github.com/PerryTS/turnloop/blob/a0fbb1bf9a100bb3215219f54301b9ee82ffe71f/protocols/turnloop-mysql/Cargo.toml#L39
protocols/turnloop-mysql/README.md	22	doc-progress	Dropping a pending operation closes its transport before a pool can reuse it.	STILL TRUE — behavior/policy, not open work	Pending means operation/queue/phase state or a reporting rule. Read linked context; no missing implementation inferred.	absolute `turnloop_io::Instant` deadline, shared across authentication, I/O and retries. Callbacks borrow row/reply storage; copy values only when retaining them. Dropping a pending operation closes its transport before a pool can reuse it.  For TLS, set the protocol's TLS mode and provide	https://github.com/PerryTS/turnloop/blob/a0fbb1bf9a100bb3215219f54301b9ee82ffe71f/protocols/turnloop-mysql/README.md#L22
protocols/turnloop-mysql/README.md	115	doc-progress	Per-type dateStrings arrays are not implemented (only the boolean option).	STILL TRUE — scoped statement	Read exact source context. No wider current CI guarantee inferred; see DESIGN_AUDIT.md and REMAINING_WORK.md.	`types::decode` for next(). Callback invocation, field.string/buffer single-use semantics and field.geometry parsing are adapter work, not core callbacks. Per-type dateStrings arrays are not implemented (only the boolean option). BIGINT inside JSON is still host policy. This is documented surface support, not a drop-in mysql2 API.	https://github.com/PerryTS/turnloop/blob/a0fbb1bf9a100bb3215219f54301b9ee82ffe71f/protocols/turnloop-mysql/README.md#L115
protocols/turnloop-mysql/README.md	160	doc-progress	execution is not yet verified; only target compilation has run.	STILL TRUE — limitation or scoped statement	Context says BROWSER runtime, not WASI. Browser SQL codec-only execution is not covered by core WEB tests; raw SQL TCP unavailable.	and pool. Map the browser core loop’s Instant through as_duration/from_duration. The protocol never calls performance.now or std Instant::now. Browser runtime execution is not yet verified; only target compilation has run.  ## Getting started on turnloop	https://github.com/PerryTS/turnloop/blob/a0fbb1bf9a100bb3215219f54301b9ee82ffe71f/protocols/turnloop-mysql/README.md#L160
protocols/turnloop-mysql/README.md	171	doc-progress	Apply `turnloop_io::deadline` using the core's next deadline. Dropping a pending	STILL TRUE — behavior/policy, not open work	Pending means operation/queue/phase state or a reporting rule. Read linked context; no missing implementation inferred.	entropy and TLS-upgrade requests are explicit events; acknowledge them through the core. For an upgrade, `into_parts` preserves the stream, core and unread bytes. Apply `turnloop_io::deadline` using the core's next deadline. Dropping a pending drive future closes the stream and aborts the core; terminal core events remain available for draining. See `turnloop-io` for the shared adapter ownership pattern.	https://github.com/PerryTS/turnloop/blob/a0fbb1bf9a100bb3215219f54301b9ee82ffe71f/protocols/turnloop-mysql/README.md#L171
protocols/turnloop-mysql/examples/turnloop.rs	38	cfg-selection	"#[cfg(not(any(windows, all(target_arch = ""wasm32"", target_os = ""unknown""))))]"	STILL TRUE — example exclusion	Windows and web use no-op example main; underlying Windows adapters still build/test in N-W. Not execution evidence for the example. Browser raw protocol sockets unavailable.	"Ok(()) } #[cfg(not(any(windows, all(target_arch = ""wasm32"", target_os = ""unknown""))))] fn main() -> std::io::Result<()> { use std::{"	https://github.com/PerryTS/turnloop/blob/a0fbb1bf9a100bb3215219f54301b9ee82ffe71f/protocols/turnloop-mysql/examples/turnloop.rs#L38
protocols/turnloop-mysql/examples/turnloop.rs	62	cfg-selection	"#[cfg(any(windows, all(target_arch = ""wasm32"", target_os = ""unknown"")))]"	STILL TRUE — example exclusion	Windows and web use no-op example main; underlying Windows adapters still build/test in N-W. Not execution evidence for the example. Browser raw protocol sockets unavailable.	"} } #[cfg(any(windows, all(target_arch = ""wasm32"", target_os = ""unknown"")))] fn main() { eprintln!("	https://github.com/PerryTS/turnloop/blob/a0fbb1bf9a100bb3215219f54301b9ee82ffe71f/protocols/turnloop-mysql/examples/turnloop.rs#L62
protocols/turnloop-mysql/src/async_pool.rs	66	cfg-selection	"#[cfg(all(target_arch = ""wasm32"", target_os = ""unknown""))]"	STILL TRUE — protocol feature/platform selection	N default/all-feature, PW2/PW3 selected adapters; browser branches avoid std clocks/raw TCP or use host HTTP. p3 entropy shim feature/cfg is required. Full browser codec runtime and all feature subsets are not proven.	"} fn next_deadline(&self) -> Option<Instant> { #[cfg(all(target_arch = ""wasm32"", target_os = ""unknown""))] { self.next_timeout()"	https://github.com/PerryTS/turnloop/blob/a0fbb1bf9a100bb3215219f54301b9ee82ffe71f/protocols/turnloop-mysql/src/async_pool.rs#L66
protocols/turnloop-mysql/src/async_pool.rs	71	cfg-selection	"#[cfg(not(all(target_arch = ""wasm32"", target_os = ""unknown"")))]"	STILL TRUE — protocol feature/platform selection	N default/all-feature, PW2/PW3 selected adapters; browser branches avoid std clocks/raw TCP or use host HTTP. p3 entropy shim feature/cfg is required. Full browser codec runtime and all feature subsets are not proven.	".map(|t| Instant::from_duration(t.as_duration())) } #[cfg(not(all(target_arch = ""wasm32"", target_os = ""unknown"")))] { self.next_timeout()"	https://github.com/PerryTS/turnloop/blob/a0fbb1bf9a100bb3215219f54301b9ee82ffe71f/protocols/turnloop-mysql/src/async_pool.rs#L71
protocols/turnloop-mysql/src/asynchronous.rs	38	cfg-selection	#[cfg(test)]	STILL TRUE — protocol feature/platform selection	N default/all-feature, PW2/PW3 selected adapters; browser branches avoid std clocks/raw TCP or use host HTTP. p3 entropy shim feature/cfg is required. Full browser codec runtime and all feature subsets are not proven.	}  #[cfg(test)] mod tests { use super::*;	https://github.com/PerryTS/turnloop/blob/a0fbb1bf9a100bb3215219f54301b9ee82ffe71f/protocols/turnloop-mysql/src/asynchronous.rs#L38
protocols/turnloop-mysql/src/client.rs	22	cfg-selection	"#[cfg(all(target_arch = ""wasm32"", target_os = ""unknown""))]"	STILL TRUE — protocol feature/platform selection	N default/all-feature, PW2/PW3 selected adapters; browser branches avoid std clocks/raw TCP or use host HTTP. p3 entropy shim feature/cfg is required. Full browser codec runtime and all feature subsets are not proven.	"} pub(super) fn time(now: Instant) -> crate::Instant { #[cfg(all(target_arch = ""wasm32"", target_os = ""unknown""))] { crate::Instant::from_duration(now.as_duration())"	https://github.com/PerryTS/turnloop/blob/a0fbb1bf9a100bb3215219f54301b9ee82ffe71f/protocols/turnloop-mysql/src/client.rs#L22
protocols/turnloop-mysql/src/client.rs	26	cfg-selection	"#[cfg(not(all(target_arch = ""wasm32"", target_os = ""unknown"")))]"	STILL TRUE — protocol feature/platform selection	N default/all-feature, PW2/PW3 selected adapters; browser branches avoid std clocks/raw TCP or use host HTTP. p3 entropy shim feature/cfg is required. Full browser codec runtime and all feature subsets are not proven.	"crate::Instant::from_duration(now.as_duration()) } #[cfg(not(all(target_arch = ""wasm32"", target_os = ""unknown"")))] { now"	https://github.com/PerryTS/turnloop/blob/a0fbb1bf9a100bb3215219f54301b9ee82ffe71f/protocols/turnloop-mysql/src/client.rs#L26
protocols/turnloop-mysql/src/client.rs	151	unsupported	io::ErrorKind::Unsupported,	STILL TRUE — adapter capability restriction	Read enclosing branch: browser raw TCP is unavailable; TLS channel-binding algorithm absence or host RSA/decryption restrictions are explicit errors. I15 compatibility scope.	"Event::LocalInfile { .. } => { return Err(io::Error::new( io::ErrorKind::Unsupported, ""LOCAL INFILE needs an explicit source"", ));"	https://github.com/PerryTS/turnloop/blob/a0fbb1bf9a100bb3215219f54301b9ee82ffe71f/protocols/turnloop-mysql/src/client.rs#L151
protocols/turnloop-mysql/src/codec.rs	191	cfg-selection	#[cfg(test)]	STILL TRUE — protocol feature/platform selection	N default/all-feature, PW2/PW3 selected adapters; browser branches avoid std clocks/raw TCP or use host HTTP. p3 entropy shim feature/cfg is required. Full browser codec runtime and all feature subsets are not proven.	} } #[cfg(test)] mod tests { use super::*;	https://github.com/PerryTS/turnloop/blob/a0fbb1bf9a100bb3215219f54301b9ee82ffe71f/protocols/turnloop-mysql/src/codec.rs#L191
protocols/turnloop-mysql/src/host_time.rs	2	unsupported	//! constructed there without the unsupported std clock. This matches the core	STILL TRUE — protocol validation/scope	Unsupported version/auth plugin/column/URL/ALPN/coding/TXT/SCRAM extension is rejected explicitly; not every protocol extension is required. Match agreed Perry compatibility scope in I15.	//! Browser timestamps must be supplied by the host. std::Instant cannot be //! constructed there without the unsupported std clock. This matches the core //! lane's duration-based web Instant and requires no browser imports or I/O. use std::{ops::Add, time::Duration};	https://github.com/PerryTS/turnloop/blob/a0fbb1bf9a100bb3215219f54301b9ee82ffe71f/protocols/turnloop-mysql/src/host_time.rs#L2
protocols/turnloop-mysql/src/lib.rs	11	cfg-selection	"#[cfg(all(target_os = ""wasi"", target_env = ""p3""))]"	STILL TRUE — protocol feature/platform selection	N default/all-feature, PW2/PW3 selected adapters; browser branches avoid std clocks/raw TCP or use host HTTP. p3 entropy shim feature/cfg is required. Full browser codec runtime and all feature subsets are not proven.	"#![forbid(unsafe_code)] //! Pull-driven MySQL protocol. The host owns transport, entropy, time and JS conversion. #[cfg(all(target_os = ""wasi"", target_env = ""p3""))] use turnloop_wasi_random as _; "	https://github.com/PerryTS/turnloop/blob/a0fbb1bf9a100bb3215219f54301b9ee82ffe71f/protocols/turnloop-mysql/src/lib.rs#L11
protocols/turnloop-mysql/src/lib.rs	39	cfg-selection	"#[cfg(all(target_arch = ""wasm32"", target_os = ""unknown""))]"	STILL TRUE — protocol feature/platform selection	N default/all-feature, PW2/PW3 selected adapters; browser branches avoid std clocks/raw TCP or use host HTTP. p3 entropy shim feature/cfg is required. Full browser codec runtime and all feature subsets are not proven.	"pub use wire::{Column, ColumnTypeInfo, RawValue, Row, ServerError, error_code};  #[cfg(all(target_arch = ""wasm32"", target_os = ""unknown""))] mod host_time; #[cfg(all(target_arch = ""wasm32"", target_os = ""unknown""))]"	https://github.com/PerryTS/turnloop/blob/a0fbb1bf9a100bb3215219f54301b9ee82ffe71f/protocols/turnloop-mysql/src/lib.rs#L39
protocols/turnloop-mysql/src/lib.rs	41	cfg-selection	"#[cfg(all(target_arch = ""wasm32"", target_os = ""unknown""))]"	STILL TRUE — protocol feature/platform selection	N default/all-feature, PW2/PW3 selected adapters; browser branches avoid std clocks/raw TCP or use host HTTP. p3 entropy shim feature/cfg is required. Full browser codec runtime and all feature subsets are not proven.	"#[cfg(all(target_arch = ""wasm32"", target_os = ""unknown""))] mod host_time; #[cfg(all(target_arch = ""wasm32"", target_os = ""unknown""))] pub use host_time::Instant; #[cfg(not(all(target_arch = ""wasm32"", target_os = ""unknown"")))]"	https://github.com/PerryTS/turnloop/blob/a0fbb1bf9a100bb3215219f54301b9ee82ffe71f/protocols/turnloop-mysql/src/lib.rs#L41
protocols/turnloop-mysql/src/lib.rs	43	cfg-selection	"#[cfg(not(all(target_arch = ""wasm32"", target_os = ""unknown"")))]"	STILL TRUE — protocol feature/platform selection	N default/all-feature, PW2/PW3 selected adapters; browser branches avoid std clocks/raw TCP or use host HTTP. p3 entropy shim feature/cfg is required. Full browser codec runtime and all feature subsets are not proven.	"#[cfg(all(target_arch = ""wasm32"", target_os = ""unknown""))] pub use host_time::Instant; #[cfg(not(all(target_arch = ""wasm32"", target_os = ""unknown"")))] pub use std::time::Instant; "	https://github.com/PerryTS/turnloop/blob/a0fbb1bf9a100bb3215219f54301b9ee82ffe71f/protocols/turnloop-mysql/src/lib.rs#L43
protocols/turnloop-mysql/src/lib.rs	330	unsupported	"_ => return Err(Error::Protocol(""unsupported authentication plugin"")),"	STILL TRUE — protocol validation/scope	Unsupported version/auth plugin/column/URL/ALPN/coding/TXT/SCRAM extension is rejected explicitly; not every protocol extension is required. Match agreed Perry compatibility scope in I15.	"} } _ => return Err(Error::Protocol(""unsupported authentication plugin"")), } Ok(())"	https://github.com/PerryTS/turnloop/blob/a0fbb1bf9a100bb3215219f54301b9ee82ffe71f/protocols/turnloop-mysql/src/lib.rs#L330
protocols/turnloop-mysql/src/lib.rs	703	unsupported	"return Err(Error::Protocol(""unsupported handshake version""));"	STILL TRUE — protocol validation/scope	Unsupported version/auth plugin/column/URL/ALPN/coding/TXT/SCRAM extension is rejected explicitly; not every protocol extension is required. Match agreed Perry compatibility scope in I15.	"let h = HandshakePacket::deserialize((), &mut ParseBuf(&self.packet))?; if h.protocol_version() != 10 { return Err(Error::Protocol(""unsupported handshake version"")); } self.connection_id = h.connection_id();"	https://github.com/PerryTS/turnloop/blob/a0fbb1bf9a100bb3215219f54301b9ee82ffe71f/protocols/turnloop-mysql/src/lib.rs#L703
protocols/turnloop-mysql/src/lib.rs	988	cfg-selection	"#[cfg(feature = ""turnloop"")]"	STILL TRUE — protocol feature/platform selection	N default/all-feature, PW2/PW3 selected adapters; browser branches avoid std clocks/raw TCP or use host HTTP. p3 entropy shim feature/cfg is required. Full browser codec runtime and all feature subsets are not proven.	"}  #[cfg(feature = ""turnloop"")] pub mod asynchronous;"	https://github.com/PerryTS/turnloop/blob/a0fbb1bf9a100bb3215219f54301b9ee82ffe71f/protocols/turnloop-mysql/src/lib.rs#L988
protocols/turnloop-mysql/src/pool.rs	470	cfg-selection	#[cfg(test)]	STILL TRUE — protocol feature/platform selection	N default/all-feature, PW2/PW3 selected adapters; browser branches avoid std clocks/raw TCP or use host HTTP. p3 entropy shim feature/cfg is required. Full browser codec runtime and all feature subsets are not proven.	} } #[cfg(test)] mod tests { use super::*;	https://github.com/PerryTS/turnloop/blob/a0fbb1bf9a100bb3215219f54301b9ee82ffe71f/protocols/turnloop-mysql/src/pool.rs#L470
protocols/turnloop-mysql/src/pool.rs	475	cfg-selection	"#[cfg(not(all(target_arch = ""wasm32"", target_os = ""unknown"")))]"	STILL TRUE — protocol feature/platform selection	N default/all-feature, PW2/PW3 selected adapters; browser branches avoid std clocks/raw TCP or use host HTTP. p3 entropy shim feature/cfg is required. Full browser codec runtime and all feature subsets are not proven.	"#[test] fn fifo_timeouts_reuse_and_stale_release() { #[cfg(not(all(target_arch = ""wasm32"", target_os = ""unknown"")))] let now = Instant::now(); #[cfg(all(target_arch = ""wasm32"", target_os = ""unknown""))]"	https://github.com/PerryTS/turnloop/blob/a0fbb1bf9a100bb3215219f54301b9ee82ffe71f/protocols/turnloop-mysql/src/pool.rs#L475
protocols/turnloop-mysql/src/pool.rs	477	cfg-selection	"#[cfg(all(target_arch = ""wasm32"", target_os = ""unknown""))]"	STILL TRUE — protocol feature/platform selection	N default/all-feature, PW2/PW3 selected adapters; browser branches avoid std clocks/raw TCP or use host HTTP. p3 entropy shim feature/cfg is required. Full browser codec runtime and all feature subsets are not proven.	"#[cfg(not(all(target_arch = ""wasm32"", target_os = ""unknown"")))] let now = Instant::now(); #[cfg(all(target_arch = ""wasm32"", target_os = ""unknown""))] let now = Instant::from_duration(std::time::Duration::ZERO); let mut p = Pool::new(Config {"	https://github.com/PerryTS/turnloop/blob/a0fbb1bf9a100bb3215219f54301b9ee82ffe71f/protocols/turnloop-mysql/src/pool.rs#L477
protocols/turnloop-mysql/src/pool.rs	529	cfg-selection	"#[cfg(not(all(target_arch = ""wasm32"", target_os = ""unknown"")))]"	STILL TRUE — protocol feature/platform selection	N default/all-feature, PW2/PW3 selected adapters; browser branches avoid std clocks/raw TCP or use host HTTP. p3 entropy shim feature/cfg is required. Full browser codec runtime and all feature subsets are not proven.	"#[test] fn connect_timeout_and_late_success_do_not_acquire() { #[cfg(not(all(target_arch = ""wasm32"", target_os = ""unknown"")))] let now = Instant::now(); #[cfg(all(target_arch = ""wasm32"", target_os = ""unknown""))]"	https://github.com/PerryTS/turnloop/blob/a0fbb1bf9a100bb3215219f54301b9ee82ffe71f/protocols/turnloop-mysql/src/pool.rs#L529
protocols/turnloop-mysql/src/pool.rs	531	cfg-selection	"#[cfg(all(target_arch = ""wasm32"", target_os = ""unknown""))]"	STILL TRUE — protocol feature/platform selection	N default/all-feature, PW2/PW3 selected adapters; browser branches avoid std clocks/raw TCP or use host HTTP. p3 entropy shim feature/cfg is required. Full browser codec runtime and all feature subsets are not proven.	"#[cfg(not(all(target_arch = ""wasm32"", target_os = ""unknown"")))] let now = Instant::now(); #[cfg(all(target_arch = ""wasm32"", target_os = ""unknown""))] let now = Instant::from_duration(std::time::Duration::ZERO); let mut p = Pool::new(Config::default()).unwrap();"	https://github.com/PerryTS/turnloop/blob/a0fbb1bf9a100bb3215219f54301b9ee82ffe71f/protocols/turnloop-mysql/src/pool.rs#L531
protocols/turnloop-mysql/src/pool.rs	555	cfg-selection	"#[cfg(not(all(target_arch = ""wasm32"", target_os = ""unknown"")))]"	STILL TRUE — protocol feature/platform selection	N default/all-feature, PW2/PW3 selected adapters; browser branches avoid std clocks/raw TCP or use host HTTP. p3 entropy shim feature/cfg is required. Full browser codec runtime and all feature subsets are not proven.	"#[test] fn min_queue_limit_and_end_semantics() { #[cfg(not(all(target_arch = ""wasm32"", target_os = ""unknown"")))] let now = Instant::now(); #[cfg(all(target_arch = ""wasm32"", target_os = ""unknown""))]"	https://github.com/PerryTS/turnloop/blob/a0fbb1bf9a100bb3215219f54301b9ee82ffe71f/protocols/turnloop-mysql/src/pool.rs#L555
protocols/turnloop-mysql/src/pool.rs	557	cfg-selection	"#[cfg(all(target_arch = ""wasm32"", target_os = ""unknown""))]"	STILL TRUE — protocol feature/platform selection	N default/all-feature, PW2/PW3 selected adapters; browser branches avoid std clocks/raw TCP or use host HTTP. p3 entropy shim feature/cfg is required. Full browser codec runtime and all feature subsets are not proven.	"#[cfg(not(all(target_arch = ""wasm32"", target_os = ""unknown"")))] let now = Instant::now(); #[cfg(all(target_arch = ""wasm32"", target_os = ""unknown""))] let now = Instant::from_duration(std::time::Duration::ZERO); let mut p = Pool::new(Config {"	https://github.com/PerryTS/turnloop/blob/a0fbb1bf9a100bb3215219f54301b9ee82ffe71f/protocols/turnloop-mysql/src/pool.rs#L557
protocols/turnloop-mysql/src/types.rs	163	cfg-selection	#[cfg(test)]	STILL TRUE — protocol feature/platform selection	N default/all-feature, PW2/PW3 selected adapters; browser branches avoid std clocks/raw TCP or use host HTTP. p3 entropy shim feature/cfg is required. Full browser codec runtime and all feature subsets are not proven.	}) } #[cfg(test)] mod tests { use super::*;	https://github.com/PerryTS/turnloop/blob/a0fbb1bf9a100bb3215219f54301b9ee82ffe71f/protocols/turnloop-mysql/src/types.rs#L163
protocols/turnloop-mysql/src/wire.rs	88	unsupported	".map_err(|_| Error::Protocol(""unsupported column type""))?;"	STILL TRUE — protocol validation/scope	Unsupported version/auth plugin/column/URL/ALPN/coding/TXT/SCRAM extension is rejected explicitly; not every protocol extension is required. Match agreed Perry compatibility scope in I15.	"let column_length = c.u32()?; let column_type = ColumnType::try_from(c.u8()?) .map_err(|_| Error::Protocol(""unsupported column type""))?; let flags = ColumnFlags::from_bits_truncate(c.u16()?); let decimals = c.u8()?;"	https://github.com/PerryTS/turnloop/blob/a0fbb1bf9a100bb3215219f54301b9ee82ffe71f/protocols/turnloop-mysql/src/wire.rs#L88
protocols/turnloop-mysql/src/wire.rs	169	unsupported	"return Err(Error::Protocol(""unsupported binary column type""));"	STILL TRUE — protocol validation/scope	Unsupported version/auth plugin/column/URL/ALPN/coding/TXT/SCRAM extension is rejected explicitly; not every protocol extension is required. Match agreed Perry compatibility scope in I15.	"} if !matches!(t, 1..=14) { return Err(Error::Protocol(""unsupported binary column type"")); } // Numeric/calendar scalars from mysql_common contain no heap buffers."	https://github.com/PerryTS/turnloop/blob/a0fbb1bf9a100bb3215219f54301b9ee82ffe71f/protocols/turnloop-mysql/src/wire.rs#L169
protocols/turnloop-mysql/tests/async_server.rs	1	cfg-selection	"#![cfg(not(all(target_arch = ""wasm32"", target_os = ""unknown"")))]"	STILL TRUE — protocol test selection	N portable workspace; P selects real suites incl ignored; PW2/PW3 select manifest allowlists and P adds p2 real servers. Native-only/reference-C/Node-peer bodies excluded on wasm; WEB does not execute every protocol codec test. I03/I15.	"#![cfg(not(all(target_arch = ""wasm32"", target_os = ""unknown"")))] use std::{ future::Future,"	https://github.com/PerryTS/turnloop/blob/a0fbb1bf9a100bb3215219f54301b9ee82ffe71f/protocols/turnloop-mysql/tests/async_server.rs#L1
protocols/turnloop-mysql/tests/async_server.rs	59	ignored-test	"#[ignore = ""private MySQL fixture; sandbox initializer crash is UNRUN""]"	STALE as unrun CI claim — runner exists	P includes ignored protocol targets with real fixtures; HTTP also N interop. WASI p2 async_server targets selected in P. Test remains intentionally ignored in ordinary cargo test; see CI evidence.	"fn real_async_tls_rsa_text_binary_multi_results_transactions_pool() {     let ca = std::fs::read(         std::path::PathBuf::from(std::env::var_os(""TURNLOOP_TEST_SQL_TOOLS"").expect(""SQL tools""))"	https://github.com/PerryTS/turnloop/blob/a0fbb1bf9a100bb3215219f54301b9ee82ffe71f/protocols/turnloop-mysql/tests/async_server.rs#L59
protocols/turnloop-mysql/tests/asynchronous.rs	1	cfg-selection	"#![cfg(not(all(target_arch = ""wasm32"", target_os = ""unknown"")))]"	STILL TRUE — protocol test selection	N portable workspace; P selects real suites incl ignored; PW2/PW3 select manifest allowlists and P adds p2 real servers. Native-only/reference-C/Node-peer bodies excluded on wasm; WEB does not execute every protocol codec test. I03/I15.	"#![cfg(not(all(target_arch = ""wasm32"", target_os = ""unknown"")))] #[path = ""../../../crates/turnloop-io/tests/support/count.rs""] mod count;"	https://github.com/PerryTS/turnloop/blob/a0fbb1bf9a100bb3215219f54301b9ee82ffe71f/protocols/turnloop-mysql/tests/asynchronous.rs#L1
protocols/turnloop-mysql/tests/protocol.rs	348	cfg-selection	"#[cfg(not(all(target_arch = ""wasm32"", target_os = ""unknown"")))]"	STILL TRUE — protocol test selection	N portable workspace; P selects real suites incl ignored; PW2/PW3 select manifest allowlists and P adds p2 real servers. Native-only/reference-C/Node-peer bodies excluded on wasm; WEB does not execute every protocol codec test. I03/I15.	"); let mut c = ready(); #[cfg(not(all(target_arch = ""wasm32"", target_os = ""unknown"")))] let now = Instant::now(); #[cfg(all(target_arch = ""wasm32"", target_os = ""unknown""))]"	https://github.com/PerryTS/turnloop/blob/a0fbb1bf9a100bb3215219f54301b9ee82ffe71f/protocols/turnloop-mysql/tests/protocol.rs#L348
protocols/turnloop-mysql/tests/protocol.rs	350	cfg-selection	"#[cfg(all(target_arch = ""wasm32"", target_os = ""unknown""))]"	STILL TRUE — protocol test selection	N portable workspace; P selects real suites incl ignored; PW2/PW3 select manifest allowlists and P adds p2 real servers. Native-only/reference-C/Node-peer bodies excluded on wasm; WEB does not execute every protocol codec test. I03/I15.	"#[cfg(not(all(target_arch = ""wasm32"", target_os = ""unknown"")))] let now = Instant::now(); #[cfg(all(target_arch = ""wasm32"", target_os = ""unknown""))] let now = Instant::from_duration(std::time::Duration::ZERO); c.query(2, ""slow"", Some(now))"	https://github.com/PerryTS/turnloop/blob/a0fbb1bf9a100bb3215219f54301b9ee82ffe71f/protocols/turnloop-mysql/tests/protocol.rs#L350
protocols/turnloop-mysql/tests/server.rs	1	cfg-selection	"#![cfg(not(target_arch = ""wasm32""))]"	STILL TRUE — protocol test selection	N portable workspace; P selects real suites incl ignored; PW2/PW3 select manifest allowlists and P adds p2 real servers. Native-only/reference-C/Node-peer bodies excluded on wasm; WEB does not execute every protocol codec test. I03/I15.	"#![cfg(not(target_arch = ""wasm32""))] #![deny(unsafe_op_in_unsafe_fn)] mod support;"	https://github.com/PerryTS/turnloop/blob/a0fbb1bf9a100bb3215219f54301b9ee82ffe71f/protocols/turnloop-mysql/tests/server.rs#L1
protocols/turnloop-mysql/tests/server.rs	162	ignored-test	"#[ignore = ""requires private MySQL 9.6; use scripts/test-servers.py run""]"	STALE as unrun CI claim — runner exists	P includes ignored protocol targets with real fixtures; HTTP also N interop. WASI p2 async_server targets selected in P. Test remains intentionally ignored in ordinary cargo test; see CI evidence.	fn auth_prepared_transactions_compression_and_infile() {     // Warm both accounts deliberately: this also reproduces CI's earlier TLS     // probe and proves the reset works on repeated runs against the same server.	https://github.com/PerryTS/turnloop/blob/a0fbb1bf9a100bb3215219f54301b9ee82ffe71f/protocols/turnloop-mysql/tests/server.rs#L162
protocols/turnloop-mysql/tests/server.rs	300	ignored-test	"#[ignore = ""requires private MySQL 9.6; use scripts/test-servers.py run""]"	STALE as unrun CI claim — runner exists	P includes ignored protocol targets with real fixtures; HTTP also N interop. WASI p2 async_server targets selected in P. Test remains intentionally ignored in ordinary cargo test; see CI evidence.	"fn common_column_types_and_binary_null_bitmap() {     let mut d = Driver::connect(""sql_user"", false, false, false);     let r=d.query(""CREATE TEMPORARY TABLE types_fixture (id TINYINT, n BIGINT UNSIGNED, deci DECIMAL(30,4), d DATE, dt DATETIME(6), j JSON, b BLOB, s VARCHAR(30), f DOUBLE); INSERT INTO types_fixture VALUES (1,18446744073709551615,12345678901234567890.2300,'2026-09-14','2026-09-14 12:34:56.123456','{\""x\"":1}',X'00FF','hello',1.25)"");"	https://github.com/PerryTS/turnloop/blob/a0fbb1bf9a100bb3215219f54301b9ee82ffe71f/protocols/turnloop-mysql/tests/server.rs#L300
protocols/turnloop-mysql/tests/server.rs	348	ignored-test	"#[ignore = ""requires private MySQL 9.6; use scripts/test-servers.py run""]"	STALE as unrun CI claim — runner exists	P includes ignored protocol targets with real fixtures; HTTP also N interop. WASI p2 async_server targets selected in P. Test remains intentionally ignored in ordinary cargo test; see CI evidence.	fn pool_reuses_real_session_and_closes_on_end() {     use turnloop_mysql::pool::{Config, Event, Pool};     let now = std::time::Instant::now();	https://github.com/PerryTS/turnloop/blob/a0fbb1bf9a100bb3215219f54301b9ee82ffe71f/protocols/turnloop-mysql/tests/server.rs#L348
protocols/turnloop-postgres/Cargo.toml	20	cfg-selection	"[target.'cfg(not(target_arch = ""wasm32""))'.dev-dependencies]"	STILL TRUE — protocol feature/platform selection	N default/all-feature, PW2/PW3 selected adapters; browser branches avoid std clocks/raw TCP or use host HTTP. p3 entropy shim feature/cfg is required. Full browser codec runtime and all feature subsets are not proven.	"postgres-protocol.workspace = true  [target.'cfg(not(target_arch = ""wasm32""))'.dev-dependencies] rustls.workspace = true "	https://github.com/PerryTS/turnloop/blob/a0fbb1bf9a100bb3215219f54301b9ee82ffe71f/protocols/turnloop-postgres/Cargo.toml#L20
protocols/turnloop-postgres/Cargo.toml	24	cfg-selection	"[target.'cfg(all(target_arch = ""wasm32"", target_os = ""unknown""))'.dependencies]"	STILL TRUE — protocol feature/platform selection	N default/all-feature, PW2/PW3 selected adapters; browser branches avoid std clocks/raw TCP or use host HTTP. p3 entropy shim feature/cfg is required. Full browser codec runtime and all feature subsets are not proven.	"  [target.'cfg(all(target_arch = ""wasm32"", target_os = ""unknown""))'.dependencies] postgres-protocol = { workspace = true, features = [""js""] } "	https://github.com/PerryTS/turnloop/blob/a0fbb1bf9a100bb3215219f54301b9ee82ffe71f/protocols/turnloop-postgres/Cargo.toml#L24
protocols/turnloop-postgres/Cargo.toml	44	cfg-selection	"[target.'cfg(all(target_os = ""wasi"", target_env = ""p3""))'.dependencies]"	STILL TRUE — protocol feature/platform selection	N default/all-feature, PW2/PW3 selected adapters; browser branches avoid std clocks/raw TCP or use host HTTP. p3 entropy shim feature/cfg is required. Full browser codec runtime and all feature subsets are not proven.	"turnloop-tls.workspace = true  [target.'cfg(all(target_os = ""wasi"", target_env = ""p3""))'.dependencies] turnloop-io = { workspace = true, optional = true, features = [""wasi-p3-experimental""] } turnloop-wasi-random.workspace = true"	https://github.com/PerryTS/turnloop/blob/a0fbb1bf9a100bb3215219f54301b9ee82ffe71f/protocols/turnloop-postgres/Cargo.toml#L44
protocols/turnloop-postgres/README.md	22	doc-progress	Dropping a pending operation closes its transport before a pool can reuse it.	STILL TRUE — behavior/policy, not open work	Pending means operation/queue/phase state or a reporting rule. Read linked context; no missing implementation inferred.	absolute `turnloop_io::Instant` deadline, shared across authentication, I/O and retries. Callbacks borrow row/reply storage; copy values only when retaining them. Dropping a pending operation closes its transport before a pool can reuse it.  For TLS, set the protocol's TLS mode and provide	https://github.com/PerryTS/turnloop/blob/a0fbb1bf9a100bb3215219f54301b9ee82ffe71f/protocols/turnloop-postgres/README.md#L22
protocols/turnloop-postgres/README.md	147	doc-progress	RX/TX buffers and pending queues retain capacity. Borrowed rows and metadata	STILL TRUE — behavior/policy, not open work	Pending means operation/queue/phase state or a reporting rule. Read linked context; no missing implementation inferred.	behavior and allowExitOnIdle/ref-unref. This is not a JS Pool wrapper.  RX/TX buffers and pending queues retain capacity. Borrowed rows and metadata allocate nothing; named registration, SCRAM/startup, pool growth and owned result materialization can allocate. Bytea text decoding, binary UUID/numeric, arrays	https://github.com/PerryTS/turnloop/blob/a0fbb1bf9a100bb3215219f54301b9ee82ffe71f/protocols/turnloop-postgres/README.md#L147
protocols/turnloop-postgres/README.md	172	doc-progress	execution is not yet verified; only target compilation has run.	STILL TRUE — limitation or scoped statement	Context says BROWSER runtime, not WASI. Browser PG codec-only execution is not covered by core WEB tests; raw PG TCP unavailable.	and pool. Map the browser core loop’s Instant through as_duration/from_duration. The protocol never calls performance.now or std Instant::now. Browser runtime execution is not yet verified; only target compilation has run.  ## Getting started on turnloop	https://github.com/PerryTS/turnloop/blob/a0fbb1bf9a100bb3215219f54301b9ee82ffe71f/protocols/turnloop-postgres/README.md#L172
protocols/turnloop-postgres/README.md	183	doc-progress	Apply `turnloop_io::deadline` using the core's next deadline. Dropping a pending	STILL TRUE — behavior/policy, not open work	Pending means operation/queue/phase state or a reporting rule. Read linked context; no missing implementation inferred.	entropy and TLS-upgrade requests are explicit events; acknowledge them through the core. For an upgrade, `into_parts` preserves the stream, core and unread bytes. Apply `turnloop_io::deadline` using the core's next deadline. Dropping a pending drive future closes the stream and aborts the core; terminal core events remain available for draining. See `turnloop-io` for the shared adapter ownership pattern.	https://github.com/PerryTS/turnloop/blob/a0fbb1bf9a100bb3215219f54301b9ee82ffe71f/protocols/turnloop-postgres/README.md#L183
protocols/turnloop-postgres/README.md	193	doc-progress	one `Outcome::Aborted` per pending token, followed by `Closed`. EOF/abort does not	STILL TRUE — behavior/policy, not open work	Pending means operation/queue/phase state or a reporting rule. Read linked context; no missing implementation inferred.	`Error::ConnectionAborted(ConnectionFailure)`; its `server_error()` view retains SQLSTATE, message and all other fields. Close the transport and drain the core's one `Outcome::Aborted` per pending token, followed by `Closed`. EOF/abort does not replace the original diagnostic. Startup rejection is terminal too. 	https://github.com/PerryTS/turnloop/blob/a0fbb1bf9a100bb3215219f54301b9ee82ffe71f/protocols/turnloop-postgres/README.md#L193
protocols/turnloop-postgres/examples/turnloop.rs	40	cfg-selection	"#[cfg(not(any(windows, all(target_arch = ""wasm32"", target_os = ""unknown""))))]"	STILL TRUE — example exclusion	Windows and web use no-op example main; underlying Windows adapters still build/test in N-W. Not execution evidence for the example. Browser raw protocol sockets unavailable.	"Ok(()) } #[cfg(not(any(windows, all(target_arch = ""wasm32"", target_os = ""unknown""))))] fn main() -> std::io::Result<()> { use std::{"	https://github.com/PerryTS/turnloop/blob/a0fbb1bf9a100bb3215219f54301b9ee82ffe71f/protocols/turnloop-postgres/examples/turnloop.rs#L40
protocols/turnloop-postgres/examples/turnloop.rs	64	cfg-selection	"#[cfg(any(windows, all(target_arch = ""wasm32"", target_os = ""unknown"")))]"	STILL TRUE — example exclusion	Windows and web use no-op example main; underlying Windows adapters still build/test in N-W. Not execution evidence for the example. Browser raw protocol sockets unavailable.	"} } #[cfg(any(windows, all(target_arch = ""wasm32"", target_os = ""unknown"")))] fn main() { eprintln!("	https://github.com/PerryTS/turnloop/blob/a0fbb1bf9a100bb3215219f54301b9ee82ffe71f/protocols/turnloop-postgres/examples/turnloop.rs#L64
protocols/turnloop-postgres/src/async_pool.rs	66	cfg-selection	"#[cfg(all(target_arch = ""wasm32"", target_os = ""unknown""))]"	STILL TRUE — protocol feature/platform selection	N default/all-feature, PW2/PW3 selected adapters; browser branches avoid std clocks/raw TCP or use host HTTP. p3 entropy shim feature/cfg is required. Full browser codec runtime and all feature subsets are not proven.	"} fn next_deadline(&self) -> Option<Instant> { #[cfg(all(target_arch = ""wasm32"", target_os = ""unknown""))] { self.next_timeout()"	https://github.com/PerryTS/turnloop/blob/a0fbb1bf9a100bb3215219f54301b9ee82ffe71f/protocols/turnloop-postgres/src/async_pool.rs#L66
protocols/turnloop-postgres/src/async_pool.rs	71	cfg-selection	"#[cfg(not(all(target_arch = ""wasm32"", target_os = ""unknown"")))]"	STILL TRUE — protocol feature/platform selection	N default/all-feature, PW2/PW3 selected adapters; browser branches avoid std clocks/raw TCP or use host HTTP. p3 entropy shim feature/cfg is required. Full browser codec runtime and all feature subsets are not proven.	".map(|t| Instant::from_duration(t.as_duration())) } #[cfg(not(all(target_arch = ""wasm32"", target_os = ""unknown"")))] { self.next_timeout()"	https://github.com/PerryTS/turnloop/blob/a0fbb1bf9a100bb3215219f54301b9ee82ffe71f/protocols/turnloop-postgres/src/async_pool.rs#L71
protocols/turnloop-postgres/src/asynchronous.rs	38	cfg-selection	#[cfg(test)]	STILL TRUE — protocol feature/platform selection	N default/all-feature, PW2/PW3 selected adapters; browser branches avoid std clocks/raw TCP or use host HTTP. p3 entropy shim feature/cfg is required. Full browser codec runtime and all feature subsets are not proven.	}  #[cfg(test)] mod tests { use super::*;	https://github.com/PerryTS/turnloop/blob/a0fbb1bf9a100bb3215219f54301b9ee82ffe71f/protocols/turnloop-postgres/src/asynchronous.rs#L38
protocols/turnloop-postgres/src/client.rs	14	unsupported	/// the verified TLS leaf; unsupported certificate algorithms use plain SCRAM.	STILL TRUE — protocol validation/scope	Unsupported version/auth plugin/column/URL/ALPN/coding/TXT/SCRAM extension is rejected explicitly; not every protocol extension is required. Match agreed Perry compatibility scope in I15.	pub tls: Option<ClientTls>, /// Override the tls-server-end-point digest. By default it is derived from /// the verified TLS leaf; unsupported certificate algorithms use plain SCRAM. pub channel_binding: Option<Vec<u8>>, }	https://github.com/PerryTS/turnloop/blob/a0fbb1bf9a100bb3215219f54301b9ee82ffe71f/protocols/turnloop-postgres/src/client.rs#L14
protocols/turnloop-postgres/src/client.rs	55	cfg-selection	"#[cfg(all(target_arch = ""wasm32"", target_os = ""unknown""))]"	STILL TRUE — protocol feature/platform selection	N default/all-feature, PW2/PW3 selected adapters; browser branches avoid std clocks/raw TCP or use host HTTP. p3 entropy shim feature/cfg is required. Full browser codec runtime and all feature subsets are not proven.	"} pub(super) fn time(now: Instant) -> crate::Instant { #[cfg(all(target_arch = ""wasm32"", target_os = ""unknown""))] { crate::Instant::from_duration(now.as_duration())"	https://github.com/PerryTS/turnloop/blob/a0fbb1bf9a100bb3215219f54301b9ee82ffe71f/protocols/turnloop-postgres/src/client.rs#L55
protocols/turnloop-postgres/src/client.rs	59	cfg-selection	"#[cfg(not(all(target_arch = ""wasm32"", target_os = ""unknown"")))]"	STILL TRUE — protocol feature/platform selection	N default/all-feature, PW2/PW3 selected adapters; browser branches avoid std clocks/raw TCP or use host HTTP. p3 entropy shim feature/cfg is required. Full browser codec runtime and all feature subsets are not proven.	"crate::Instant::from_duration(now.as_duration()) } #[cfg(not(all(target_arch = ""wasm32"", target_os = ""unknown"")))] { now"	https://github.com/PerryTS/turnloop/blob/a0fbb1bf9a100bb3215219f54301b9ee82ffe71f/protocols/turnloop-postgres/src/client.rs#L59
protocols/turnloop-postgres/src/client.rs	165	unsupported	ChannelBinding::unsupported()	STILL TRUE — protocol validation/scope	Unsupported version/auth plugin/column/URL/ALPN/coding/TXT/SCRAM extension is rejected explicitly; not every protocol extension is required. Match agreed Perry compatibility scope in I15.	) } else { ChannelBinding::unsupported() }; driver	https://github.com/PerryTS/turnloop/blob/a0fbb1bf9a100bb3215219f54301b9ee82ffe71f/protocols/turnloop-postgres/src/client.rs#L165
protocols/turnloop-postgres/src/host_time.rs	2	unsupported	//! constructed there without the unsupported std clock. This matches the core	STILL TRUE — protocol validation/scope	Unsupported version/auth plugin/column/URL/ALPN/coding/TXT/SCRAM extension is rejected explicitly; not every protocol extension is required. Match agreed Perry compatibility scope in I15.	//! Browser timestamps must be supplied by the host. std::Instant cannot be //! constructed there without the unsupported std clock. This matches the core //! lane's duration-based web Instant and requires no browser imports or I/O. use std::{ops::Add, time::Duration};	https://github.com/PerryTS/turnloop/blob/a0fbb1bf9a100bb3215219f54301b9ee82ffe71f/protocols/turnloop-postgres/src/host_time.rs#L2
protocols/turnloop-postgres/src/lib.rs	16	cfg-selection	"#[cfg(all(target_os = ""wasi"", target_env = ""p3""))]"	STILL TRUE — protocol feature/platform selection	N default/all-feature, PW2/PW3 selected adapters; browser branches avoid std clocks/raw TCP or use host HTTP. p3 entropy shim feature/cfg is required. Full browser codec runtime and all feature subsets are not proven.	"//! The host owns sockets, TLS, entropy, time and result materialization.  #[cfg(all(target_os = ""wasi"", target_env = ""p3""))] use turnloop_wasi_random as _; "	https://github.com/PerryTS/turnloop/blob/a0fbb1bf9a100bb3215219f54301b9ee82ffe71f/protocols/turnloop-postgres/src/lib.rs#L16
protocols/turnloop-postgres/src/lib.rs	33	cfg-selection	"#[cfg(all(target_arch = ""wasm32"", target_os = ""unknown""))]"	STILL TRUE — protocol feature/platform selection	N default/all-feature, PW2/PW3 selected adapters; browser branches avoid std clocks/raw TCP or use host HTTP. p3 entropy shim feature/cfg is required. Full browser codec runtime and all feature subsets are not proven.	"pub use wire::{ConnectionFailure, Field, Fields, Row, ServerError};  #[cfg(all(target_arch = ""wasm32"", target_os = ""unknown""))] mod host_time; #[cfg(all(target_arch = ""wasm32"", target_os = ""unknown""))]"	https://github.com/PerryTS/turnloop/blob/a0fbb1bf9a100bb3215219f54301b9ee82ffe71f/protocols/turnloop-postgres/src/lib.rs#L33
protocols/turnloop-postgres/src/lib.rs	35	cfg-selection	"#[cfg(all(target_arch = ""wasm32"", target_os = ""unknown""))]"	STILL TRUE — protocol feature/platform selection	N default/all-feature, PW2/PW3 selected adapters; browser branches avoid std clocks/raw TCP or use host HTTP. p3 entropy shim feature/cfg is required. Full browser codec runtime and all feature subsets are not proven.	"#[cfg(all(target_arch = ""wasm32"", target_os = ""unknown""))] mod host_time; #[cfg(all(target_arch = ""wasm32"", target_os = ""unknown""))] pub use host_time::Instant; #[cfg(not(all(target_arch = ""wasm32"", target_os = ""unknown"")))]"	https://github.com/PerryTS/turnloop/blob/a0fbb1bf9a100bb3215219f54301b9ee82ffe71f/protocols/turnloop-postgres/src/lib.rs#L35
protocols/turnloop-postgres/src/lib.rs	37	cfg-selection	"#[cfg(not(all(target_arch = ""wasm32"", target_os = ""unknown"")))]"	STILL TRUE — protocol feature/platform selection	N default/all-feature, PW2/PW3 selected adapters; browser branches avoid std clocks/raw TCP or use host HTTP. p3 entropy shim feature/cfg is required. Full browser codec runtime and all feature subsets are not proven.	"#[cfg(all(target_arch = ""wasm32"", target_os = ""unknown""))] pub use host_time::Instant; #[cfg(not(all(target_arch = ""wasm32"", target_os = ""unknown"")))] pub use std::time::Instant; "	https://github.com/PerryTS/turnloop/blob/a0fbb1bf9a100bb3215219f54301b9ee82ffe71f/protocols/turnloop-postgres/src/lib.rs#L37
protocols/turnloop-postgres/src/lib.rs	742	unsupported	"return Err(Error::Protocol(""unsupported SASL mechanisms""));"	STILL TRUE — protocol validation/scope	Unsupported version/auth plugin/column/URL/ALPN/coding/TXT/SCRAM extension is rejected explicitly; not every protocol extension is required. Match agreed Perry compatibility scope in I15.	"} if !plus && !plain { return Err(Error::Protocol(""unsupported SASL mechanisms"")); } self.scram_plus = plus;"	https://github.com/PerryTS/turnloop/blob/a0fbb1bf9a100bb3215219f54301b9ee82ffe71f/protocols/turnloop-postgres/src/lib.rs#L742
protocols/turnloop-postgres/src/lib.rs	771	unsupported	"_ => return Err(Error::Protocol(""unsupported authentication method"")),"	STILL TRUE — protocol validation/scope	Unsupported version/auth plugin/column/URL/ALPN/coding/TXT/SCRAM extension is rejected explicitly; not every protocol extension is required. Match agreed Perry compatibility scope in I15.	"scram.finish(c.0)?; } _ => return Err(Error::Protocol(""unsupported authentication method"")), }, b'S' => {"	https://github.com/PerryTS/turnloop/blob/a0fbb1bf9a100bb3215219f54301b9ee82ffe71f/protocols/turnloop-postgres/src/lib.rs#L771
protocols/turnloop-postgres/src/lib.rs	943	cfg-selection	"#[cfg(feature = ""turnloop"")]"	STILL TRUE — protocol feature/platform selection	N default/all-feature, PW2/PW3 selected adapters; browser branches avoid std clocks/raw TCP or use host HTTP. p3 entropy shim feature/cfg is required. Full browser codec runtime and all feature subsets are not proven.	"}  #[cfg(feature = ""turnloop"")] pub mod asynchronous;"	https://github.com/PerryTS/turnloop/blob/a0fbb1bf9a100bb3215219f54301b9ee82ffe71f/protocols/turnloop-postgres/src/lib.rs#L943
protocols/turnloop-postgres/src/pool.rs	470	cfg-selection	#[cfg(test)]	STILL TRUE — protocol feature/platform selection	N default/all-feature, PW2/PW3 selected adapters; browser branches avoid std clocks/raw TCP or use host HTTP. p3 entropy shim feature/cfg is required. Full browser codec runtime and all feature subsets are not proven.	} } #[cfg(test)] mod tests { use super::*;	https://github.com/PerryTS/turnloop/blob/a0fbb1bf9a100bb3215219f54301b9ee82ffe71f/protocols/turnloop-postgres/src/pool.rs#L470
protocols/turnloop-postgres/src/pool.rs	475	cfg-selection	"#[cfg(not(all(target_arch = ""wasm32"", target_os = ""unknown"")))]"	STILL TRUE — protocol feature/platform selection	N default/all-feature, PW2/PW3 selected adapters; browser branches avoid std clocks/raw TCP or use host HTTP. p3 entropy shim feature/cfg is required. Full browser codec runtime and all feature subsets are not proven.	"#[test] fn fifo_timeouts_reuse_and_stale_release() { #[cfg(not(all(target_arch = ""wasm32"", target_os = ""unknown"")))] let now = Instant::now(); #[cfg(all(target_arch = ""wasm32"", target_os = ""unknown""))]"	https://github.com/PerryTS/turnloop/blob/a0fbb1bf9a100bb3215219f54301b9ee82ffe71f/protocols/turnloop-postgres/src/pool.rs#L475
protocols/turnloop-postgres/src/pool.rs	477	cfg-selection	"#[cfg(all(target_arch = ""wasm32"", target_os = ""unknown""))]"	STILL TRUE — protocol feature/platform selection	N default/all-feature, PW2/PW3 selected adapters; browser branches avoid std clocks/raw TCP or use host HTTP. p3 entropy shim feature/cfg is required. Full browser codec runtime and all feature subsets are not proven.	"#[cfg(not(all(target_arch = ""wasm32"", target_os = ""unknown"")))] let now = Instant::now(); #[cfg(all(target_arch = ""wasm32"", target_os = ""unknown""))] let now = Instant::from_duration(std::time::Duration::ZERO); let mut p = Pool::new(Config {"	https://github.com/PerryTS/turnloop/blob/a0fbb1bf9a100bb3215219f54301b9ee82ffe71f/protocols/turnloop-postgres/src/pool.rs#L477
protocols/turnloop-postgres/src/pool.rs	529	cfg-selection	"#[cfg(not(all(target_arch = ""wasm32"", target_os = ""unknown"")))]"	STILL TRUE — protocol feature/platform selection	N default/all-feature, PW2/PW3 selected adapters; browser branches avoid std clocks/raw TCP or use host HTTP. p3 entropy shim feature/cfg is required. Full browser codec runtime and all feature subsets are not proven.	"#[test] fn connect_timeout_and_late_success_do_not_acquire() { #[cfg(not(all(target_arch = ""wasm32"", target_os = ""unknown"")))] let now = Instant::now(); #[cfg(all(target_arch = ""wasm32"", target_os = ""unknown""))]"	https://github.com/PerryTS/turnloop/blob/a0fbb1bf9a100bb3215219f54301b9ee82ffe71f/protocols/turnloop-postgres/src/pool.rs#L529
protocols/turnloop-postgres/src/pool.rs	531	cfg-selection	"#[cfg(all(target_arch = ""wasm32"", target_os = ""unknown""))]"	STILL TRUE — protocol feature/platform selection	N default/all-feature, PW2/PW3 selected adapters; browser branches avoid std clocks/raw TCP or use host HTTP. p3 entropy shim feature/cfg is required. Full browser codec runtime and all feature subsets are not proven.	"#[cfg(not(all(target_arch = ""wasm32"", target_os = ""unknown"")))] let now = Instant::now(); #[cfg(all(target_arch = ""wasm32"", target_os = ""unknown""))] let now = Instant::from_duration(std::time::Duration::ZERO); let mut p = Pool::new(Config::default()).unwrap();"	https://github.com/PerryTS/turnloop/blob/a0fbb1bf9a100bb3215219f54301b9ee82ffe71f/protocols/turnloop-postgres/src/pool.rs#L531
protocols/turnloop-postgres/src/pool.rs	555	cfg-selection	"#[cfg(not(all(target_arch = ""wasm32"", target_os = ""unknown"")))]"	STILL TRUE — protocol feature/platform selection	N default/all-feature, PW2/PW3 selected adapters; browser branches avoid std clocks/raw TCP or use host HTTP. p3 entropy shim feature/cfg is required. Full browser codec runtime and all feature subsets are not proven.	"#[test] fn min_queue_limit_and_end_semantics() { #[cfg(not(all(target_arch = ""wasm32"", target_os = ""unknown"")))] let now = Instant::now(); #[cfg(all(target_arch = ""wasm32"", target_os = ""unknown""))]"	https://github.com/PerryTS/turnloop/blob/a0fbb1bf9a100bb3215219f54301b9ee82ffe71f/protocols/turnloop-postgres/src/pool.rs#L555
protocols/turnloop-postgres/src/pool.rs	557	cfg-selection	"#[cfg(all(target_arch = ""wasm32"", target_os = ""unknown""))]"	STILL TRUE — protocol feature/platform selection	N default/all-feature, PW2/PW3 selected adapters; browser branches avoid std clocks/raw TCP or use host HTTP. p3 entropy shim feature/cfg is required. Full browser codec runtime and all feature subsets are not proven.	"#[cfg(not(all(target_arch = ""wasm32"", target_os = ""unknown"")))] let now = Instant::now(); #[cfg(all(target_arch = ""wasm32"", target_os = ""unknown""))] let now = Instant::from_duration(std::time::Duration::ZERO); let mut p = Pool::new(Config {"	https://github.com/PerryTS/turnloop/blob/a0fbb1bf9a100bb3215219f54301b9ee82ffe71f/protocols/turnloop-postgres/src/pool.rs#L557
protocols/turnloop-postgres/src/types.rs	164	unsupported	"return Err(Error::Protocol(""unsupported jsonb version""));"	STILL TRUE — protocol validation/scope	Unsupported version/auth plugin/column/URL/ALPN/coding/TXT/SCRAM extension is rejected explicitly; not every protocol extension is required. Match agreed Perry compatibility scope in I15.	"3802 => { if c.u8()? != 1 { return Err(Error::Protocol(""unsupported jsonb version"")); } let s = text(c.0)?;"	https://github.com/PerryTS/turnloop/blob/a0fbb1bf9a100bb3215219f54301b9ee82ffe71f/protocols/turnloop-postgres/src/types.rs#L164
protocols/turnloop-postgres/src/types.rs	437	cfg-selection	#[cfg(test)]	STILL TRUE — protocol feature/platform selection	N default/all-feature, PW2/PW3 selected adapters; browser branches avoid std clocks/raw TCP or use host HTTP. p3 entropy shim feature/cfg is required. Full browser codec runtime and all feature subsets are not proven.	}  #[cfg(test)] mod tests { use super::*;	https://github.com/PerryTS/turnloop/blob/a0fbb1bf9a100bb3215219f54301b9ee82ffe71f/protocols/turnloop-postgres/src/types.rs#L437
protocols/turnloop-postgres/tests/async_server.rs	1	cfg-selection	"#![cfg(not(all(target_arch = ""wasm32"", target_os = ""unknown"")))]"	STILL TRUE — protocol test selection	N portable workspace; P selects real suites incl ignored; PW2/PW3 select manifest allowlists and P adds p2 real servers. Native-only/reference-C/Node-peer bodies excluded on wasm; WEB does not execute every protocol codec test. I03/I15.	"#![cfg(not(all(target_arch = ""wasm32"", target_os = ""unknown"")))] use std::{ future::Future,"	https://github.com/PerryTS/turnloop/blob/a0fbb1bf9a100bb3215219f54301b9ee82ffe71f/protocols/turnloop-postgres/tests/async_server.rs#L1
protocols/turnloop-postgres/tests/async_server.rs	59	ignored-test	"#[ignore = ""private PostgreSQL fixture; sandbox shmget is UNRUN""]"	STALE as unrun CI claim — runner exists	P includes ignored protocol targets with real fixtures; HTTP also N interop. WASI p2 async_server targets selected in P. Test remains intentionally ignored in ordinary cargo test; see CI evidence.	"fn real_async_tls_queries_copy_cancel_pool_and_connection_kill() {     let ca = std::fs::read(         std::path::PathBuf::from(std::env::var_os(""TURNLOOP_TEST_SQL_TOOLS"").expect(""SQL tools""))"	https://github.com/PerryTS/turnloop/blob/a0fbb1bf9a100bb3215219f54301b9ee82ffe71f/protocols/turnloop-postgres/tests/async_server.rs#L59
protocols/turnloop-postgres/tests/async_server.rs	274	ignored-test	"#[ignore = ""private PostgreSQL fixture; sandbox shmget is UNRUN""]"	STALE as unrun CI claim — runner exists	P includes ignored protocol targets with real fixtures; HTTP also N interop. WASI p2 async_server targets selected in P. Test remains intentionally ignored in ordinary cargo test; see CI evidence.	"fn real_async_required_channel_binding_authenticates_over_ssl() {     let ca = std::fs::read(         std::path::PathBuf::from(std::env::var_os(""TURNLOOP_TEST_SQL_TOOLS"").expect(""SQL tools""))"	https://github.com/PerryTS/turnloop/blob/a0fbb1bf9a100bb3215219f54301b9ee82ffe71f/protocols/turnloop-postgres/tests/async_server.rs#L274
protocols/turnloop-postgres/tests/asynchronous.rs	1	cfg-selection	"#![cfg(not(all(target_arch = ""wasm32"", target_os = ""unknown"")))]"	STILL TRUE — protocol test selection	N portable workspace; P selects real suites incl ignored; PW2/PW3 select manifest allowlists and P adds p2 real servers. Native-only/reference-C/Node-peer bodies excluded on wasm; WEB does not execute every protocol codec test. I03/I15.	"#![cfg(not(all(target_arch = ""wasm32"", target_os = ""unknown"")))] #[path = ""../../../crates/turnloop-io/tests/support/count.rs""] mod count;"	https://github.com/PerryTS/turnloop/blob/a0fbb1bf9a100bb3215219f54301b9ee82ffe71f/protocols/turnloop-postgres/tests/asynchronous.rs#L1
protocols/turnloop-postgres/tests/asynchronous.rs	350	unsupported	Unsupported,	STILL TRUE — test/spike capability assertion	Negative test, mock provider, or historical spike. Passing rejection proves the error/cleanup subject, not successful unsupported I/O.	Derived, Override, Unsupported, RequiredUnsupported, Required,	https://github.com/PerryTS/turnloop/blob/a0fbb1bf9a100bb3215219f54301b9ee82ffe71f/protocols/turnloop-postgres/tests/asynchronous.rs#L350
protocols/turnloop-postgres/tests/asynchronous.rs	468	unsupported	BindingCase::Unsupported,	STILL TRUE — test/spike capability assertion	Negative test, mock provider, or historical spike. Passing rejection proves the error/cleanup subject, not successful unsupported I/O.	BindingCase::Derived, BindingCase::Override, BindingCase::Unsupported, BindingCase::RequiredUnsupported, BindingCase::Required,	https://github.com/PerryTS/turnloop/blob/a0fbb1bf9a100bb3215219f54301b9ee82ffe71f/protocols/turnloop-postgres/tests/asynchronous.rs#L468
protocols/turnloop-postgres/tests/asynchronous.rs	472	unsupported	let unsupported = matches!(	STILL TRUE — test/spike capability assertion	Negative test, mock provider, or historical spike. Passing rejection proves the error/cleanup subject, not successful unsupported I/O.	BindingCase::Required, ] { let unsupported = matches!( case, BindingCase::Unsupported | BindingCase::RequiredUnsupported	https://github.com/PerryTS/turnloop/blob/a0fbb1bf9a100bb3215219f54301b9ee82ffe71f/protocols/turnloop-postgres/tests/asynchronous.rs#L472
protocols/turnloop-postgres/tests/asynchronous.rs	474	unsupported	BindingCase::Unsupported | BindingCase::RequiredUnsupported	STILL TRUE — test/spike capability assertion	Negative test, mock provider, or historical spike. Passing rejection proves the error/cleanup subject, not successful unsupported I/O.	let unsupported = matches!( case, BindingCase::Unsupported | BindingCase::RequiredUnsupported ); let key = rcgen::KeyPair::generate_for(if unsupported {	https://github.com/PerryTS/turnloop/blob/a0fbb1bf9a100bb3215219f54301b9ee82ffe71f/protocols/turnloop-postgres/tests/asynchronous.rs#L474
protocols/turnloop-postgres/tests/asynchronous.rs	476	unsupported	let key = rcgen::KeyPair::generate_for(if unsupported {	STILL TRUE — test/spike capability assertion	Negative test, mock provider, or historical spike. Passing rejection proves the error/cleanup subject, not successful unsupported I/O.	BindingCase::Unsupported | BindingCase::RequiredUnsupported ); let key = rcgen::KeyPair::generate_for(if unsupported { &rcgen::PKCS_ED25519 } else {	https://github.com/PerryTS/turnloop/blob/a0fbb1bf9a100bb3215219f54301b9ee82ffe71f/protocols/turnloop-postgres/tests/asynchronous.rs#L476
protocols/turnloop-postgres/tests/asynchronous.rs	490	unsupported	BindingCase::Unsupported | BindingCase::RequiredUnsupported => None,	STILL TRUE — test/spike capability assertion	Negative test, mock provider, or historical spike. Passing rejection proves the error/cleanup subject, not successful unsupported I/O.	let binding = match case { BindingCase::Override => Some(vec![0xa5; 48]), BindingCase::Unsupported | BindingCase::RequiredUnsupported => None, _ => Some(expected_digest.to_vec()), };	https://github.com/PerryTS/turnloop/blob/a0fbb1bf9a100bb3215219f54301b9ee82ffe71f/protocols/turnloop-postgres/tests/asynchronous.rs#L490
protocols/turnloop-postgres/tests/asynchronous.rs	549	unsupported	if unsupported {	STILL TRUE — test/spike capability assertion	Negative test, mock provider, or historical spike. Passing rejection proves the error/cleanup subject, not successful unsupported I/O.	for _ in 0..1000 { let digest = turnloop_tls::tls_server_end_point(der.as_ref()); if unsupported { assert!(digest.is_none()); } else {	https://github.com/PerryTS/turnloop/blob/a0fbb1bf9a100bb3215219f54301b9ee82ffe71f/protocols/turnloop-postgres/tests/asynchronous.rs#L549
protocols/turnloop-postgres/tests/protocol.rs	160	cfg-selection	"#[cfg(not(all(target_arch = ""wasm32"", target_os = ""unknown"")))]"	STILL TRUE — protocol test selection	N portable workspace; P selects real suites incl ignored; PW2/PW3 select manifest allowlists and P adds p2 real servers. Native-only/reference-C/Node-peer bodies excluded on wasm; WEB does not execute every protocol codec test. I03/I15.	"); assert_eq!(c.pending_count(), 0); #[cfg(not(all(target_arch = ""wasm32"", target_os = ""unknown"")))] let now = Instant::now(); #[cfg(all(target_arch = ""wasm32"", target_os = ""unknown""))]"	https://github.com/PerryTS/turnloop/blob/a0fbb1bf9a100bb3215219f54301b9ee82ffe71f/protocols/turnloop-postgres/tests/protocol.rs#L160
protocols/turnloop-postgres/tests/protocol.rs	162	cfg-selection	"#[cfg(all(target_arch = ""wasm32"", target_os = ""unknown""))]"	STILL TRUE — protocol test selection	N portable workspace; P selects real suites incl ignored; PW2/PW3 select manifest allowlists and P adds p2 real servers. Native-only/reference-C/Node-peer bodies excluded on wasm; WEB does not execute every protocol codec test. I03/I15.	"#[cfg(not(all(target_arch = ""wasm32"", target_os = ""unknown"")))] let now = Instant::now(); #[cfg(all(target_arch = ""wasm32"", target_os = ""unknown""))] let now = Instant::from_duration(std::time::Duration::ZERO); c.query(13, ""slow"", Some(now + Duration::from_secs(1)))"	https://github.com/PerryTS/turnloop/blob/a0fbb1bf9a100bb3215219f54301b9ee82ffe71f/protocols/turnloop-postgres/tests/protocol.rs#L162
protocols/turnloop-postgres/tests/protocol.rs	343	unsupported	ChannelBinding::unsupported()	STILL TRUE — test/spike capability assertion	Negative test, mock provider, or historical spike. Passing rejection proves the error/cleanup subject, not successful unsupported I/O.	"ChannelBinding::tls_server_end_point(vec![7; 32]) } else { ChannelBinding::unsupported() }; let scram = ScramSha256::new(b""secret"", binding);"	https://github.com/PerryTS/turnloop/blob/a0fbb1bf9a100bb3215219f54301b9ee82ffe71f/protocols/turnloop-postgres/tests/protocol.rs#L343
protocols/turnloop-postgres/tests/protocol.rs	495	unsupported	"Error::Protocol(""unsupported SASL mechanisms"")"	STILL TRUE — test/spike capability assertion	Negative test, mock provider, or historical spike. Passing rejection proves the error/cleanup subject, not successful unsupported I/O.	"assert_eq!( c.next_event().expect_err(""no usable mechanism""), Error::Protocol(""unsupported SASL mechanisms"") ); } else {"	https://github.com/PerryTS/turnloop/blob/a0fbb1bf9a100bb3215219f54301b9ee82ffe71f/protocols/turnloop-postgres/tests/protocol.rs#L495
protocols/turnloop-postgres/tests/protocol.rs	505	unsupported	ChannelBinding::unsupported()	STILL TRUE — test/spike capability assertion	Negative test, mock provider, or historical spike. Passing rejection proves the error/cleanup subject, not successful unsupported I/O.	"ChannelBinding::tls_server_end_point(vec![1; 32]) } else { ChannelBinding::unsupported() }; c.start_scram(ScramSha256::new(b""secret"", binding))"	https://github.com/PerryTS/turnloop/blob/a0fbb1bf9a100bb3215219f54301b9ee82ffe71f/protocols/turnloop-postgres/tests/protocol.rs#L505
protocols/turnloop-postgres/tests/protocol.rs	587	unsupported	"c.start_scram(ScramSha256::new(b""secret"", ChannelBinding::unsupported()))"	STILL TRUE — test/spike capability assertion	Negative test, mock provider, or historical spike. Passing rejection proves the error/cleanup subject, not successful unsupported I/O.	"Some(Event::ScramNeeded { plus: false }) )); c.start_scram(ScramSha256::new(b""secret"", ChannelBinding::unsupported())) .expect(""plain SCRAM""); let packet = flush(&mut c);"	https://github.com/PerryTS/turnloop/blob/a0fbb1bf9a100bb3215219f54301b9ee82ffe71f/protocols/turnloop-postgres/tests/protocol.rs#L587
protocols/turnloop-postgres/tests/server.rs	1	cfg-selection	"#![cfg(not(target_arch = ""wasm32""))]"	STILL TRUE — protocol test selection	N portable workspace; P selects real suites incl ignored; PW2/PW3 select manifest allowlists and P adds p2 real servers. Native-only/reference-C/Node-peer bodies excluded on wasm; WEB does not execute every protocol codec test. I03/I15.	"#![cfg(not(target_arch = ""wasm32""))] #![deny(unsafe_op_in_unsafe_fn)] mod support;"	https://github.com/PerryTS/turnloop/blob/a0fbb1bf9a100bb3215219f54301b9ee82ffe71f/protocols/turnloop-postgres/tests/server.rs#L1
protocols/turnloop-postgres/tests/server.rs	104	unsupported	ChannelBinding::unsupported()	STILL TRUE — test/spike capability assertion	Negative test, mock provider, or historical spike. Passing rejection proves the error/cleanup subject, not successful unsupported I/O.	) } else { ChannelBinding::unsupported() }; self.core	https://github.com/PerryTS/turnloop/blob/a0fbb1bf9a100bb3215219f54301b9ee82ffe71f/protocols/turnloop-postgres/tests/server.rs#L104
protocols/turnloop-postgres/tests/server.rs	225	ignored-test	"#[ignore = ""requires private PostgreSQL 16; use scripts/test-servers.py run""]"	STALE as unrun CI claim — runner exists	P includes ignored protocol targets with real fixtures; HTTP also N interop. WASI p2 async_server targets selected in P. Test remains intentionally ignored in ordinary cargo test; see CI evidence.	"fn authentication_queries_pipeline_copy_cancel() {     for user in [""clear_user"", ""md5_user"", ""scram_user"", ""tls_user""] {         let tls = if user == ""tls_user"" {"	https://github.com/PerryTS/turnloop/blob/a0fbb1bf9a100bb3215219f54301b9ee82ffe71f/protocols/turnloop-postgres/tests/server.rs#L225
protocols/turnloop-postgres/tests/server.rs	372	ignored-test	"#[ignore = ""requires private PostgreSQL 16; use scripts/test-servers.py run""]"	STALE as unrun CI claim — runner exists	P includes ignored protocol targets with real fixtures; HTTP also N interop. WASI p2 async_server targets selected in P. Test remains intentionally ignored in ordinary cargo test; see CI evidence.	"fn all_common_types_in_text_binary_and_arrays() {     use turnloop_postgres::types::{Value, decode};     let mut d = Driver::connect(""scram_user"", SslMode::Disable);"	https://github.com/PerryTS/turnloop/blob/a0fbb1bf9a100bb3215219f54301b9ee82ffe71f/protocols/turnloop-postgres/tests/server.rs#L372
protocols/turnloop-postgres/tests/server.rs	467	ignored-test	"#[ignore = ""requires private PostgreSQL 16; use scripts/test-servers.py run""]"	STALE as unrun CI claim — runner exists	P includes ignored protocol targets with real fixtures; HTTP also N interop. WASI p2 async_server targets selected in P. Test remains intentionally ignored in ordinary cargo test; see CI evidence.	fn pool_reuses_real_connection_and_explicit_idle_timeout() {     use turnloop_postgres::pool::{Config, Event, Pool};     let now = Instant::now();	https://github.com/PerryTS/turnloop/blob/a0fbb1bf9a100bb3215219f54301b9ee82ffe71f/protocols/turnloop-postgres/tests/server.rs#L467
protocols/turnloop-redis/Cargo.toml	14	cfg-selection	"[target.'cfg(not(target_arch = ""wasm32""))'.dev-dependencies]"	STILL TRUE — protocol feature/platform selection	N default/all-feature, PW2/PW3 selected adapters; browser branches avoid std clocks/raw TCP or use host HTTP. p3 entropy shim feature/cfg is required. Full browser codec runtime and all feature subsets are not proven.	"description = ""Pull-driven RESP Redis client, cluster and Sentinel protocols""  [target.'cfg(not(target_arch = ""wasm32""))'.dev-dependencies] rustls.workspace = true "	https://github.com/PerryTS/turnloop/blob/a0fbb1bf9a100bb3215219f54301b9ee82ffe71f/protocols/turnloop-redis/Cargo.toml#L14
protocols/turnloop-redis/Cargo.toml	35	cfg-selection	"[target.'cfg(all(target_os = ""wasi"", target_env = ""p3""))'.dependencies]"	STILL TRUE — protocol feature/platform selection	N default/all-feature, PW2/PW3 selected adapters; browser branches avoid std clocks/raw TCP or use host HTTP. p3 entropy shim feature/cfg is required. Full browser codec runtime and all feature subsets are not proven.	"turnloop-io = { workspace = true, optional = true }  [target.'cfg(all(target_os = ""wasi"", target_env = ""p3""))'.dependencies] turnloop-io = { workspace = true, optional = true, features = [""wasi-p3-experimental""] } "	https://github.com/PerryTS/turnloop/blob/a0fbb1bf9a100bb3215219f54301b9ee82ffe71f/protocols/turnloop-redis/Cargo.toml#L35
protocols/turnloop-redis/README.md	46	doc-progress	Dropping a pending operation closes its transport before a pool can reuse it.	STILL TRUE — behavior/policy, not open work	Pending means operation/queue/phase state or a reporting rule. Read linked context; no missing implementation inferred.	absolute `turnloop_io::Instant` deadline, shared across authentication, I/O and retries. Callbacks borrow row/reply storage; copy values only when retaining them. Dropping a pending operation closes its transport before a pool can reuse it.  For TLS, set the protocol's TLS mode and provide	https://github.com/PerryTS/turnloop/blob/a0fbb1bf9a100bb3215219f54301b9ee82ffe71f/protocols/turnloop-redis/README.md#L46
protocols/turnloop-redis/README.md	119	doc-progress	Apply `turnloop_io::deadline` using the core's next deadline. Dropping a pending	STILL TRUE — behavior/policy, not open work	Pending means operation/queue/phase state or a reporting rule. Read linked context; no missing implementation inferred.	entropy and TLS-upgrade requests are explicit events; acknowledge them through the core. For an upgrade, `into_parts` preserves the stream, core and unread bytes. Apply `turnloop_io::deadline` using the core's next deadline. Dropping a pending drive future closes the stream and aborts the core; terminal core events remain available for draining. See `turnloop-io` for the shared adapter ownership pattern.	https://github.com/PerryTS/turnloop/blob/a0fbb1bf9a100bb3215219f54301b9ee82ffe71f/protocols/turnloop-redis/README.md#L119
protocols/turnloop-redis/examples/turnloop.rs	27	cfg-selection	"#[cfg(not(any(windows, all(target_arch = ""wasm32"", target_os = ""unknown""))))]"	STILL TRUE — example exclusion	Windows and web use no-op example main; underlying Windows adapters still build/test in N-W. Not execution evidence for the example. Browser raw protocol sockets unavailable.	"Ok(()) } #[cfg(not(any(windows, all(target_arch = ""wasm32"", target_os = ""unknown""))))] fn main() -> std::io::Result<()> { use std::{"	https://github.com/PerryTS/turnloop/blob/a0fbb1bf9a100bb3215219f54301b9ee82ffe71f/protocols/turnloop-redis/examples/turnloop.rs#L27
protocols/turnloop-redis/examples/turnloop.rs	51	cfg-selection	"#[cfg(any(windows, all(target_arch = ""wasm32"", target_os = ""unknown"")))]"	STILL TRUE — example exclusion	Windows and web use no-op example main; underlying Windows adapters still build/test in N-W. Not execution evidence for the example. Browser raw protocol sockets unavailable.	"} } #[cfg(any(windows, all(target_arch = ""wasm32"", target_os = ""unknown"")))] fn main() { eprintln!("	https://github.com/PerryTS/turnloop/blob/a0fbb1bf9a100bb3215219f54301b9ee82ffe71f/protocols/turnloop-redis/examples/turnloop.rs#L51
protocols/turnloop-redis/src/asynchronous.rs	39	cfg-selection	#[cfg(test)]	STILL TRUE — protocol feature/platform selection	N default/all-feature, PW2/PW3 selected adapters; browser branches avoid std clocks/raw TCP or use host HTTP. p3 entropy shim feature/cfg is required. Full browser codec runtime and all feature subsets are not proven.	}  #[cfg(test)] mod tests { use super::*;	https://github.com/PerryTS/turnloop/blob/a0fbb1bf9a100bb3215219f54301b9ee82ffe71f/protocols/turnloop-redis/src/asynchronous.rs#L39
protocols/turnloop-redis/src/client.rs	52	cfg-selection	"#[cfg(all(target_arch = ""wasm32"", target_os = ""unknown""))]"	STILL TRUE — protocol feature/platform selection	N default/all-feature, PW2/PW3 selected adapters; browser branches avoid std clocks/raw TCP or use host HTTP. p3 entropy shim feature/cfg is required. Full browser codec runtime and all feature subsets are not proven.	"} pub(super) fn time(now: Instant) -> io::Result<std::time::Instant> { #[cfg(all(target_arch = ""wasm32"", target_os = ""unknown""))] { let _ = now;"	https://github.com/PerryTS/turnloop/blob/a0fbb1bf9a100bb3215219f54301b9ee82ffe71f/protocols/turnloop-redis/src/client.rs#L52
protocols/turnloop-redis/src/client.rs	55	unsupported	Err(io::ErrorKind::Unsupported.into())	STILL TRUE — adapter capability restriction	Read enclosing branch: browser raw TCP is unavailable; TLS channel-binding algorithm absence or host RSA/decryption restrictions are explicit errors. I15 compatibility scope.	"{ let _ = now; Err(io::ErrorKind::Unsupported.into()) } #[cfg(not(all(target_arch = ""wasm32"", target_os = ""unknown"")))]"	https://github.com/PerryTS/turnloop/blob/a0fbb1bf9a100bb3215219f54301b9ee82ffe71f/protocols/turnloop-redis/src/client.rs#L55
protocols/turnloop-redis/src/client.rs	57	cfg-selection	"#[cfg(not(all(target_arch = ""wasm32"", target_os = ""unknown"")))]"	STILL TRUE — protocol feature/platform selection	N default/all-feature, PW2/PW3 selected adapters; browser branches avoid std clocks/raw TCP or use host HTTP. p3 entropy shim feature/cfg is required. Full browser codec runtime and all feature subsets are not proven.	"Err(io::ErrorKind::Unsupported.into()) } #[cfg(not(all(target_arch = ""wasm32"", target_os = ""unknown"")))] { Ok(now)"	https://github.com/PerryTS/turnloop/blob/a0fbb1bf9a100bb3215219f54301b9ee82ffe71f/protocols/turnloop-redis/src/client.rs#L57
protocols/turnloop-redis/src/client.rs	158	unsupported	// Browser raw TCP is Unsupported before reaching this point.	STILL TRUE — protocol validation/scope	Unsupported version/auth plugin/column/URL/ALPN/coding/TXT/SCRAM extension is rejected explicitly; not every protocol extension is required. Match agreed Perry compatibility scope in I15.	".next_timeout() .ok_or_else(|| io::Error::other(""Redis reconnect has no deadline""))?; // Browser raw TCP is Unsupported before reaching this point. #[cfg(not(all(target_arch = ""wasm32"", target_os = ""unknown"")))] let sleep_at = until.min(at);"	https://github.com/PerryTS/turnloop/blob/a0fbb1bf9a100bb3215219f54301b9ee82ffe71f/protocols/turnloop-redis/src/client.rs#L158
protocols/turnloop-redis/src/client.rs	159	cfg-selection	"#[cfg(not(all(target_arch = ""wasm32"", target_os = ""unknown"")))]"	STILL TRUE — protocol feature/platform selection	N default/all-feature, PW2/PW3 selected adapters; browser branches avoid std clocks/raw TCP or use host HTTP. p3 entropy shim feature/cfg is required. Full browser codec runtime and all feature subsets are not proven.	".ok_or_else(|| io::Error::other(""Redis reconnect has no deadline""))?; // Browser raw TCP is Unsupported before reaching this point. #[cfg(not(all(target_arch = ""wasm32"", target_os = ""unknown"")))] let sleep_at = until.min(at); #[cfg(all(target_arch = ""wasm32"", target_os = ""unknown""))]"	https://github.com/PerryTS/turnloop/blob/a0fbb1bf9a100bb3215219f54301b9ee82ffe71f/protocols/turnloop-redis/src/client.rs#L159
protocols/turnloop-redis/src/client.rs	161	cfg-selection	"#[cfg(all(target_arch = ""wasm32"", target_os = ""unknown""))]"	STILL TRUE — protocol feature/platform selection	N default/all-feature, PW2/PW3 selected adapters; browser branches avoid std clocks/raw TCP or use host HTTP. p3 entropy shim feature/cfg is required. Full browser codec runtime and all feature subsets are not proven.	"#[cfg(not(all(target_arch = ""wasm32"", target_os = ""unknown"")))] let sleep_at = until.min(at); #[cfg(all(target_arch = ""wasm32"", target_os = ""unknown""))] let sleep_at = { let _ = until;"	https://github.com/PerryTS/turnloop/blob/a0fbb1bf9a100bb3215219f54301b9ee82ffe71f/protocols/turnloop-redis/src/client.rs#L161
protocols/turnloop-redis/src/cluster.rs	177	cfg-selection	"#[cfg(not(all(target_arch = ""wasm32"", target_os = ""unknown"")))]"	STILL TRUE — protocol feature/platform selection	N default/all-feature, PW2/PW3 selected adapters; browser branches avoid std clocks/raw TCP or use host HTTP. p3 entropy shim feature/cfg is required. Full browser codec runtime and all feature subsets are not proven.	".next_timeout() .ok_or_else(|| io::Error::other(""Sentinel has no pending deadline""))?; #[cfg(not(all(target_arch = ""wasm32"", target_os = ""unknown"")))] let sleep_at = until.min(at); #[cfg(all(target_arch = ""wasm32"", target_os = ""unknown""))]"	https://github.com/PerryTS/turnloop/blob/a0fbb1bf9a100bb3215219f54301b9ee82ffe71f/protocols/turnloop-redis/src/cluster.rs#L177
protocols/turnloop-redis/src/cluster.rs	179	cfg-selection	"#[cfg(all(target_arch = ""wasm32"", target_os = ""unknown""))]"	STILL TRUE — protocol feature/platform selection	N default/all-feature, PW2/PW3 selected adapters; browser branches avoid std clocks/raw TCP or use host HTTP. p3 entropy shim feature/cfg is required. Full browser codec runtime and all feature subsets are not proven.	"#[cfg(not(all(target_arch = ""wasm32"", target_os = ""unknown"")))] let sleep_at = until.min(at); #[cfg(all(target_arch = ""wasm32"", target_os = ""unknown""))] let sleep_at = { let _ = until;"	https://github.com/PerryTS/turnloop/blob/a0fbb1bf9a100bb3215219f54301b9ee82ffe71f/protocols/turnloop-redis/src/cluster.rs#L179
protocols/turnloop-redis/src/lib.rs	752	cfg-selection	"#[cfg(feature = ""turnloop"")]"	STILL TRUE — protocol feature/platform selection	N default/all-feature, PW2/PW3 selected adapters; browser branches avoid std clocks/raw TCP or use host HTTP. p3 entropy shim feature/cfg is required. Full browser codec runtime and all feature subsets are not proven.	"}  #[cfg(feature = ""turnloop"")] pub mod asynchronous;"	https://github.com/PerryTS/turnloop/blob/a0fbb1bf9a100bb3215219f54301b9ee82ffe71f/protocols/turnloop-redis/src/lib.rs#L752
protocols/turnloop-redis/src/resp.rs	57	unsupported	StreamingUnsupported,	STILL TRUE — protocol limitation	Streamed RESP3 rejected; scoped compatibility work I15.	Invalid, Limit, StreamingUnsupported, } impl std::fmt::Display for DecodeError {	https://github.com/PerryTS/turnloop/blob/a0fbb1bf9a100bb3215219f54301b9ee82ffe71f/protocols/turnloop-redis/src/resp.rs#L57
protocols/turnloop-redis/src/resp.rs	154	unsupported	return Err(DecodeError::StreamingUnsupported);	STILL TRUE — protocol limitation	Streamed RESP3 rejected; scoped compatibility work I15.	"b'$' | b'!' | b'=' => { if head == b""?"" { return Err(DecodeError::StreamingUnsupported); } let len = number(head)?;"	https://github.com/PerryTS/turnloop/blob/a0fbb1bf9a100bb3215219f54301b9ee82ffe71f/protocols/turnloop-redis/src/resp.rs#L154
protocols/turnloop-redis/src/resp.rs	183	unsupported	return Err(DecodeError::StreamingUnsupported);	STILL TRUE — protocol limitation	Streamed RESP3 rejected; scoped compatibility work I15.	"b'*' | b'~' | b'>' | b'%' | b'|' => { if head == b""?"" { return Err(DecodeError::StreamingUnsupported); } let count = number(head)?;"	https://github.com/PerryTS/turnloop/blob/a0fbb1bf9a100bb3215219f54301b9ee82ffe71f/protocols/turnloop-redis/src/resp.rs#L183
protocols/turnloop-redis/tests/async_server.rs	1	cfg-selection	"#![cfg(not(all(target_arch = ""wasm32"", target_os = ""unknown"")))]"	STILL TRUE — protocol test selection	N portable workspace; P selects real suites incl ignored; PW2/PW3 select manifest allowlists and P adds p2 real servers. Native-only/reference-C/Node-peer bodies excluded on wasm; WEB does not execute every protocol codec test. I03/I15.	"#![cfg(not(all(target_arch = ""wasm32"", target_os = ""unknown"")))] use std::{ future::Future,"	https://github.com/PerryTS/turnloop/blob/a0fbb1bf9a100bb3215219f54301b9ee82ffe71f/protocols/turnloop-redis/tests/async_server.rs#L1
protocols/turnloop-redis/tests/async_server.rs	76	ignored-test	"#[ignore = ""private Redis fixture""]"	STALE as unrun CI claim — runner exists	P includes ignored protocol targets with real fixtures; HTTP also N interop. WASI p2 async_server targets selected in P. Test remains intentionally ignored in ordinary cargo test; see CI evidence.	"fn real_async_tls_pipeline_pubsub_deadlines_reconnect_cluster_sentinel() {     let mut ex = LocalExecutor::<Platform>::new(LoopConfig::default()).expect(""executor"");     let h = ex.handle();"	https://github.com/PerryTS/turnloop/blob/a0fbb1bf9a100bb3215219f54301b9ee82ffe71f/protocols/turnloop-redis/tests/async_server.rs#L76
protocols/turnloop-redis/tests/asynchronous.rs	1	cfg-selection	"#![cfg(not(all(target_arch = ""wasm32"", target_os = ""unknown"")))]"	STILL TRUE — protocol test selection	N portable workspace; P selects real suites incl ignored; PW2/PW3 select manifest allowlists and P adds p2 real servers. Native-only/reference-C/Node-peer bodies excluded on wasm; WEB does not execute every protocol codec test. I03/I15.	"#![cfg(not(all(target_arch = ""wasm32"", target_os = ""unknown"")))] #[path = ""../../../crates/turnloop-io/tests/support/count.rs""] mod count;"	https://github.com/PerryTS/turnloop/blob/a0fbb1bf9a100bb3215219f54301b9ee82ffe71f/protocols/turnloop-redis/tests/asynchronous.rs#L1
protocols/turnloop-redis/tests/protocol.rs	79	unsupported	Err(DecodeError::StreamingUnsupported)	STILL TRUE — test/spike capability assertion	Negative test, mock provider, or historical spike. Passing rejection proves the error/cleanup subject, not successful unsupported I/O.	"assert_eq!( resp::decode(b""*?\r\n"", Limits::default()), Err(DecodeError::StreamingUnsupported) ); assert_eq!("	https://github.com/PerryTS/turnloop/blob/a0fbb1bf9a100bb3215219f54301b9ee82ffe71f/protocols/turnloop-redis/tests/protocol.rs#L79
protocols/turnloop-redis/tests/real.rs	1	cfg-selection	"#![cfg(not(target_arch = ""wasm32""))]"	STILL TRUE — protocol test selection	N portable workspace; P selects real suites incl ignored; PW2/PW3 select manifest allowlists and P adds p2 real servers. Native-only/reference-C/Node-peer bodies excluded on wasm; WEB does not execute every protocol codec test. I03/I15.	"#![cfg(not(target_arch = ""wasm32""))] #![deny(unsafe_op_in_unsafe_fn)] //! Run through `python3 scripts/test-servers.py run cargo test --workspace -- --include-ignored`. Missing servers are a failure,"	https://github.com/PerryTS/turnloop/blob/a0fbb1bf9a100bb3215219f54301b9ee82ffe71f/protocols/turnloop-redis/tests/real.rs#L1
protocols/turnloop-redis/tests/real.rs	136	ignored-test	"#[ignore = ""private Redis: python3 scripts/test-servers.py run cargo test --workspace -- --include-ignored""]"	STALE as unrun CI claim — runner exists	P includes ignored protocol targets with real fixtures; HTTP also N interop. WASI p2 async_server targets selected in P. Test remains intentionally ignored in ordinary cargo test; see CI evidence.	"fn real_redis_commands_transactions_pubsub_reconnect_tls() {     let mut d = Driver::connect(port(""TURNLOOP_TEST_REDIS_PORT""), auth());     assert_eq!("	https://github.com/PerryTS/turnloop/blob/a0fbb1bf9a100bb3215219f54301b9ee82ffe71f/protocols/turnloop-redis/tests/real.rs#L136
protocols/turnloop-redis/tests/real.rs	354	ignored-test	"#[ignore = ""private three-master cluster and Sentinel: python3 scripts/test-servers.py run cargo test --workspace -- --include-ignored""]"	STALE as unrun CI claim — runner exists	P includes ignored protocol targets with real fixtures; HTTP also N interop. WASI p2 async_server targets selected in P. Test remains intentionally ignored in ordinary cargo test; see CI evidence.	"fn real_cluster_slots_shards_moved_ask_and_sentinel() {     let mut seed = Driver::connect(port(""TURNLOOP_TEST_REDIS_CLUSTER_PORT""), Config::default());     let mut map = SlotMap::new();"	https://github.com/PerryTS/turnloop/blob/a0fbb1bf9a100bb3215219f54301b9ee82ffe71f/protocols/turnloop-redis/tests/real.rs#L354
protocols/turnloop-smtp/Cargo.toml	22	cfg-selection	"[target.'cfg(not(target_arch = ""wasm32""))'.dev-dependencies]"	STILL TRUE — protocol feature/platform selection	N default/all-feature, PW2/PW3 selected adapters; browser branches avoid std clocks/raw TCP or use host HTTP. p3 entropy shim feature/cfg is required. Full browser codec runtime and all feature subsets are not proven.	"email-encoding.workspace = true  [target.'cfg(not(target_arch = ""wasm32""))'.dev-dependencies] rustls.workspace = true "	https://github.com/PerryTS/turnloop/blob/a0fbb1bf9a100bb3215219f54301b9ee82ffe71f/protocols/turnloop-smtp/Cargo.toml#L22
protocols/turnloop-smtp/Cargo.toml	39	cfg-selection	"[target.'cfg(all(target_os = ""wasi"", target_env = ""p3""))'.dependencies]"	STILL TRUE — protocol feature/platform selection	N default/all-feature, PW2/PW3 selected adapters; browser branches avoid std clocks/raw TCP or use host HTTP. p3 entropy shim feature/cfg is required. Full browser codec runtime and all feature subsets are not proven.	"turnloop = [""dep:turnloop-io"", ""dep:turnloop-tls""]  [target.'cfg(all(target_os = ""wasi"", target_env = ""p3""))'.dependencies] turnloop-io = { workspace = true, optional = true, features = [""wasi-p3-experimental""] } "	https://github.com/PerryTS/turnloop/blob/a0fbb1bf9a100bb3215219f54301b9ee82ffe71f/protocols/turnloop-smtp/Cargo.toml#L39
protocols/turnloop-smtp/README.md	75	doc-progress	Dropping a pending operation closes its transport before a pool can reuse it.	STILL TRUE — behavior/policy, not open work	Pending means operation/queue/phase state or a reporting rule. Read linked context; no missing implementation inferred.	absolute `turnloop_io::Instant` deadline, shared across authentication, I/O and retries. Callbacks borrow row/reply storage; copy values only when retaining them. Dropping a pending operation closes its transport before a pool can reuse it.  For TLS, set the protocol's TLS mode and provide	https://github.com/PerryTS/turnloop/blob/a0fbb1bf9a100bb3215219f54301b9ee82ffe71f/protocols/turnloop-smtp/README.md#L75
protocols/turnloop-smtp/README.md	100	doc-progress	Apply `turnloop_io::deadline` using the core's next deadline. Dropping a pending	STILL TRUE — behavior/policy, not open work	Pending means operation/queue/phase state or a reporting rule. Read linked context; no missing implementation inferred.	entropy and TLS-upgrade requests are explicit events; acknowledge them through the core. For an upgrade, `into_parts` preserves the stream, core and unread bytes. Apply `turnloop_io::deadline` using the core's next deadline. Dropping a pending drive future closes the stream and aborts the core; terminal core events remain available for draining. See `turnloop-io` for the shared adapter ownership pattern.	https://github.com/PerryTS/turnloop/blob/a0fbb1bf9a100bb3215219f54301b9ee82ffe71f/protocols/turnloop-smtp/README.md#L100
protocols/turnloop-smtp/examples/turnloop.rs	41	cfg-selection	"#[cfg(not(any(windows, all(target_arch = ""wasm32"", target_os = ""unknown""))))]"	STILL TRUE — example exclusion	Windows and web use no-op example main; underlying Windows adapters still build/test in N-W. Not execution evidence for the example. Browser raw protocol sockets unavailable.	"Ok(()) } #[cfg(not(any(windows, all(target_arch = ""wasm32"", target_os = ""unknown""))))] fn main() -> std::io::Result<()> { use std::{"	https://github.com/PerryTS/turnloop/blob/a0fbb1bf9a100bb3215219f54301b9ee82ffe71f/protocols/turnloop-smtp/examples/turnloop.rs#L41
protocols/turnloop-smtp/examples/turnloop.rs	65	cfg-selection	"#[cfg(any(windows, all(target_arch = ""wasm32"", target_os = ""unknown"")))]"	STILL TRUE — example exclusion	Windows and web use no-op example main; underlying Windows adapters still build/test in N-W. Not execution evidence for the example. Browser raw protocol sockets unavailable.	"} } #[cfg(any(windows, all(target_arch = ""wasm32"", target_os = ""unknown"")))] fn main() { eprintln!("	https://github.com/PerryTS/turnloop/blob/a0fbb1bf9a100bb3215219f54301b9ee82ffe71f/protocols/turnloop-smtp/examples/turnloop.rs#L65
protocols/turnloop-smtp/src/asynchronous.rs	31	cfg-selection	"#[cfg(not(all(target_arch = ""wasm32"", target_os = ""unknown"")))]"	STILL TRUE — protocol feature/platform selection	N default/all-feature, PW2/PW3 selected adapters; browser branches avoid std clocks/raw TCP or use host HTTP. p3 entropy shim feature/cfg is required. Full browser codec runtime and all feature subsets are not proven.	"} fn ingest(&mut self, bytes: &[u8], _now: Instant) -> io::Result<usize> { #[cfg(not(all(target_arch = ""wasm32"", target_os = ""unknown"")))] { self.receive(bytes, _now).map_err(io::Error::other)?;"	https://github.com/PerryTS/turnloop/blob/a0fbb1bf9a100bb3215219f54301b9ee82ffe71f/protocols/turnloop-smtp/src/asynchronous.rs#L31
protocols/turnloop-smtp/src/asynchronous.rs	36	cfg-selection	"#[cfg(all(target_arch = ""wasm32"", target_os = ""unknown""))]"	STILL TRUE — protocol feature/platform selection	N default/all-feature, PW2/PW3 selected adapters; browser branches avoid std clocks/raw TCP or use host HTTP. p3 entropy shim feature/cfg is required. Full browser codec runtime and all feature subsets are not proven.	"Ok(bytes.len()) } #[cfg(all(target_arch = ""wasm32"", target_os = ""unknown""))] { let _ = bytes;"	https://github.com/PerryTS/turnloop/blob/a0fbb1bf9a100bb3215219f54301b9ee82ffe71f/protocols/turnloop-smtp/src/asynchronous.rs#L36
protocols/turnloop-smtp/src/asynchronous.rs	39	unsupported	Err(io::ErrorKind::Unsupported.into())	STILL TRUE — adapter capability restriction	Read enclosing branch: browser raw TCP is unavailable; TLS channel-binding algorithm absence or host RSA/decryption restrictions are explicit errors. I15 compatibility scope.	{ let _ = bytes; Err(io::ErrorKind::Unsupported.into()) } }	https://github.com/PerryTS/turnloop/blob/a0fbb1bf9a100bb3215219f54301b9ee82ffe71f/protocols/turnloop-smtp/src/asynchronous.rs#L39
protocols/turnloop-smtp/src/asynchronous.rs	47	cfg-selection	#[cfg(test)]	STILL TRUE — protocol feature/platform selection	N default/all-feature, PW2/PW3 selected adapters; browser branches avoid std clocks/raw TCP or use host HTTP. p3 entropy shim feature/cfg is required. Full browser codec runtime and all feature subsets are not proven.	}  #[cfg(test)] mod tests { use super::*;	https://github.com/PerryTS/turnloop/blob/a0fbb1bf9a100bb3215219f54301b9ee82ffe71f/protocols/turnloop-smtp/src/asynchronous.rs#L47
protocols/turnloop-smtp/src/lib.rs	901	cfg-selection	"#[cfg(feature = ""turnloop"")]"	STILL TRUE — protocol feature/platform selection	N default/all-feature, PW2/PW3 selected adapters; browser branches avoid std clocks/raw TCP or use host HTTP. p3 entropy shim feature/cfg is required. Full browser codec runtime and all feature subsets are not proven.	"}  #[cfg(feature = ""turnloop"")] pub mod asynchronous;"	https://github.com/PerryTS/turnloop/blob/a0fbb1bf9a100bb3215219f54301b9ee82ffe71f/protocols/turnloop-smtp/src/lib.rs#L901
protocols/turnloop-smtp/src/transport.rs	32	cfg-selection	"#[cfg(all(target_arch = ""wasm32"", target_os = ""unknown""))]"	STILL TRUE — protocol feature/platform selection	N default/all-feature, PW2/PW3 selected adapters; browser branches avoid std clocks/raw TCP or use host HTTP. p3 entropy shim feature/cfg is required. Full browser codec runtime and all feature subsets are not proven.	"} fn now<B: Backend>(executor: &ExecutorHandle<B>) -> io::Result<std::time::Instant> { #[cfg(all(target_arch = ""wasm32"", target_os = ""unknown""))] { let _ = executor;"	https://github.com/PerryTS/turnloop/blob/a0fbb1bf9a100bb3215219f54301b9ee82ffe71f/protocols/turnloop-smtp/src/transport.rs#L32
protocols/turnloop-smtp/src/transport.rs	35	unsupported	Err(io::ErrorKind::Unsupported.into())	STILL TRUE — adapter capability restriction	Read enclosing branch: browser raw TCP is unavailable; TLS channel-binding algorithm absence or host RSA/decryption restrictions are explicit errors. I15 compatibility scope.	"{ let _ = executor; Err(io::ErrorKind::Unsupported.into()) } #[cfg(not(all(target_arch = ""wasm32"", target_os = ""unknown"")))]"	https://github.com/PerryTS/turnloop/blob/a0fbb1bf9a100bb3215219f54301b9ee82ffe71f/protocols/turnloop-smtp/src/transport.rs#L35
protocols/turnloop-smtp/src/transport.rs	37	cfg-selection	"#[cfg(not(all(target_arch = ""wasm32"", target_os = ""unknown"")))]"	STILL TRUE — protocol feature/platform selection	N default/all-feature, PW2/PW3 selected adapters; browser branches avoid std clocks/raw TCP or use host HTTP. p3 entropy shim feature/cfg is required. Full browser codec runtime and all feature subsets are not proven.	"Err(io::ErrorKind::Unsupported.into()) } #[cfg(not(all(target_arch = ""wasm32"", target_os = ""unknown"")))] { Ok(executor.now())"	https://github.com/PerryTS/turnloop/blob/a0fbb1bf9a100bb3215219f54301b9ee82ffe71f/protocols/turnloop-smtp/src/transport.rs#L37
protocols/turnloop-smtp/tests/async_server.rs	1	cfg-selection	"#![cfg(not(all(target_arch = ""wasm32"", target_os = ""unknown"")))]"	STILL TRUE — protocol test selection	N portable workspace; P selects real suites incl ignored; PW2/PW3 select manifest allowlists and P adds p2 real servers. Native-only/reference-C/Node-peer bodies excluded on wasm; WEB does not execute every protocol codec test. I03/I15.	"#![cfg(not(all(target_arch = ""wasm32"", target_os = ""unknown"")))] use std::{ future::Future,"	https://github.com/PerryTS/turnloop/blob/a0fbb1bf9a100bb3215219f54301b9ee82ffe71f/protocols/turnloop-smtp/tests/async_server.rs#L1
protocols/turnloop-smtp/tests/async_server.rs	31	ignored-test	"#[ignore = ""private Postfix smtp-sink fixture""]"	STALE as unrun CI claim — runner exists	P includes ignored protocol targets with real fixtures; HTTP also N interop. WASI p2 async_server targets selected in P. Test remains intentionally ignored in ordinary cargo test; see CI evidence.	"fn real_async_postfix_delivery() {     let port = std::env::var(""TURNLOOP_TEST_SMTP_PORT"")         .expect(""private SMTP port"")"	https://github.com/PerryTS/turnloop/blob/a0fbb1bf9a100bb3215219f54301b9ee82ffe71f/protocols/turnloop-smtp/tests/async_server.rs#L31
protocols/turnloop-smtp/tests/asynchronous.rs	1	cfg-selection	"#![cfg(not(all(target_arch = ""wasm32"", target_os = ""unknown"")))]"	STILL TRUE — protocol test selection	N portable workspace; P selects real suites incl ignored; PW2/PW3 select manifest allowlists and P adds p2 real servers. Native-only/reference-C/Node-peer bodies excluded on wasm; WEB does not execute every protocol codec test. I03/I15.	"#![cfg(not(all(target_arch = ""wasm32"", target_os = ""unknown"")))] #[path = ""../../../crates/turnloop-io/tests/support/count.rs""] mod count;"	https://github.com/PerryTS/turnloop/blob/a0fbb1bf9a100bb3215219f54301b9ee82ffe71f/protocols/turnloop-smtp/tests/asynchronous.rs#L1
protocols/turnloop-smtp/tests/smtp.rs	1	cfg-selection	"#![cfg(not(target_arch = ""wasm32""))]"	STILL TRUE — protocol test selection	N portable workspace; P selects real suites incl ignored; PW2/PW3 select manifest allowlists and P adds p2 real servers. Native-only/reference-C/Node-peer bodies excluded on wasm; WEB does not execute every protocol codec test. I03/I15.	"#![cfg(not(target_arch = ""wasm32""))] #![deny(unsafe_op_in_unsafe_fn)] use std::{"	https://github.com/PerryTS/turnloop/blob/a0fbb1bf9a100bb3215219f54301b9ee82ffe71f/protocols/turnloop-smtp/tests/smtp.rs#L1
protocols/turnloop-smtp/tests/smtp.rs	76	unsupported	"c.receive(b""502 unsupported\r\n"", now)"	STILL TRUE — test/spike capability assertion	Negative test, mock provider, or historical spike. Passing rejection proves the error/cleanup subject, not successful unsupported I/O.	"assert!(c.output().starts_with(b""EHLO"")); discard(&mut c); c.receive(b""502 unsupported\r\n"", now) .expect(""fixture operation must succeed""); assert!(c.output().starts_with(b""HELO""));"	https://github.com/PerryTS/turnloop/blob/a0fbb1bf9a100bb3215219f54301b9ee82ffe71f/protocols/turnloop-smtp/tests/smtp.rs#L76
protocols/turnloop-smtp/tests/smtp.rs	553	ignored-test	"#[ignore = ""private SMTP sink: scripts/test-servers.py run cargo test --workspace -- --include-ignored""]"	STALE as unrun CI claim — runner exists	P includes ignored protocol targets with real fixtures; HTTP also N interop. WASI p2 async_server targets selected in P. Test remains intentionally ignored in ordinary cargo test; see CI evidence.	"fn installed_postfix_smtp_sink_records_message() {     use std::{fs, path::PathBuf};     let port: u16 = std::env::var(""TURNLOOP_TEST_SMTP_PORT"")"	https://github.com/PerryTS/turnloop/blob/a0fbb1bf9a100bb3215219f54301b9ee82ffe71f/protocols/turnloop-smtp/tests/smtp.rs#L553
protocols/turnloop-tls/Cargo.toml	27	cfg-selection	"[target.'cfg(all(target_arch = ""wasm32"", target_os = ""unknown""))'.dependencies]"	STILL TRUE — protocol feature/platform selection	N default/all-feature, PW2/PW3 selected adapters; browser branches avoid std clocks/raw TCP or use host HTTP. p3 entropy shim feature/cfg is required. Full browser codec runtime and all feature subsets are not proven.	"rcgen.workspace = true  [target.'cfg(all(target_arch = ""wasm32"", target_os = ""unknown""))'.dependencies] ring = { workspace = true, features = [""wasm32_unknown_unknown_js""] } rustls-pki-types = { workspace = true, features = [""web""] }"	https://github.com/PerryTS/turnloop/blob/a0fbb1bf9a100bb3215219f54301b9ee82ffe71f/protocols/turnloop-tls/Cargo.toml#L27
protocols/turnloop-tls/Cargo.toml	48	cfg-selection	"[target.'cfg(all(target_os = ""wasi"", target_env = ""p3""))'.dependencies]"	STILL TRUE — protocol feature/platform selection	N default/all-feature, PW2/PW3 selected adapters; browser branches avoid std clocks/raw TCP or use host HTTP. p3 entropy shim feature/cfg is required. Full browser codec runtime and all feature subsets are not proven.	"required-features = [""turnloop""]  [target.'cfg(all(target_os = ""wasi"", target_env = ""p3""))'.dependencies] turnloop-io = { workspace = true, optional = true, features = [""wasi-p3-experimental""] } "	https://github.com/PerryTS/turnloop/blob/a0fbb1bf9a100bb3215219f54301b9ee82ffe71f/protocols/turnloop-tls/Cargo.toml#L48
protocols/turnloop-tls/src/asynchronous.rs	260	unsupported	io::ErrorKind::Unsupported,	STILL TRUE — adapter capability restriction	Read enclosing branch: browser raw TCP is unavailable; TLS channel-binding algorithm absence or host RSA/decryption restrictions are explicit errors. I15 compatibility scope.	"_ => { return Err(io::Error::new( io::ErrorKind::Unsupported, ""TLS early data is disabled"", ));"	https://github.com/PerryTS/turnloop/blob/a0fbb1bf9a100bb3215219f54301b9ee82ffe71f/protocols/turnloop-tls/src/asynchronous.rs#L260
protocols/turnloop-tls/src/lib.rs	297	cfg-selection	"#[cfg(feature = ""turnloop"")]"	STILL TRUE — protocol feature/platform selection	N default/all-feature, PW2/PW3 selected adapters; browser branches avoid std clocks/raw TCP or use host HTTP. p3 entropy shim feature/cfg is required. Full browser codec runtime and all feature subsets are not proven.	"}  #[cfg(feature = ""turnloop"")] pub mod asynchronous; #[cfg(feature = ""turnloop"")]"	https://github.com/PerryTS/turnloop/blob/a0fbb1bf9a100bb3215219f54301b9ee82ffe71f/protocols/turnloop-tls/src/lib.rs#L297
protocols/turnloop-tls/src/lib.rs	299	cfg-selection	"#[cfg(feature = ""turnloop"")]"	STILL TRUE — protocol feature/platform selection	N default/all-feature, PW2/PW3 selected adapters; browser branches avoid std clocks/raw TCP or use host HTTP. p3 entropy shim feature/cfg is required. Full browser codec runtime and all feature subsets are not proven.	"#[cfg(feature = ""turnloop"")] pub mod asynchronous; #[cfg(feature = ""turnloop"")] pub use asynchronous::TlsStream;"	https://github.com/PerryTS/turnloop/blob/a0fbb1bf9a100bb3215219f54301b9ee82ffe71f/protocols/turnloop-tls/src/lib.rs#L299
protocols/turnloop-tls/tests/async_allocations.rs	3	cfg-selection	"#[cfg(not(all(target_arch = ""wasm32"", target_os = ""unknown"")))]"	STILL TRUE — protocol test selection	N portable workspace; P selects real suites incl ignored; PW2/PW3 select manifest allowlists and P adds p2 real servers. Native-only/reference-C/Node-peer bodies excluded on wasm; WEB does not execute every protocol codec test. I03/I15.	"//! TLS record gate over real AsyncIo sockets. Rustls 0.23.45 owns two allocations //! per decrypted record; retain its existing four-allocation bidirectional baseline. #[cfg(not(all(target_arch = ""wasm32"", target_os = ""unknown"")))] mod native { use std::{"	https://github.com/PerryTS/turnloop/blob/a0fbb1bf9a100bb3215219f54301b9ee82ffe71f/protocols/turnloop-tls/tests/async_allocations.rs#L3
protocols/turnloop-tls/tests/async_allocations.rs	193	cfg-selection	"#[cfg(not(all(target_arch = ""wasm32"", target_os = ""unknown"")))]"	STILL TRUE — protocol test selection	N portable workspace; P selects real suites incl ignored; PW2/PW3 select manifest allowlists and P adds p2 real servers. Native-only/reference-C/Node-peer bodies excluded on wasm; WEB does not execute every protocol codec test. I03/I15.	"} fn main() { #[cfg(not(all(target_arch = ""wasm32"", target_os = ""unknown"")))] native::run(); }"	https://github.com/PerryTS/turnloop/blob/a0fbb1bf9a100bb3215219f54301b9ee82ffe71f/protocols/turnloop-tls/tests/async_allocations.rs#L193
protocols/turnloop-tls/tests/asynchronous.rs	1	cfg-selection	"#![cfg(all( feature = ""turnloop"", not(all(target_arch = ""wasm32"", target_os = ""unknown"")) ))]"	STILL TRUE — protocol test selection	N portable workspace; P selects real suites incl ignored; PW2/PW3 select manifest allowlists and P adds p2 real servers. Native-only/reference-C/Node-peer bodies excluded on wasm; WEB does not execute every protocol codec test. I03/I15.	"#![cfg(all( feature = ""turnloop"", not(all(target_arch = ""wasm32"", target_os = ""unknown""))"	https://github.com/PerryTS/turnloop/blob/a0fbb1bf9a100bb3215219f54301b9ee82ffe71f/protocols/turnloop-tls/tests/asynchronous.rs#L1
protocols/turnloop-tls/tests/channel_binding.rs	100	unsupported	tlv(0xa3, &[2, 1, 2]),                      // unsupported trailer	STILL TRUE — test/spike capability assertion	Negative test, mock provider, or historical spike. Passing rejection proves the error/cleanup subject, not successful unsupported I/O.	tlv(0xa2, &[2, 2, 0, 20]),                  // nonminimal integer tlv(0xa2, &[2, 0]),                         // empty integer tlv(0xa3, &[2, 1, 2]),                      // unsupported trailer tlv(0xa4, &[]),                             // unknown parameter ] {	https://github.com/PerryTS/turnloop/blob/a0fbb1bf9a100bb3215219f54301b9ee82ffe71f/protocols/turnloop-tls/tests/channel_binding.rs#L100
protocols/turnloop-tls/tests/tls.rs	1	cfg-selection	"#![cfg(not(target_arch = ""wasm32""))]"	STILL TRUE — protocol test selection	N portable workspace; P selects real suites incl ignored; PW2/PW3 select manifest allowlists and P adds p2 real servers. Native-only/reference-C/Node-peer bodies excluded on wasm; WEB does not execute every protocol codec test. I03/I15.	"#![cfg(not(target_arch = ""wasm32""))] mod support; use std::{"	https://github.com/PerryTS/turnloop/blob/a0fbb1bf9a100bb3215219f54301b9ee82ffe71f/protocols/turnloop-tls/tests/tls.rs#L1
protocols/turnloop-websocket/Cargo.toml	26	cfg-selection	"[target.'cfg(all(target_arch = ""wasm32"", target_os = ""unknown""))'.dependencies]"	STILL TRUE — protocol feature/platform selection	N default/all-feature, PW2/PW3 selected adapters; browser branches avoid std clocks/raw TCP or use host HTTP. p3 entropy shim feature/cfg is required. Full browser codec runtime and all feature subsets are not proven.	"base64.workspace = true  [target.'cfg(all(target_arch = ""wasm32"", target_os = ""unknown""))'.dependencies] getrandom = { workspace = true, features = [""wasm_js""] } "	https://github.com/PerryTS/turnloop/blob/a0fbb1bf9a100bb3215219f54301b9ee82ffe71f/protocols/turnloop-websocket/Cargo.toml#L26
protocols/turnloop-websocket/Cargo.toml	58	cfg-selection	"[target.'cfg(all(target_os = ""wasi"", target_env = ""p3""))'.dependencies]"	STILL TRUE — protocol feature/platform selection	N default/all-feature, PW2/PW3 selected adapters; browser branches avoid std clocks/raw TCP or use host HTTP. p3 entropy shim feature/cfg is required. Full browser codec runtime and all feature subsets are not proven.	"harness = false  [target.'cfg(all(target_os = ""wasi"", target_env = ""p3""))'.dependencies] turnloop-wasi-random.workspace = true turnloop-io = { workspace = true, optional = true, features = [""wasi-p3-experimental""] }"	https://github.com/PerryTS/turnloop/blob/a0fbb1bf9a100bb3215219f54301b9ee82ffe71f/protocols/turnloop-websocket/Cargo.toml#L58
protocols/turnloop-websocket/README.md	22	doc-progress	`close` waits for the peer under a deadline. Dropping a pending frame operation	STILL TRUE — behavior/policy, not open work	Pending means operation/queue/phase state or a reporting rule. Read linked context; no missing implementation inferred.	the server upgrade. Both preserve coalesced first-frame bytes. Await `send` and `receive`; ping/pong and close replies flush before received messages are returned. `close` waits for the peer under a deadline. Dropping a pending frame operation closes the stream. The host keeps turning its LocalExecutor. 	https://github.com/PerryTS/turnloop/blob/a0fbb1bf9a100bb3215219f54301b9ee82ffe71f/protocols/turnloop-websocket/README.md#L22
protocols/turnloop-websocket/examples/echo_client.rs	1	cfg-selection	"#[cfg(not(all(target_arch = ""wasm32"", target_os = ""unknown"")))]"	STILL TRUE — protocol feature/platform selection	N default/all-feature, PW2/PW3 selected adapters; browser branches avoid std clocks/raw TCP or use host HTTP. p3 entropy shim feature/cfg is required. Full browser codec runtime and all feature subsets are not proven.	"#[cfg(not(all(target_arch = ""wasm32"", target_os = ""unknown"")))] fn main() -> Result<(), Box<dyn std::error::Error>> { use std::{"	https://github.com/PerryTS/turnloop/blob/a0fbb1bf9a100bb3215219f54301b9ee82ffe71f/protocols/turnloop-websocket/examples/echo_client.rs#L1
protocols/turnloop-websocket/examples/echo_client.rs	52	cfg-selection	"#[cfg(all(target_arch = ""wasm32"", target_os = ""unknown""))]"	STILL TRUE — protocol feature/platform selection	N default/all-feature, PW2/PW3 selected adapters; browser branches avoid std clocks/raw TCP or use host HTTP. p3 entropy shim feature/cfg is required. Full browser codec runtime and all feature subsets are not proven.	"Ok(()) } #[cfg(all(target_arch = ""wasm32"", target_os = ""unknown""))] fn main() { eprintln!(""Use the browser WebSocket host capability"");"	https://github.com/PerryTS/turnloop/blob/a0fbb1bf9a100bb3215219f54301b9ee82ffe71f/protocols/turnloop-websocket/examples/echo_client.rs#L52
protocols/turnloop-websocket/examples/echo_server.rs	1	cfg-selection	"#[cfg(not(all(target_arch = ""wasm32"", target_os = ""unknown"")))]"	STILL TRUE — protocol feature/platform selection	N default/all-feature, PW2/PW3 selected adapters; browser branches avoid std clocks/raw TCP or use host HTTP. p3 entropy shim feature/cfg is required. Full browser codec runtime and all feature subsets are not proven.	"#[cfg(not(all(target_arch = ""wasm32"", target_os = ""unknown"")))] fn main() -> Result<(), Box<dyn std::error::Error>> { use std::time::Duration;"	https://github.com/PerryTS/turnloop/blob/a0fbb1bf9a100bb3215219f54301b9ee82ffe71f/protocols/turnloop-websocket/examples/echo_server.rs#L1
protocols/turnloop-websocket/examples/echo_server.rs	43	cfg-selection	"#[cfg(all(target_arch = ""wasm32"", target_os = ""unknown""))]"	STILL TRUE — protocol feature/platform selection	N default/all-feature, PW2/PW3 selected adapters; browser branches avoid std clocks/raw TCP or use host HTTP. p3 entropy shim feature/cfg is required. Full browser codec runtime and all feature subsets are not proven.	"Ok(()) } #[cfg(all(target_arch = ""wasm32"", target_os = ""unknown""))] fn main() { eprintln!(""Browser listening sockets are unsupported"");"	https://github.com/PerryTS/turnloop/blob/a0fbb1bf9a100bb3215219f54301b9ee82ffe71f/protocols/turnloop-websocket/examples/echo_server.rs#L43
protocols/turnloop-websocket/examples/echo_server.rs	45	unsupported	"eprintln!(""Browser listening sockets are unsupported"");"	STILL TRUE — protocol validation/scope	Unsupported version/auth plugin/column/URL/ALPN/coding/TXT/SCRAM extension is rejected explicitly; not every protocol extension is required. Match agreed Perry compatibility scope in I15.	"#[cfg(all(target_arch = ""wasm32"", target_os = ""unknown""))] fn main() { eprintln!(""Browser listening sockets are unsupported""); }"	https://github.com/PerryTS/turnloop/blob/a0fbb1bf9a100bb3215219f54301b9ee82ffe71f/protocols/turnloop-websocket/examples/echo_server.rs#L45
protocols/turnloop-websocket/src/lib.rs	11	cfg-selection	"#[cfg(all(target_os = ""wasi"", target_env = ""p3""))]"	STILL TRUE — protocol feature/platform selection	N default/all-feature, PW2/PW3 selected adapters; browser branches avoid std clocks/raw TCP or use host HTTP. p3 entropy shim feature/cfg is required. Full browser codec runtime and all feature subsets are not proven.	"//! and cancellation examples. Default features retain the sans-I/O API. #![deny(unsafe_op_in_unsafe_fn)] #[cfg(all(target_os = ""wasi"", target_env = ""p3""))] use turnloop_wasi_random as _; "	https://github.com/PerryTS/turnloop/blob/a0fbb1bf9a100bb3215219f54301b9ee82ffe71f/protocols/turnloop-websocket/src/lib.rs#L11
protocols/turnloop-websocket/src/lib.rs	329	cfg-selection	"#[cfg(feature = ""turnloop"")]"	STILL TRUE — protocol feature/platform selection	N default/all-feature, PW2/PW3 selected adapters; browser branches avoid std clocks/raw TCP or use host HTTP. p3 entropy shim feature/cfg is required. Full browser codec runtime and all feature subsets are not proven.	"}  #[cfg(feature = ""turnloop"")] pub mod asynchronous; #[cfg(feature = ""turnloop"")]"	https://github.com/PerryTS/turnloop/blob/a0fbb1bf9a100bb3215219f54301b9ee82ffe71f/protocols/turnloop-websocket/src/lib.rs#L329
protocols/turnloop-websocket/src/lib.rs	331	cfg-selection	"#[cfg(feature = ""turnloop"")]"	STILL TRUE — protocol feature/platform selection	N default/all-feature, PW2/PW3 selected adapters; browser branches avoid std clocks/raw TCP or use host HTTP. p3 entropy shim feature/cfg is required. Full browser codec runtime and all feature subsets are not proven.	"#[cfg(feature = ""turnloop"")] pub mod asynchronous; #[cfg(feature = ""turnloop"")] pub use asynchronous::WebSocketStream;"	https://github.com/PerryTS/turnloop/blob/a0fbb1bf9a100bb3215219f54301b9ee82ffe71f/protocols/turnloop-websocket/src/lib.rs#L331
protocols/turnloop-websocket/tests/asynchronous.rs	1	cfg-selection	"#![cfg(all( feature = ""turnloop"", not(all(target_arch = ""wasm32"", target_os = ""unknown"")) ))]"	STILL TRUE — protocol test selection	N portable workspace; P selects real suites incl ignored; PW2/PW3 select manifest allowlists and P adds p2 real servers. Native-only/reference-C/Node-peer bodies excluded on wasm; WEB does not execute every protocol codec test. I03/I15.	"#![cfg(all( feature = ""turnloop"", not(all(target_arch = ""wasm32"", target_os = ""unknown""))"	https://github.com/PerryTS/turnloop/blob/a0fbb1bf9a100bb3215219f54301b9ee82ffe71f/protocols/turnloop-websocket/tests/asynchronous.rs#L1
protocols/turnloop-websocket/tests/asynchronous.rs	93	cfg-selection	"#[cfg(not(target_arch = ""wasm32""))]"	STILL TRUE — protocol test selection	N portable workspace; P selects real suites incl ignored; PW2/PW3 select manifest allowlists and P adds p2 real servers. Native-only/reference-C/Node-peer bodies excluded on wasm; WEB does not execute every protocol codec test. I03/I15.	"assert_eq!(finish(&mut server), finish(&mut client)); } #[cfg(not(target_arch = ""wasm32""))] #[test] fn node_websocket_against_async_server() {"	https://github.com/PerryTS/turnloop/blob/a0fbb1bf9a100bb3215219f54301b9ee82ffe71f/protocols/turnloop-websocket/tests/asynchronous.rs#L93
protocols/turnloop-websocket/tests/websocket.rs	1	cfg-selection	"#![cfg(not(target_arch = ""wasm32""))]"	STILL TRUE — protocol test selection	N portable workspace; P selects real suites incl ignored; PW2/PW3 select manifest allowlists and P adds p2 real servers. Native-only/reference-C/Node-peer bodies excluded on wasm; WEB does not execute every protocol codec test. I03/I15.	"#![cfg(not(target_arch = ""wasm32""))] use std::{ io::{Read, Write},"	https://github.com/PerryTS/turnloop/blob/a0fbb1bf9a100bb3215219f54301b9ee82ffe71f/protocols/turnloop-websocket/tests/websocket.rs#L1
protocols/turnloop-zstd-decoder/Cargo.toml	32	cfg-selection	"[target.'cfg(not(target_arch = ""wasm32""))'.dev-dependencies]"	STILL TRUE — decoder feature/target selection	N default/all-features compile/test; PW2/PW3 select decoder reuse, not the entire upstream native corpus. Native reference zstd and interop corpus branches are excluded on wasm; no-std-only combinations not separately verified. I14/I17.	"rand.workspace = true  [target.'cfg(not(target_arch = ""wasm32""))'.dev-dependencies] zstd.workspace = true criterion.workspace = true"	https://github.com/PerryTS/turnloop/blob/a0fbb1bf9a100bb3215219f54301b9ee82ffe71f/protocols/turnloop-zstd-decoder/Cargo.toml#L32
protocols/turnloop-zstd-decoder/UPSTREAM-README.md	12	doc-progress	It also provides a compressor which is usable, but it does not yet reach the speed, ratio or configurability of the original zstd library.	STILL TRUE — limitation or scoped statement	Still applies in stated scope; advanced parity, perf attribution, mobile/FreeBSD, fuzz and long soak are not implied by green bounded CI. See REMAINING_WORK.md.	 This crate contains a fully operational implementation of the decompression portion of the standard. It also provides a compressor which is usable, but it does not yet reach the speed, ratio or configurability of the original zstd library.  This crate is currently actively maintained.	https://github.com/PerryTS/turnloop/blob/a0fbb1bf9a100bb3215219f54301b9ee82ffe71f/protocols/turnloop-zstd-decoder/UPSTREAM-README.md#L12
protocols/turnloop-zstd-decoder/UPSTREAM-README.md	71	doc-progress	let data: &[u8] = todo!();	STILL TRUE — documentation placeholder	Example input placeholder in inherited upstream documentation; not executed I/O code. See open-code inventory.	```rust, no_run use ruzstd::encoding::{compress, compress_to_vec, CompressionLevel}; let data: &[u8] = todo!(); // Either let mut compressed = Vec::new();	https://github.com/PerryTS/turnloop/blob/a0fbb1bf9a100bb3215219f54301b9ee82ffe71f/protocols/turnloop-zstd-decoder/UPSTREAM-README.md#L71
protocols/turnloop-zstd-decoder/UPSTREAM-README.md	71	open-code	let data: &[u8] = todo!();	STILL TRUE — example/comment placeholder	Documentation example or commented-out code, not executable production I/O.	```rust, no_run use ruzstd::encoding::{compress, compress_to_vec, CompressionLevel}; let data: &[u8] = todo!(); // Either let mut compressed = Vec::new();	https://github.com/PerryTS/turnloop/blob/a0fbb1bf9a100bb3215219f54301b9ee82ffe71f/protocols/turnloop-zstd-decoder/UPSTREAM-README.md#L71
protocols/turnloop-zstd-decoder/UPSTREAM-README.md	93	doc-progress	"let mut source: &[u8] = todo!(""Get a reader from a File or any other source"");"	STILL TRUE — documentation placeholder	Example input placeholder in inherited upstream documentation; not executed I/O code. See open-code inventory.	"use ruzstd::io::Read;  let mut source: &[u8] = todo!(""Get a reader from a File or any other source""); let mut decoder = StreamingDecoder::new(&mut source).unwrap(); "	https://github.com/PerryTS/turnloop/blob/a0fbb1bf9a100bb3215219f54301b9ee82ffe71f/protocols/turnloop-zstd-decoder/UPSTREAM-README.md#L93
protocols/turnloop-zstd-decoder/UPSTREAM-README.md	93	open-code	"let mut source: &[u8] = todo!(""Get a reader from a File or any other source"");"	STILL TRUE — example/comment placeholder	Documentation example or commented-out code, not executable production I/O.	"use ruzstd::io::Read;  let mut source: &[u8] = todo!(""Get a reader from a File or any other source""); let mut decoder = StreamingDecoder::new(&mut source).unwrap(); "	https://github.com/PerryTS/turnloop/blob/a0fbb1bf9a100bb3215219f54301b9ee82ffe71f/protocols/turnloop-zstd-decoder/UPSTREAM-README.md#L93
protocols/turnloop-zstd-decoder/benches/decode_all.rs	1	cfg-selection	"#[cfg(not(target_arch = ""wasm32""))]"	STILL TRUE — decoder feature/target selection	N default/all-features compile/test; PW2/PW3 select decoder reuse, not the entire upstream native corpus. Native reference zstd and interop corpus branches are excluded on wasm; no-std-only combinations not separately verified. I14/I17.	"#[cfg(not(target_arch = ""wasm32""))] mod native { use criterion::{criterion_group, criterion_main, Criterion};"	https://github.com/PerryTS/turnloop/blob/a0fbb1bf9a100bb3215219f54301b9ee82ffe71f/protocols/turnloop-zstd-decoder/benches/decode_all.rs#L1
protocols/turnloop-zstd-decoder/benches/decode_all.rs	26	cfg-selection	"#[cfg(not(target_arch = ""wasm32""))]"	STILL TRUE — decoder feature/target selection	N default/all-features compile/test; PW2/PW3 select decoder reuse, not the entire upstream native corpus. Native reference zstd and interop corpus branches are excluded on wasm; no-std-only combinations not separately verified. I14/I17.	"} fn main() { #[cfg(not(target_arch = ""wasm32""))] native::run(); }"	https://github.com/PerryTS/turnloop/blob/a0fbb1bf9a100bb3215219f54301b9ee82ffe71f/protocols/turnloop-zstd-decoder/benches/decode_all.rs#L26
protocols/turnloop-zstd-decoder/src/bit_io/bit_reader.rs	107	cfg-selection	"#[cfg(feature = ""std"")]"	STILL TRUE — decoder feature/target selection	N default/all-features compile/test; PW2/PW3 select decoder reuse, not the entire upstream native corpus. Native reference zstd and interop corpus branches are excluded on wasm; no-std-only combinations not separately verified. I14/I17.	"}  #[cfg(feature = ""std"")] impl std::error::Error for GetBitsError {} "	https://github.com/PerryTS/turnloop/blob/a0fbb1bf9a100bb3215219f54301b9ee82ffe71f/protocols/turnloop-zstd-decoder/src/bit_io/bit_reader.rs#L107
protocols/turnloop-zstd-decoder/src/bit_io/bit_reader_reverse.rs	165	cfg-selection	#[cfg(test)]	STILL TRUE — decoder feature/target selection	N default/all-features compile/test; PW2/PW3 select decoder reuse, not the entire upstream native corpus. Native reference zstd and interop corpus branches are excluded on wasm; no-std-only combinations not separately verified. I14/I17.	}  #[cfg(test)] mod test { 	https://github.com/PerryTS/turnloop/blob/a0fbb1bf9a100bb3215219f54301b9ee82ffe71f/protocols/turnloop-zstd-decoder/src/bit_io/bit_reader_reverse.rs#L165
protocols/turnloop-zstd-decoder/src/bit_io/bit_writer.rs	215	cfg-selection	#[cfg(test)]	STILL TRUE — decoder feature/target selection	N default/all-features compile/test; PW2/PW3 select decoder reuse, not the entire upstream native corpus. Native reference zstd and interop corpus branches are excluded on wasm; no-std-only combinations not separately verified. I14/I17.	}  #[cfg(test)] mod tests { use super::BitWriter;	https://github.com/PerryTS/turnloop/blob/a0fbb1bf9a100bb3215219f54301b9ee82ffe71f/protocols/turnloop-zstd-decoder/src/bit_io/bit_writer.rs#L215
protocols/turnloop-zstd-decoder/src/bit_io/bit_writer.rs	365	open-code	//     todo!();	STILL TRUE — example/comment placeholder	Documentation example or commented-out code, not executable production I/O.	// #[test] // fn catches_more_than_in_buf() { //     todo!(); // } }	https://github.com/PerryTS/turnloop/blob/a0fbb1bf9a100bb3215219f54301b9ee82ffe71f/protocols/turnloop-zstd-decoder/src/bit_io/bit_writer.rs#L365
protocols/turnloop-zstd-decoder/src/decoding/block_decoder.rs	27	open-code	"Failed, //TODO put ""self.internal_state = DecoderState::Failed;"" everywhere an unresolvable error occurs"	STILL TRUE — inherited TODO	Retained upstream decoder/encoder optimization, state/error handling or test-coverage TODO. I17; not evidence that HTTP decoding is absent.	"ReadyToDecodeNextBody, #[allow(dead_code)] Failed, //TODO put ""self.internal_state = DecoderState::Failed;"" everywhere an unresolvable error occurs } "	https://github.com/PerryTS/turnloop/blob/a0fbb1bf9a100bb3215219f54301b9ee82ffe71f/protocols/turnloop-zstd-decoder/src/decoding/block_decoder.rs#L27
protocols/turnloop-zstd-decoder/src/decoding/decode_buffer.rs	3	cfg-selection	"#[cfg(feature = ""hash"")]"	STILL TRUE — decoder feature/target selection	N default/all-features compile/test; PW2/PW3 select decoder reuse, not the entire upstream native corpus. Native reference zstd and interop corpus branches are excluded on wasm; no-std-only combinations not separately verified. I14/I17.	"use crate::io::{Error, Read, Write}; use alloc::vec::Vec; #[cfg(feature = ""hash"")] use core::hash::Hasher; "	https://github.com/PerryTS/turnloop/blob/a0fbb1bf9a100bb3215219f54301b9ee82ffe71f/protocols/turnloop-zstd-decoder/src/decoding/decode_buffer.rs#L3
protocols/turnloop-zstd-decoder/src/decoding/decode_buffer.rs	15	cfg-selection	"#[cfg(feature = ""hash"")]"	STILL TRUE — decoder feature/target selection	N default/all-features compile/test; PW2/PW3 select decoder reuse, not the entire upstream native corpus. Native reference zstd and interop corpus branches are excluded on wasm; no-std-only combinations not separately verified. I14/I17.	"pub window_size: usize, total_output_counter: u64, #[cfg(feature = ""hash"")] pub hash: twox_hash::XxHash64, }"	https://github.com/PerryTS/turnloop/blob/a0fbb1bf9a100bb3215219f54301b9ee82ffe71f/protocols/turnloop-zstd-decoder/src/decoding/decode_buffer.rs#L15
protocols/turnloop-zstd-decoder/src/decoding/decode_buffer.rs	41	cfg-selection	"#[cfg(feature = ""hash"")]"	STILL TRUE — decoder feature/target selection	N default/all-features compile/test; PW2/PW3 select decoder reuse, not the entire upstream native corpus. Native reference zstd and interop corpus branches are excluded on wasm; no-std-only combinations not separately verified. I14/I17.	"window_size, total_output_counter: 0, #[cfg(feature = ""hash"")] hash: twox_hash::XxHash64::with_seed(0), }"	https://github.com/PerryTS/turnloop/blob/a0fbb1bf9a100bb3215219f54301b9ee82ffe71f/protocols/turnloop-zstd-decoder/src/decoding/decode_buffer.rs#L41
protocols/turnloop-zstd-decoder/src/decoding/decode_buffer.rs	52	cfg-selection	"#[cfg(feature = ""hash"")]"	STILL TRUE — decoder feature/target selection	N default/all-features compile/test; PW2/PW3 select decoder reuse, not the entire upstream native corpus. Native reference zstd and interop corpus branches are excluded on wasm; no-std-only combinations not separately verified. I14/I17.	"self.dict_content.clear(); self.total_output_counter = 0; #[cfg(feature = ""hash"")] { self.hash = twox_hash::XxHash64::with_seed(0);"	https://github.com/PerryTS/turnloop/blob/a0fbb1bf9a100bb3215219f54301b9ee82ffe71f/protocols/turnloop-zstd-decoder/src/decoding/decode_buffer.rs#L52
protocols/turnloop-zstd-decoder/src/decoding/decode_buffer.rs	117	open-code	// TODO this can  be optimized further I think.	STILL TRUE — inherited TODO	Retained upstream decoder/encoder optimization, state/error handling or test-coverage TODO. I17; not evidence that HTTP decoding is absent.	let mut start_idx = start_idx; let mut copied_counter_left = match_length; // TODO this can  be optimized further I think. // Each time we copy a chunk we have a repetiton of length 'offset', so we can copy offset * iteration many bytes from start_idx while copied_counter_left > 0 {	https://github.com/PerryTS/turnloop/blob/a0fbb1bf9a100bb3215219f54301b9ee82ffe71f/protocols/turnloop-zstd-decoder/src/decoding/decode_buffer.rs#L117
protocols/turnloop-zstd-decoder/src/decoding/decode_buffer.rs	198	open-code	//TODO investigate if it is possible to return the std::vec::Drain iterator directly without collecting here	STILL TRUE — inherited TODO	Retained upstream decoder/encoder optimization, state/error handling or test-coverage TODO. I17; not evidence that HTTP decoding is absent.	/// At best call only if can_drain_to_window_size reports a 'high' number of bytes to reduce allocations pub fn drain_to_window_size(&mut self) -> Option<Vec<u8>> { //TODO investigate if it is possible to return the std::vec::Drain iterator directly without collecting here match self.can_drain_to_window_size() { None => None,	https://github.com/PerryTS/turnloop/blob/a0fbb1bf9a100bb3215219f54301b9ee82ffe71f/protocols/turnloop-zstd-decoder/src/decoding/decode_buffer.rs#L198
protocols/turnloop-zstd-decoder/src/decoding/decode_buffer.rs	223	cfg-selection	"#[cfg(feature = ""hash"")]"	STILL TRUE — decoder feature/target selection	N default/all-features compile/test; PW2/PW3 select decoder reuse, not the entire upstream native corpus. Native reference zstd and interop corpus branches are excluded on wasm; no-std-only combinations not separately verified. I14/I17.	"pub fn drain(&mut self) -> Vec<u8> { let (slice1, slice2) = self.buffer.as_slices(); #[cfg(feature = ""hash"")] { self.hash.write(slice1);"	https://github.com/PerryTS/turnloop/blob/a0fbb1bf9a100bb3215219f54301b9ee82ffe71f/protocols/turnloop-zstd-decoder/src/decoding/decode_buffer.rs#L223
protocols/turnloop-zstd-decoder/src/decoding/decode_buffer.rs	289	cfg-selection	"#[cfg(feature = ""hash"")]"	STILL TRUE — decoder feature/target selection	N default/all-features compile/test; PW2/PW3 select decoder reuse, not the entire upstream native corpus. Native reference zstd and interop corpus branches are excluded on wasm; no-std-only combinations not separately verified. I14/I17.	"if n1 != 0 { let (written1, res1) = write_bytes(&slice1[..n1]); #[cfg(feature = ""hash"")] self.hash.write(&slice1[..written1]); drain_guard.amount += written1;"	https://github.com/PerryTS/turnloop/blob/a0fbb1bf9a100bb3215219f54301b9ee82ffe71f/protocols/turnloop-zstd-decoder/src/decoding/decode_buffer.rs#L289
protocols/turnloop-zstd-decoder/src/decoding/decode_buffer.rs	300	cfg-selection	"#[cfg(feature = ""hash"")]"	STILL TRUE — decoder feature/target selection	N default/all-features compile/test; PW2/PW3 select decoder reuse, not the entire upstream native corpus. Native reference zstd and interop corpus branches are excluded on wasm; no-std-only combinations not separately verified. I14/I17.	"if written1 == n1 && n2 != 0 { let (written2, res2) = write_bytes(&slice2[..n2]); #[cfg(feature = ""hash"")] self.hash.write(&slice2[..written2]); drain_guard.amount += written2;"	https://github.com/PerryTS/turnloop/blob/a0fbb1bf9a100bb3215219f54301b9ee82ffe71f/protocols/turnloop-zstd-decoder/src/decoding/decode_buffer.rs#L300
protocols/turnloop-zstd-decoder/src/decoding/decode_buffer.rs	330	cfg-selection	#[cfg(test)]	STILL TRUE — decoder feature/target selection	N default/all-features compile/test; PW2/PW3 select decoder reuse, not the entire upstream native corpus. Native reference zstd and interop corpus branches are excluded on wasm; no-std-only combinations not separately verified. I14/I17.	}  #[cfg(test)] mod tests { use super::DecodeBuffer;	https://github.com/PerryTS/turnloop/blob/a0fbb1bf9a100bb3215219f54301b9ee82ffe71f/protocols/turnloop-zstd-decoder/src/decoding/decode_buffer.rs#L330
protocols/turnloop-zstd-decoder/src/decoding/errors.rs	9	cfg-selection	"#[cfg(feature = ""std"")]"	STILL TRUE — decoder feature/target selection	N default/all-features compile/test; PW2/PW3 select decoder reuse, not the entire upstream native corpus. Native reference zstd and interop corpus branches are excluded on wasm; no-std-only combinations not separately verified. I14/I17.	"use alloc::vec::Vec; use core::fmt; #[cfg(feature = ""std"")] use std::error::Error as StdError; "	https://github.com/PerryTS/turnloop/blob/a0fbb1bf9a100bb3215219f54301b9ee82ffe71f/protocols/turnloop-zstd-decoder/src/decoding/errors.rs#L9
protocols/turnloop-zstd-decoder/src/decoding/errors.rs	29	cfg-selection	"#[cfg(feature = ""std"")]"	STILL TRUE — decoder feature/target selection	N default/all-features compile/test; PW2/PW3 select decoder reuse, not the entire upstream native corpus. Native reference zstd and interop corpus branches are excluded on wasm; no-std-only combinations not separately verified. I14/I17.	"}  #[cfg(feature = ""std"")] impl StdError for FrameDescriptorError {} "	https://github.com/PerryTS/turnloop/blob/a0fbb1bf9a100bb3215219f54301b9ee82ffe71f/protocols/turnloop-zstd-decoder/src/decoding/errors.rs#L29
protocols/turnloop-zstd-decoder/src/decoding/errors.rs	77	cfg-selection	"#[cfg(feature = ""std"")]"	STILL TRUE — decoder feature/target selection	N default/all-features compile/test; PW2/PW3 select decoder reuse, not the entire upstream native corpus. Native reference zstd and interop corpus branches are excluded on wasm; no-std-only combinations not separately verified. I14/I17.	"}  #[cfg(feature = ""std"")] impl StdError for FrameHeaderError { fn source(&self) -> Option<&(dyn StdError + 'static)> {"	https://github.com/PerryTS/turnloop/blob/a0fbb1bf9a100bb3215219f54301b9ee82ffe71f/protocols/turnloop-zstd-decoder/src/decoding/errors.rs#L77
protocols/turnloop-zstd-decoder/src/decoding/errors.rs	133	cfg-selection	"#[cfg(feature = ""std"")]"	STILL TRUE — decoder feature/target selection	N default/all-features compile/test; PW2/PW3 select decoder reuse, not the entire upstream native corpus. Native reference zstd and interop corpus branches are excluded on wasm; no-std-only combinations not separately verified. I14/I17.	"}  #[cfg(feature = ""std"")] impl StdError for ReadFrameHeaderError { fn source(&self) -> Option<&(dyn StdError + 'static)> {"	https://github.com/PerryTS/turnloop/blob/a0fbb1bf9a100bb3215219f54301b9ee82ffe71f/protocols/turnloop-zstd-decoder/src/decoding/errors.rs#L133
protocols/turnloop-zstd-decoder/src/decoding/errors.rs	163	cfg-selection	"#[cfg(feature = ""std"")]"	STILL TRUE — decoder feature/target selection	N default/all-features compile/test; PW2/PW3 select decoder reuse, not the entire upstream native corpus. Native reference zstd and interop corpus branches are excluded on wasm; no-std-only combinations not separately verified. I14/I17.	"}  #[cfg(feature = ""std"")] impl std::error::Error for BlockHeaderReadError { fn source(&self) -> Option<&(dyn std::error::Error + 'static)> {"	https://github.com/PerryTS/turnloop/blob/a0fbb1bf9a100bb3215219f54301b9ee82ffe71f/protocols/turnloop-zstd-decoder/src/decoding/errors.rs#L163
protocols/turnloop-zstd-decoder/src/decoding/errors.rs	215	cfg-selection	"#[cfg(feature = ""std"")]"	STILL TRUE — decoder feature/target selection	N default/all-features compile/test; PW2/PW3 select decoder reuse, not the entire upstream native corpus. Native reference zstd and interop corpus branches are excluded on wasm; no-std-only combinations not separately verified. I14/I17.	"}  #[cfg(feature = ""std"")] impl std::error::Error for BlockTypeError {} "	https://github.com/PerryTS/turnloop/blob/a0fbb1bf9a100bb3215219f54301b9ee82ffe71f/protocols/turnloop-zstd-decoder/src/decoding/errors.rs#L215
protocols/turnloop-zstd-decoder/src/decoding/errors.rs	236	cfg-selection	"#[cfg(feature = ""std"")]"	STILL TRUE — decoder feature/target selection	N default/all-features compile/test; PW2/PW3 select decoder reuse, not the entire upstream native corpus. Native reference zstd and interop corpus branches are excluded on wasm; no-std-only combinations not separately verified. I14/I17.	"}  #[cfg(feature = ""std"")] impl std::error::Error for BlockSizeError {} "	https://github.com/PerryTS/turnloop/blob/a0fbb1bf9a100bb3215219f54301b9ee82ffe71f/protocols/turnloop-zstd-decoder/src/decoding/errors.rs#L236
protocols/turnloop-zstd-decoder/src/decoding/errors.rs	269	cfg-selection	"#[cfg(feature = ""std"")]"	STILL TRUE — decoder feature/target selection	N default/all-features compile/test; PW2/PW3 select decoder reuse, not the entire upstream native corpus. Native reference zstd and interop corpus branches are excluded on wasm; no-std-only combinations not separately verified. I14/I17.	"}  #[cfg(feature = ""std"")] impl std::error::Error for DecompressBlockError { fn source(&self) -> Option<&(dyn std::error::Error + 'static)> {"	https://github.com/PerryTS/turnloop/blob/a0fbb1bf9a100bb3215219f54301b9ee82ffe71f/protocols/turnloop-zstd-decoder/src/decoding/errors.rs#L269
protocols/turnloop-zstd-decoder/src/decoding/errors.rs	352	cfg-selection	"#[cfg(feature = ""std"")]"	STILL TRUE — decoder feature/target selection	N default/all-features compile/test; PW2/PW3 select decoder reuse, not the entire upstream native corpus. Native reference zstd and interop corpus branches are excluded on wasm; no-std-only combinations not separately verified. I14/I17.	"}  #[cfg(feature = ""std"")] impl std::error::Error for DecodeBlockContentError { fn source(&self) -> Option<&(dyn std::error::Error + 'static)> {"	https://github.com/PerryTS/turnloop/blob/a0fbb1bf9a100bb3215219f54301b9ee82ffe71f/protocols/turnloop-zstd-decoder/src/decoding/errors.rs#L352
protocols/turnloop-zstd-decoder/src/decoding/errors.rs	398	cfg-selection	"#[cfg(feature = ""std"")]"	STILL TRUE — decoder feature/target selection	N default/all-features compile/test; PW2/PW3 select decoder reuse, not the entire upstream native corpus. Native reference zstd and interop corpus branches are excluded on wasm; no-std-only combinations not separately verified. I14/I17.	"}  #[cfg(feature = ""std"")] impl std::error::Error for DecodeBufferError {} "	https://github.com/PerryTS/turnloop/blob/a0fbb1bf9a100bb3215219f54301b9ee82ffe71f/protocols/turnloop-zstd-decoder/src/decoding/errors.rs#L398
protocols/turnloop-zstd-decoder/src/decoding/errors.rs	425	cfg-selection	"#[cfg(feature = ""std"")]"	STILL TRUE — decoder feature/target selection	N default/all-features compile/test; PW2/PW3 select decoder reuse, not the entire upstream native corpus. Native reference zstd and interop corpus branches are excluded on wasm; no-std-only combinations not separately verified. I14/I17.	"}  #[cfg(feature = ""std"")] impl std::error::Error for DictionaryDecodeError { fn source(&self) -> Option<&(dyn std::error::Error + 'static)> {"	https://github.com/PerryTS/turnloop/blob/a0fbb1bf9a100bb3215219f54301b9ee82ffe71f/protocols/turnloop-zstd-decoder/src/decoding/errors.rs#L425
protocols/turnloop-zstd-decoder/src/decoding/errors.rs	483	cfg-selection	"#[cfg(feature = ""std"")]"	STILL TRUE — decoder feature/target selection	N default/all-features compile/test; PW2/PW3 select decoder reuse, not the entire upstream native corpus. Native reference zstd and interop corpus branches are excluded on wasm; no-std-only combinations not separately verified. I14/I17.	"}  #[cfg(feature = ""std"")] impl StdError for FrameDecoderError { fn source(&self) -> Option<&(dyn StdError + 'static)> {"	https://github.com/PerryTS/turnloop/blob/a0fbb1bf9a100bb3215219f54301b9ee82ffe71f/protocols/turnloop-zstd-decoder/src/decoding/errors.rs#L483
protocols/turnloop-zstd-decoder/src/decoding/errors.rs	597	cfg-selection	"#[cfg(feature = ""std"")]"	STILL TRUE — decoder feature/target selection	N default/all-features compile/test; PW2/PW3 select decoder reuse, not the entire upstream native corpus. Native reference zstd and interop corpus branches are excluded on wasm; no-std-only combinations not separately verified. I14/I17.	"}  #[cfg(feature = ""std"")] impl std::error::Error for DecompressLiteralsError { fn source(&self) -> Option<&(dyn std::error::Error + 'static)> {"	https://github.com/PerryTS/turnloop/blob/a0fbb1bf9a100bb3215219f54301b9ee82ffe71f/protocols/turnloop-zstd-decoder/src/decoding/errors.rs#L597
protocols/turnloop-zstd-decoder/src/decoding/errors.rs	705	cfg-selection	"#[cfg(feature = ""std"")]"	STILL TRUE — decoder feature/target selection	N default/all-features compile/test; PW2/PW3 select decoder reuse, not the entire upstream native corpus. Native reference zstd and interop corpus branches are excluded on wasm; no-std-only combinations not separately verified. I14/I17.	"}  #[cfg(feature = ""std"")] impl std::error::Error for ExecuteSequencesError { fn source(&self) -> Option<&(dyn std::error::Error + 'static)> {"	https://github.com/PerryTS/turnloop/blob/a0fbb1bf9a100bb3215219f54301b9ee82ffe71f/protocols/turnloop-zstd-decoder/src/decoding/errors.rs#L705
protocols/turnloop-zstd-decoder/src/decoding/errors.rs	728	unsupported	UnsupportedOffset { offset_code: u8 },	STILL TRUE — invalid encoded input	Unsupported offset codes report decoder errors; not an unimplemented supported offset. I17 for separate inherited encoder panic paths.	FSETableError(FSETableError), ExtraPadding { skipped_bits: i32 }, UnsupportedOffset { offset_code: u8 }, ZeroOffset, NotEnoughBytesForNumSequences,	https://github.com/PerryTS/turnloop/blob/a0fbb1bf9a100bb3215219f54301b9ee82ffe71f/protocols/turnloop-zstd-decoder/src/decoding/errors.rs#L728
protocols/turnloop-zstd-decoder/src/decoding/errors.rs	738	cfg-selection	"#[cfg(feature = ""std"")]"	STILL TRUE — decoder feature/target selection	N default/all-features compile/test; PW2/PW3 select decoder reuse, not the entire upstream native corpus. Native reference zstd and interop corpus branches are excluded on wasm; no-std-only combinations not separately verified. I14/I17.	"}  #[cfg(feature = ""std"")] impl std::error::Error for DecodeSequenceError { fn source(&self) -> Option<&(dyn std::error::Error + 'static)> {"	https://github.com/PerryTS/turnloop/blob/a0fbb1bf9a100bb3215219f54301b9ee82ffe71f/protocols/turnloop-zstd-decoder/src/decoding/errors.rs#L738
protocols/turnloop-zstd-decoder/src/decoding/errors.rs	761	unsupported	DecodeSequenceError::UnsupportedOffset { offset_code } => {	STILL TRUE — invalid encoded input	Unsupported offset codes report decoder errors; not an unimplemented supported offset. I17 for separate inherited encoder panic paths.	) } DecodeSequenceError::UnsupportedOffset { offset_code } => { write!( f,	https://github.com/PerryTS/turnloop/blob/a0fbb1bf9a100bb3215219f54301b9ee82ffe71f/protocols/turnloop-zstd-decoder/src/decoding/errors.rs#L761
protocols/turnloop-zstd-decoder/src/decoding/errors.rs	819	cfg-selection	"#[cfg(feature = ""std"")]"	STILL TRUE — decoder feature/target selection	N default/all-features compile/test; PW2/PW3 select decoder reuse, not the entire upstream native corpus. Native reference zstd and interop corpus branches are excluded on wasm; no-std-only combinations not separately verified. I14/I17.	"}  #[cfg(feature = ""std"")] impl std::error::Error for LiteralsSectionParseError { fn source(&self) -> Option<&(dyn std::error::Error + 'static)> {"	https://github.com/PerryTS/turnloop/blob/a0fbb1bf9a100bb3215219f54301b9ee82ffe71f/protocols/turnloop-zstd-decoder/src/decoding/errors.rs#L819
protocols/turnloop-zstd-decoder/src/decoding/errors.rs	871	cfg-selection	"#[cfg(feature = ""std"")]"	STILL TRUE — decoder feature/target selection	N default/all-features compile/test; PW2/PW3 select decoder reuse, not the entire upstream native corpus. Native reference zstd and interop corpus branches are excluded on wasm; no-std-only combinations not separately verified. I14/I17.	"}  #[cfg(feature = ""std"")] impl std::error::Error for SequencesHeaderParseError {} "	https://github.com/PerryTS/turnloop/blob/a0fbb1bf9a100bb3215219f54301b9ee82ffe71f/protocols/turnloop-zstd-decoder/src/decoding/errors.rs#L871
protocols/turnloop-zstd-decoder/src/decoding/errors.rs	906	cfg-selection	"#[cfg(feature = ""std"")]"	STILL TRUE — decoder feature/target selection	N default/all-features compile/test; PW2/PW3 select decoder reuse, not the entire upstream native corpus. Native reference zstd and interop corpus branches are excluded on wasm; no-std-only combinations not separately verified. I14/I17.	"}  #[cfg(feature = ""std"")] impl std::error::Error for FSETableError { fn source(&self) -> Option<&(dyn std::error::Error + 'static)> {"	https://github.com/PerryTS/turnloop/blob/a0fbb1bf9a100bb3215219f54301b9ee82ffe71f/protocols/turnloop-zstd-decoder/src/decoding/errors.rs#L906
protocols/turnloop-zstd-decoder/src/decoding/errors.rs	959	cfg-selection	"#[cfg(feature = ""std"")]"	STILL TRUE — decoder feature/target selection	N default/all-features compile/test; PW2/PW3 select decoder reuse, not the entire upstream native corpus. Native reference zstd and interop corpus branches are excluded on wasm; no-std-only combinations not separately verified. I14/I17.	"}  #[cfg(feature = ""std"")] impl std::error::Error for FSEDecoderError { fn source(&self) -> Option<&(dyn std::error::Error + 'static)> {"	https://github.com/PerryTS/turnloop/blob/a0fbb1bf9a100bb3215219f54301b9ee82ffe71f/protocols/turnloop-zstd-decoder/src/decoding/errors.rs#L959
protocols/turnloop-zstd-decoder/src/decoding/errors.rs	1027	cfg-selection	"#[cfg(feature = ""std"")]"	STILL TRUE — decoder feature/target selection	N default/all-features compile/test; PW2/PW3 select decoder reuse, not the entire upstream native corpus. Native reference zstd and interop corpus branches are excluded on wasm; no-std-only combinations not separately verified. I14/I17.	"}  #[cfg(feature = ""std"")] impl StdError for HuffmanTableError { fn source(&self) -> Option<&(dyn StdError + 'static)> {"	https://github.com/PerryTS/turnloop/blob/a0fbb1bf9a100bb3215219f54301b9ee82ffe71f/protocols/turnloop-zstd-decoder/src/decoding/errors.rs#L1027
protocols/turnloop-zstd-decoder/src/decoding/errors.rs	1138	cfg-selection	"#[cfg(feature = ""std"")]"	STILL TRUE — decoder feature/target selection	N default/all-features compile/test; PW2/PW3 select decoder reuse, not the entire upstream native corpus. Native reference zstd and interop corpus branches are excluded on wasm; no-std-only combinations not separately verified. I14/I17.	"}  #[cfg(feature = ""std"")] impl StdError for HuffmanDecoderError { fn source(&self) -> Option<&(dyn StdError + 'static)> {"	https://github.com/PerryTS/turnloop/blob/a0fbb1bf9a100bb3215219f54301b9ee82ffe71f/protocols/turnloop-zstd-decoder/src/decoding/errors.rs#L1138
protocols/turnloop-zstd-decoder/src/decoding/frame_decoder.rs	34	cfg-selection	"/// # #[cfg(feature = ""std"")]"	STILL TRUE — decoder feature/target selection	N default/all-features compile/test; PW2/PW3 select decoder reuse, not the entire upstream native corpus. Native reference zstd and interop corpus branches are excluded on wasm; no-std-only combinations not separately verified. I14/I17.	"/// use turnloop_zstd_decoder::decoding::BlockDecodingStrategy; /// /// # #[cfg(feature = ""std"")] /// use std::io::{Read, Write}; ///"	https://github.com/PerryTS/turnloop/blob/a0fbb1bf9a100bb3215219f54301b9ee82ffe71f/protocols/turnloop-zstd-decoder/src/decoding/frame_decoder.rs#L34
protocols/turnloop-zstd-decoder/src/decoding/frame_decoder.rs	38	cfg-selection	"/// # #[cfg(not(feature = ""std""))]"	STILL TRUE — decoder feature/target selection	N default/all-features compile/test; PW2/PW3 select decoder reuse, not the entire upstream native corpus. Native reference zstd and interop corpus branches are excluded on wasm; no-std-only combinations not separately verified. I14/I17.	"/// /// // no_std environments can use the crate's own Read traits /// # #[cfg(not(feature = ""std""))] /// use turnloop_zstd_decoder::io::{Read, Write}; ///"	https://github.com/PerryTS/turnloop/blob/a0fbb1bf9a100bb3215219f54301b9ee82ffe71f/protocols/turnloop-zstd-decoder/src/decoding/frame_decoder.rs#L38
protocols/turnloop-zstd-decoder/src/decoding/frame_decoder.rs	70	cfg-selection	"/// # #[cfg(feature = ""std"")]"	STILL TRUE — decoder feature/target selection	N default/all-features compile/test; PW2/PW3 select decoder reuse, not the entire upstream native corpus. Native reference zstd and interop corpus branches are excluded on wasm; no-std-only combinations not separately verified. I14/I17.	"/// /// fn do_something(data: &[u8]) { /// # #[cfg(feature = ""std"")] ///     std::io::stdout().write_all(data).unwrap(); /// }"	https://github.com/PerryTS/turnloop/blob/a0fbb1bf9a100bb3215219f54301b9ee82ffe71f/protocols/turnloop-zstd-decoder/src/decoding/frame_decoder.rs#L70
protocols/turnloop-zstd-decoder/src/decoding/frame_decoder.rs	226	cfg-selection	"#[cfg(feature = ""hash"")]"	STILL TRUE — decoder feature/target selection	N default/all-features compile/test; PW2/PW3 select decoder reuse, not the entire upstream native corpus. Native reference zstd and interop corpus branches are excluded on wasm; no-std-only combinations not separately verified. I14/I17.	"/// Returns the checksum that was calculated while decoding. /// Only a sensible value after all decoded bytes have been collected/read from the FrameDecoder #[cfg(feature = ""hash"")] pub fn get_calculated_checksum(&self) -> Option<u32> { use core::hash::Hasher;"	https://github.com/PerryTS/turnloop/blob/a0fbb1bf9a100bb3215219f54301b9ee82ffe71f/protocols/turnloop-zstd-decoder/src/decoding/frame_decoder.rs#L226
protocols/turnloop-zstd-decoder/src/decoding/ringbuffer.rs	94	open-code	// TODO maybe rework this to generate an error?	STILL TRUE — inherited TODO	Retained upstream decoder/encoder optimization, state/error handling or test-coverage TODO. I17; not evidence that HTTP decoding is absent.	 // alloc the new memory region and panic if alloc fails // TODO maybe rework this to generate an error? // SAFETY: new_layout is a checked, nonzero layout; null is rejected before use. let new_buf = unsafe {	https://github.com/PerryTS/turnloop/blob/a0fbb1bf9a100bb3215219f54301b9ee82ffe71f/protocols/turnloop-zstd-decoder/src/decoding/ringbuffer.rs#L94
protocols/turnloop-zstd-decoder/src/decoding/ringbuffer.rs	200	open-code	// TODO can we do this branchless?	STILL TRUE — inherited TODO	Retained upstream decoder/encoder optimization, state/error handling or test-coverage TODO. I17; not evidence that HTTP decoding is absent.	// SAFETY: other code relies on this pointing to initialized halves of the buffer only fn data_slice_lengths(&self) -> (usize, usize) { // TODO can we do this branchless? let (len_after_head, len_to_tail) = if self.tail >= self.head { (self.tail - self.head, 0)	https://github.com/PerryTS/turnloop/blob/a0fbb1bf9a100bb3215219f54301b9ee82ffe71f/protocols/turnloop-zstd-decoder/src/decoding/ringbuffer.rs#L200
protocols/turnloop-zstd-decoder/src/decoding/ringbuffer.rs	236	open-code	// TODO can we do this branchless?	STILL TRUE — inherited TODO	Retained upstream decoder/encoder optimization, state/error handling or test-coverage TODO. I17; not evidence that HTTP decoding is absent.	/// Returns the size of the two unoccupied sections of memory used by the buffer. fn free_slice_lengths(&self) -> (usize, usize) { // TODO can we do this branchless? let (len_after_tail, len_to_head) = if self.tail < self.head { (self.head - self.tail, 0)	https://github.com/PerryTS/turnloop/blob/a0fbb1bf9a100bb3215219f54301b9ee82ffe71f/protocols/turnloop-zstd-decoder/src/decoding/ringbuffer.rs#L236
protocols/turnloop-zstd-decoder/src/decoding/ringbuffer.rs	619	cfg-selection	"#[cfg(all(not(target_feature = ""sse2""), not(target_feature = ""neon"")))]"	STILL TRUE — decoder feature/target selection	N default/all-features compile/test; PW2/PW3 select decoder reuse, not the entire upstream native corpus. Native reference zstd and interop corpus branches are excluded on wasm; no-std-only combinations not separately verified. I14/I17.	"unsafe { // By default use usize as the copy size #[cfg(all(not(target_feature = ""sse2""), not(target_feature = ""neon"")))] type CopyType = usize; "	https://github.com/PerryTS/turnloop/blob/a0fbb1bf9a100bb3215219f54301b9ee82ffe71f/protocols/turnloop-zstd-decoder/src/decoding/ringbuffer.rs#L619
protocols/turnloop-zstd-decoder/src/decoding/ringbuffer.rs	623	cfg-selection	"#[cfg(target_feature = ""neon"")]"	STILL TRUE — decoder feature/target selection	N default/all-features compile/test; PW2/PW3 select decoder reuse, not the entire upstream native corpus. Native reference zstd and interop corpus branches are excluded on wasm; no-std-only combinations not separately verified. I14/I17.	" // Use u128 if we detect a simd feature #[cfg(target_feature = ""neon"")] type CopyType = u128; #[cfg(target_feature = ""sse2"")]"	https://github.com/PerryTS/turnloop/blob/a0fbb1bf9a100bb3215219f54301b9ee82ffe71f/protocols/turnloop-zstd-decoder/src/decoding/ringbuffer.rs#L623
protocols/turnloop-zstd-decoder/src/decoding/ringbuffer.rs	625	cfg-selection	"#[cfg(target_feature = ""sse2"")]"	STILL TRUE — decoder feature/target selection	N default/all-features compile/test; PW2/PW3 select decoder reuse, not the entire upstream native corpus. Native reference zstd and interop corpus branches are excluded on wasm; no-std-only combinations not separately verified. I14/I17.	"#[cfg(target_feature = ""neon"")] type CopyType = u128; #[cfg(target_feature = ""sse2"")] type CopyType = u128; "	https://github.com/PerryTS/turnloop/blob/a0fbb1bf9a100bb3215219f54301b9ee82ffe71f/protocols/turnloop-zstd-decoder/src/decoding/ringbuffer.rs#L625
protocols/turnloop-zstd-decoder/src/decoding/ringbuffer.rs	814	cfg-selection	#[cfg(test)]	STILL TRUE — decoder feature/target selection	N default/all-features compile/test; PW2/PW3 select decoder reuse, not the entire upstream native corpus. Native reference zstd and interop corpus branches are excluded on wasm; no-std-only combinations not separately verified. I14/I17.	}  #[cfg(test)] mod tests { use super::RingBuffer;	https://github.com/PerryTS/turnloop/blob/a0fbb1bf9a100bb3215219f54301b9ee82ffe71f/protocols/turnloop-zstd-decoder/src/decoding/ringbuffer.rs#L814
protocols/turnloop-zstd-decoder/src/decoding/sequence_section_decoder.rs	105	unsupported	return Err(DecodeSequenceError::UnsupportedOffset {	STILL TRUE — invalid encoded input	Unsupported offset codes report decoder errors; not an unimplemented supported offset. I17 for separate inherited encoder panic paths.	 if of_code > MAX_OFFSET_CODE { return Err(DecodeSequenceError::UnsupportedOffset { offset_code: of_code, });	https://github.com/PerryTS/turnloop/blob/a0fbb1bf9a100bb3215219f54301b9ee82ffe71f/protocols/turnloop-zstd-decoder/src/decoding/sequence_section_decoder.rs#L105
protocols/turnloop-zstd-decoder/src/decoding/sequence_section_decoder.rs	180	unsupported	return Err(DecodeSequenceError::UnsupportedOffset {	STILL TRUE — invalid encoded input	Unsupported offset codes report decoder errors; not an unimplemented supported offset. I17 for separate inherited encoder panic paths.	 if of_code > MAX_OFFSET_CODE { return Err(DecodeSequenceError::UnsupportedOffset { offset_code: of_code, });	https://github.com/PerryTS/turnloop/blob/a0fbb1bf9a100bb3215219f54301b9ee82ffe71f/protocols/turnloop-zstd-decoder/src/decoding/sequence_section_decoder.rs#L180
protocols/turnloop-zstd-decoder/src/decoding/sequence_section_decoder.rs	453	cfg-selection	"#[cfg(feature = ""std"")]"	STILL TRUE — decoder feature/target selection	N default/all-features compile/test; PW2/PW3 select decoder reuse, not the entire upstream native corpus. Native reference zstd and interop corpus branches are excluded on wasm; no-std-only combinations not separately verified. I14/I17.	".unwrap();  #[cfg(feature = ""std"")] for (idx, entry) in table.decode.iter().enumerate() { std::println!("	https://github.com/PerryTS/turnloop/blob/a0fbb1bf9a100bb3215219f54301b9ee82ffe71f/protocols/turnloop-zstd-decoder/src/decoding/sequence_section_decoder.rs#L453
protocols/turnloop-zstd-decoder/src/decoding/sequence_section_decoder.rs	466	open-code	//just test a few values. TODO test all values	STILL TRUE — inherited TODO	Retained upstream decoder/encoder optimization, state/error handling or test-coverage TODO. I17; not evidence that HTTP decoding is absent.	assert!(table.decode.len() == 64);  //just test a few values. TODO test all values assert!(table.decode[0].symbol == 0); assert!(table.decode[0].num_bits == 4);	https://github.com/PerryTS/turnloop/blob/a0fbb1bf9a100bb3215219f54301b9ee82ffe71f/protocols/turnloop-zstd-decoder/src/decoding/sequence_section_decoder.rs#L466
protocols/turnloop-zstd-decoder/src/decoding/streaming_decoder.rs	7	cfg-selection	"#[cfg(not(feature = ""std""))]"	STILL TRUE — decoder feature/target selection	N default/all-features compile/test; PW2/PW3 select decoder reuse, not the entire upstream native corpus. Native reference zstd and interop corpus branches are excluded on wasm; no-std-only combinations not separately verified. I14/I17.	"use crate::decoding::errors::FrameDecoderError; use crate::decoding::{BlockDecodingStrategy, FrameDecoder}; #[cfg(not(feature = ""std""))] use crate::io::ErrorKind; use crate::io::{Error, Read};"	https://github.com/PerryTS/turnloop/blob/a0fbb1bf9a100bb3215219f54301b9ee82ffe71f/protocols/turnloop-zstd-decoder/src/decoding/streaming_decoder.rs#L7
protocols/turnloop-zstd-decoder/src/decoding/streaming_decoder.rs	32	cfg-selection	"/// #[cfg(feature = ""std"")]"	STILL TRUE — decoder feature/target selection	N default/all-features compile/test; PW2/PW3 select decoder reuse, not the entire upstream native corpus. Native reference zstd and interop corpus branches are excluded on wasm; no-std-only combinations not separately verified. I14/I17.	"/// ```no_run /// // `read_to_end` is not implemented by the no_std implementation. /// #[cfg(feature = ""std"")] /// { ///     use std::fs::File;"	https://github.com/PerryTS/turnloop/blob/a0fbb1bf9a100bb3215219f54301b9ee82ffe71f/protocols/turnloop-zstd-decoder/src/decoding/streaming_decoder.rs#L32
protocols/turnloop-zstd-decoder/src/decoding/streaming_decoder.rs	39	open-code	"///     let mut f: File = todo!(""Read a .zstd archive from somewhere"");"	STILL TRUE — example/comment placeholder	Documentation example or commented-out code, not executable production I/O.	"/// ///     // Read a Zstandard archive from the filesystem then decompress it into a vec. ///     let mut f: File = todo!(""Read a .zstd archive from somewhere""); ///     let mut decoder = StreamingDecoder::new(f).unwrap(); ///     let mut result = Vec::new();"	https://github.com/PerryTS/turnloop/blob/a0fbb1bf9a100bb3215219f54301b9ee82ffe71f/protocols/turnloop-zstd-decoder/src/decoding/streaming_decoder.rs#L39
protocols/turnloop-zstd-decoder/src/decoding/streaming_decoder.rs	117	open-code	// TODO add BlockDecodingStrategy::UntilCollectable(usize) that pushes this logic into the decode_blocks function	STILL TRUE — inherited TODO	Retained upstream decoder/encoder optimization, state/error handling or test-coverage TODO. I17; not evidence that HTTP decoding is absent.	// So we need to call this until we can actually collect enough bytes  // TODO add BlockDecodingStrategy::UntilCollectable(usize) that pushes this logic into the decode_blocks function while decoder.can_collect() < buf.len() && !decoder.is_finished() { //More bytes can be decoded	https://github.com/PerryTS/turnloop/blob/a0fbb1bf9a100bb3215219f54301b9ee82ffe71f/protocols/turnloop-zstd-decoder/src/decoding/streaming_decoder.rs#L117
protocols/turnloop-zstd-decoder/src/decoding/streaming_decoder.rs	128	cfg-selection	"#[cfg(feature = ""std"")]"	STILL TRUE — decoder feature/target selection	N default/all-features compile/test; PW2/PW3 select decoder reuse, not the entire upstream native corpus. Native reference zstd and interop corpus branches are excluded on wasm; no-std-only combinations not separately verified. I14/I17.	"Err(e) => { let err; #[cfg(feature = ""std"")] { err = Error::other(e);"	https://github.com/PerryTS/turnloop/blob/a0fbb1bf9a100bb3215219f54301b9ee82ffe71f/protocols/turnloop-zstd-decoder/src/decoding/streaming_decoder.rs#L128
protocols/turnloop-zstd-decoder/src/decoding/streaming_decoder.rs	132	cfg-selection	"#[cfg(not(feature = ""std""))]"	STILL TRUE — decoder feature/target selection	N default/all-features compile/test; PW2/PW3 select decoder reuse, not the entire upstream native corpus. Native reference zstd and interop corpus branches are excluded on wasm; no-std-only combinations not separately verified. I14/I17.	"err = Error::other(e); } #[cfg(not(feature = ""std""))] { err = Error::new(ErrorKind::Other, alloc::boxed::Box::new(e));"	https://github.com/PerryTS/turnloop/blob/a0fbb1bf9a100bb3215219f54301b9ee82ffe71f/protocols/turnloop-zstd-decoder/src/decoding/streaming_decoder.rs#L132
protocols/turnloop-zstd-decoder/src/dictionary/frequency.rs	49	cfg-selection	#[cfg(test)]	STILL TRUE — decoder feature/target selection	N default/all-features compile/test; PW2/PW3 select decoder reuse, not the entire upstream native corpus. Native reference zstd and interop corpus branches are excluded on wasm; no-std-only combinations not separately verified. I14/I17.	}  #[cfg(test)] mod tests { use super::estimate_frequency;	https://github.com/PerryTS/turnloop/blob/a0fbb1bf9a100bb3215219f54301b9ee82ffe71f/protocols/turnloop-zstd-decoder/src/dictionary/frequency.rs#L49
protocols/turnloop-zstd-decoder/src/dictionary/mod.rs	46	open-code	// TODO: move `k` here.	STILL TRUE — inherited TODO	Retained upstream decoder/encoder optimization, state/error handling or test-coverage TODO. I17; not evidence that HTTP decoding is absent.	/// /// Changing these values can improve the resulting dictionary size for certain datasets. // TODO: move `k` here. pub(super) struct DictParams { /// Segment size.	https://github.com/PerryTS/turnloop/blob/a0fbb1bf9a100bb3215219f54301b9ee82ffe71f/protocols/turnloop-zstd-decoder/src/dictionary/mod.rs#L46
protocols/turnloop-zstd-decoder/src/dictionary/reservoir.rs	110	cfg-selection	#[cfg(test)]	STILL TRUE — decoder feature/target selection	N default/all-features compile/test; PW2/PW3 select decoder reuse, not the entire upstream native corpus. Native reference zstd and interop corpus branches are excluded on wasm; no-std-only combinations not separately verified. I14/I17.	}  #[cfg(test)] mod tests { use super::Reservoir;	https://github.com/PerryTS/turnloop/blob/a0fbb1bf9a100bb3215219f54301b9ee82ffe71f/protocols/turnloop-zstd-decoder/src/dictionary/reservoir.rs#L110
protocols/turnloop-zstd-decoder/src/encoding/block_header.rs	39	cfg-selection	#[cfg(test)]	STILL TRUE — decoder feature/target selection	N default/all-features compile/test; PW2/PW3 select decoder reuse, not the entire upstream native corpus. Native reference zstd and interop corpus branches are excluded on wasm; no-std-only combinations not separately verified. I14/I17.	}  #[cfg(test)] mod tests { use super::BlockHeader;	https://github.com/PerryTS/turnloop/blob/a0fbb1bf9a100bb3215219f54301b9ee82ffe71f/protocols/turnloop-zstd-decoder/src/encoding/block_header.rs#L39
protocols/turnloop-zstd-decoder/src/encoding/blocks/compressed.rs	27	open-code	of: (offset + 3) as u32, // TODO make use of the offset history	STILL TRUE — inherited TODO	Retained upstream decoder/encoder optimization, state/error handling or test-coverage TODO. I17; not evidence that HTTP decoding is absent.	ll: literals.len() as u32, ml: match_len as u32, of: (offset + 3) as u32, // TODO make use of the offset history }); }	https://github.com/PerryTS/turnloop/blob/a0fbb1bf9a100bb3215219f54301b9ee82ffe71f/protocols/turnloop-zstd-decoder/src/encoding/blocks/compressed.rs#L27
protocols/turnloop-zstd-decoder/src/encoding/blocks/compressed.rs	54	open-code	// TODO store previously used tables	STILL TRUE — inherited TODO	Retained upstream decoder/encoder optimization, state/error handling or test-coverage TODO. I17; not evidence that HTTP decoding is absent.	 // Choose the tables // TODO store previously used tables let ll_mode = choose_table( state.fse_tables.ll_previous.as_ref(),	https://github.com/PerryTS/turnloop/blob/a0fbb1bf9a100bb3215219f54301b9ee82ffe71f/protocols/turnloop-zstd-decoder/src/encoding/blocks/compressed.rs#L54
protocols/turnloop-zstd-decoder/src/encoding/blocks/compressed.rs	125	open-code	// TODO check if the new table is better than the predefined and previous table	STILL TRUE — inherited TODO	Retained upstream decoder/encoder optimization, state/error handling or test-coverage TODO. I17; not evidence that HTTP decoding is absent.	max_log: u8, ) -> FseTableMode<'a> { // TODO check if the new table is better than the predefined and previous table let use_new_table = true; let use_previous_table = false;	https://github.com/PerryTS/turnloop/blob/a0fbb1bf9a100bb3215219f54301b9ee82ffe71f/protocols/turnloop-zstd-decoder/src/encoding/blocks/compressed.rs#L125
protocols/turnloop-zstd-decoder/src/encoding/blocks/compressed.rs	325	open-code	// TODO this is a very simple heuristic, maybe we should try to do better	STILL TRUE — inherited TODO	Retained upstream decoder/encoder optimization, state/error handling or test-coverage TODO. I17; not evidence that HTTP decoding is absent.	let (encoder_table, new_table) = if let Some(_table) = last_table { if let Some(diff) = _table.can_encode(&new_encoder_table) { // TODO this is a very simple heuristic, maybe we should try to do better if diff > 5 { (&new_encoder_table, true)	https://github.com/PerryTS/turnloop/blob/a0fbb1bf9a100bb3215219f54301b9ee82ffe71f/protocols/turnloop-zstd-decoder/src/encoding/blocks/compressed.rs#L325
protocols/turnloop-zstd-decoder/src/encoding/blocks/compressed.rs	349	open-code	"_ => unimplemented!(""too many literals""),"	STILL TRUE — active inherited panic	Published decoder fork retains encoder panic branch; not used by HTTP decode path. frame_compressor supports only Uncompressed/Fastest here; large literals branch has internal size preconditions. I17.	"1024..16384 => (0b10, 14), 16384..262144 => (0b11, 18), _ => unimplemented!(""too many literals""), }; "	https://github.com/PerryTS/turnloop/blob/a0fbb1bf9a100bb3215219f54301b9ee82ffe71f/protocols/turnloop-zstd-decoder/src/encoding/blocks/compressed.rs#L349
protocols/turnloop-zstd-decoder/src/encoding/frame_compressor.rs	5	cfg-selection	"#[cfg(feature = ""hash"")]"	STILL TRUE — decoder feature/target selection	N default/all-features compile/test; PW2/PW3 select decoder reuse, not the entire upstream native corpus. Native reference zstd and interop corpus branches are excluded on wasm; no-std-only combinations not separately verified. I14/I17.	"use alloc::vec::Vec; use core::convert::TryInto; #[cfg(feature = ""hash"")] use twox_hash::XxHash64; "	https://github.com/PerryTS/turnloop/blob/a0fbb1bf9a100bb3215219f54301b9ee82ffe71f/protocols/turnloop-zstd-decoder/src/encoding/frame_compressor.rs#L5
protocols/turnloop-zstd-decoder/src/encoding/frame_compressor.rs	8	cfg-selection	"#[cfg(feature = ""hash"")]"	STILL TRUE — decoder feature/target selection	N default/all-features compile/test; PW2/PW3 select decoder reuse, not the entire upstream native corpus. Native reference zstd and interop corpus branches are excluded on wasm; no-std-only combinations not separately verified. I14/I17.	"use twox_hash::XxHash64;  #[cfg(feature = ""hash"")] use core::hash::Hasher; "	https://github.com/PerryTS/turnloop/blob/a0fbb1bf9a100bb3215219f54301b9ee82ffe71f/protocols/turnloop-zstd-decoder/src/encoding/frame_compressor.rs#L8
protocols/turnloop-zstd-decoder/src/encoding/frame_compressor.rs	43	cfg-selection	"#[cfg(feature = ""hash"")]"	STILL TRUE — decoder feature/target selection	N default/all-features compile/test; PW2/PW3 select decoder reuse, not the entire upstream native corpus. Native reference zstd and interop corpus branches are excluded on wasm; no-std-only combinations not separately verified. I14/I17.	"compression_level: CompressionLevel, state: CompressState<M>, #[cfg(feature = ""hash"")] hasher: XxHash64, }"	https://github.com/PerryTS/turnloop/blob/a0fbb1bf9a100bb3215219f54301b9ee82ffe71f/protocols/turnloop-zstd-decoder/src/encoding/frame_compressor.rs#L43
protocols/turnloop-zstd-decoder/src/encoding/frame_compressor.rs	87	cfg-selection	"#[cfg(feature = ""hash"")]"	STILL TRUE — decoder feature/target selection	N default/all-features compile/test; PW2/PW3 select decoder reuse, not the entire upstream native corpus. Native reference zstd and interop corpus branches are excluded on wasm; no-std-only combinations not separately verified. I14/I17.	"fse_tables: FseTables::new(), }, #[cfg(feature = ""hash"")] hasher: XxHash64::with_seed(0), }"	https://github.com/PerryTS/turnloop/blob/a0fbb1bf9a100bb3215219f54301b9ee82ffe71f/protocols/turnloop-zstd-decoder/src/encoding/frame_compressor.rs#L87
protocols/turnloop-zstd-decoder/src/encoding/frame_compressor.rs	105	cfg-selection	"#[cfg(feature = ""hash"")]"	STILL TRUE — decoder feature/target selection	N default/all-features compile/test; PW2/PW3 select decoder reuse, not the entire upstream native corpus. Native reference zstd and interop corpus branches are excluded on wasm; no-std-only combinations not separately verified. I14/I17.	"}, compression_level, #[cfg(feature = ""hash"")] hasher: XxHash64::with_seed(0), }"	https://github.com/PerryTS/turnloop/blob/a0fbb1bf9a100bb3215219f54301b9ee82ffe71f/protocols/turnloop-zstd-decoder/src/encoding/frame_compressor.rs#L105
protocols/turnloop-zstd-decoder/src/encoding/frame_compressor.rs	135	cfg-selection	"#[cfg(feature = ""hash"")]"	STILL TRUE — decoder feature/target selection	N default/all-features compile/test; PW2/PW3 select decoder reuse, not the entire upstream native corpus. Native reference zstd and interop corpus branches are excluded on wasm; no-std-only combinations not separately verified. I14/I17.	"self.state.matcher.reset(self.compression_level); self.state.last_huff_table = None; #[cfg(feature = ""hash"")] { self.hasher = XxHash64::with_seed(0);"	https://github.com/PerryTS/turnloop/blob/a0fbb1bf9a100bb3215219f54301b9ee82ffe71f/protocols/turnloop-zstd-decoder/src/encoding/frame_compressor.rs#L135
protocols/turnloop-zstd-decoder/src/encoding/frame_compressor.rs	147	cfg-selection	"content_checksum: cfg!(feature = ""hash""),"	STILL TRUE — decoder feature/target selection	N default/all-features compile/test; PW2/PW3 select decoder reuse, not the entire upstream native corpus. Native reference zstd and interop corpus branches are excluded on wasm; no-std-only combinations not separately verified. I14/I17.	"frame_content_size: None, single_segment: false, content_checksum: cfg!(feature = ""hash""), dictionary_id: None, window_size: Some(self.state.matcher.window_size()),"	https://github.com/PerryTS/turnloop/blob/a0fbb1bf9a100bb3215219f54301b9ee82ffe71f/protocols/turnloop-zstd-decoder/src/encoding/frame_compressor.rs#L147
protocols/turnloop-zstd-decoder/src/encoding/frame_compressor.rs	172	cfg-selection	"#[cfg(feature = ""hash"")]"	STILL TRUE — decoder feature/target selection	N default/all-features compile/test; PW2/PW3 select decoder reuse, not the entire upstream native corpus. Native reference zstd and interop corpus branches are excluded on wasm; no-std-only combinations not separately verified. I14/I17.	"uncompressed_data.resize(read_bytes, 0); // As we read, hash that data too #[cfg(feature = ""hash"")] self.hasher.write(&uncompressed_data); // Special handling is needed for compression of a totally empty file (why you'd want to do that, I don't know)"	https://github.com/PerryTS/turnloop/blob/a0fbb1bf9a100bb3215219f54301b9ee82ffe71f/protocols/turnloop-zstd-decoder/src/encoding/frame_compressor.rs#L172
protocols/turnloop-zstd-decoder/src/encoding/frame_compressor.rs	203	open-code	unimplemented!();	STILL TRUE — active inherited panic	Published decoder fork retains encoder panic branch; not used by HTTP decode path. frame_compressor supports only Uncompressed/Fastest here; large literals branch has internal size preconditions. I17.	} _ => { unimplemented!(); } }	https://github.com/PerryTS/turnloop/blob/a0fbb1bf9a100bb3215219f54301b9ee82ffe71f/protocols/turnloop-zstd-decoder/src/encoding/frame_compressor.rs#L203
protocols/turnloop-zstd-decoder/src/encoding/frame_compressor.rs	215	cfg-selection	"#[cfg(feature = ""hash"")]"	STILL TRUE — decoder feature/target selection	N default/all-features compile/test; PW2/PW3 select decoder reuse, not the entire upstream native corpus. Native reference zstd and interop corpus branches are excluded on wasm; no-std-only combinations not separately verified. I14/I17.	"// If the `hash` feature is enabled, then `content_checksum` is set to true in the header // and a 32 bit hash is written at the end of the data. #[cfg(feature = ""hash"")] { // Because we only have the data as a reader, we need to read all of it to calculate the checksum"	https://github.com/PerryTS/turnloop/blob/a0fbb1bf9a100bb3215219f54301b9ee82ffe71f/protocols/turnloop-zstd-decoder/src/encoding/frame_compressor.rs#L215
protocols/turnloop-zstd-decoder/src/encoding/frame_compressor.rs	218	open-code	// Possible TODO: create a wrapper around self.uncompressed data that hashes the data as it's read?	STILL TRUE — inherited TODO	Retained upstream decoder/encoder optimization, state/error handling or test-coverage TODO. I17; not evidence that HTTP decoding is absent.	{ // Because we only have the data as a reader, we need to read all of it to calculate the checksum // Possible TODO: create a wrapper around self.uncompressed data that hashes the data as it's read? let content_checksum = self.hasher.finish(); drain	https://github.com/PerryTS/turnloop/blob/a0fbb1bf9a100bb3215219f54301b9ee82ffe71f/protocols/turnloop-zstd-decoder/src/encoding/frame_compressor.rs#L218
protocols/turnloop-zstd-decoder/src/encoding/frame_compressor.rs	278	cfg-selection	#[cfg(test)]	STILL TRUE — decoder feature/target selection	N default/all-features compile/test; PW2/PW3 select decoder reuse, not the entire upstream native corpus. Native reference zstd and interop corpus branches are excluded on wasm; no-std-only combinations not separately verified. I14/I17.	}  #[cfg(test)] mod tests { use alloc::vec;	https://github.com/PerryTS/turnloop/blob/a0fbb1bf9a100bb3215219f54301b9ee82ffe71f/protocols/turnloop-zstd-decoder/src/encoding/frame_compressor.rs#L278
protocols/turnloop-zstd-decoder/src/encoding/frame_compressor.rs	310	cfg-selection	"#[cfg(not(target_arch = ""wasm32""))]"	STILL TRUE — decoder feature/target selection	N default/all-features compile/test; PW2/PW3 select decoder reuse, not the entire upstream native corpus. Native reference zstd and interop corpus branches are excluded on wasm; no-std-only combinations not separately verified. I14/I17.	"}  #[cfg(not(target_arch = ""wasm32""))] #[test] fn very_simple_compress() {"	https://github.com/PerryTS/turnloop/blob/a0fbb1bf9a100bb3215219f54301b9ee82ffe71f/protocols/turnloop-zstd-decoder/src/encoding/frame_compressor.rs#L310
protocols/turnloop-zstd-decoder/src/encoding/frame_compressor.rs	351	cfg-selection	"#[cfg(not(target_arch = ""wasm32""))]"	STILL TRUE — decoder feature/target selection	N default/all-features compile/test; PW2/PW3 select decoder reuse, not the entire upstream native corpus. Native reference zstd and interop corpus branches are excluded on wasm; no-std-only combinations not separately verified. I14/I17.	"}  #[cfg(not(target_arch = ""wasm32""))] #[test] fn aaa_compress() {"	https://github.com/PerryTS/turnloop/blob/a0fbb1bf9a100bb3215219f54301b9ee82ffe71f/protocols/turnloop-zstd-decoder/src/encoding/frame_compressor.rs#L351
protocols/turnloop-zstd-decoder/src/encoding/frame_compressor.rs	372	cfg-selection	"#[cfg(feature = ""hash"")]"	STILL TRUE — decoder feature/target selection	N default/all-features compile/test; PW2/PW3 select decoder reuse, not the entire upstream native corpus. Native reference zstd and interop corpus branches are excluded on wasm; no-std-only combinations not separately verified. I14/I17.	"}  #[cfg(feature = ""hash"")] #[test] fn checksum_two_frames_reused_compressor() {"	https://github.com/PerryTS/turnloop/blob/a0fbb1bf9a100bb3215219f54301b9ee82ffe71f/protocols/turnloop-zstd-decoder/src/encoding/frame_compressor.rs#L372
protocols/turnloop-zstd-decoder/src/encoding/frame_compressor.rs	436	cfg-selection	"#[cfg(feature = ""std"")]"	STILL TRUE — decoder feature/target selection	N default/all-features compile/test; PW2/PW3 select decoder reuse, not the entire upstream native corpus. Native reference zstd and interop corpus branches are excluded on wasm; no-std-only combinations not separately verified. I14/I17.	"}  #[cfg(feature = ""std"")] #[cfg(not(target_arch = ""wasm32""))] #[test]"	https://github.com/PerryTS/turnloop/blob/a0fbb1bf9a100bb3215219f54301b9ee82ffe71f/protocols/turnloop-zstd-decoder/src/encoding/frame_compressor.rs#L436
protocols/turnloop-zstd-decoder/src/encoding/frame_compressor.rs	437	cfg-selection	"#[cfg(not(target_arch = ""wasm32""))]"	STILL TRUE — decoder feature/target selection	N default/all-features compile/test; PW2/PW3 select decoder reuse, not the entire upstream native corpus. Native reference zstd and interop corpus branches are excluded on wasm; no-std-only combinations not separately verified. I14/I17.	" #[cfg(feature = ""std"")] #[cfg(not(target_arch = ""wasm32""))] #[test] fn fuzz_targets() {"	https://github.com/PerryTS/turnloop/blob/a0fbb1bf9a100bb3215219f54301b9ee82ffe71f/protocols/turnloop-zstd-decoder/src/encoding/frame_compressor.rs#L437
protocols/turnloop-zstd-decoder/src/encoding/frame_header.rs	44	open-code	// TODO: https://github.com/facebook/zstd/blob/dev/doc/zstd_compression_format.md#window_descriptor	STILL TRUE — inherited TODO	Retained upstream decoder/encoder optimization, state/error handling or test-coverage TODO. I17; not evidence that HTTP decoding is absent.	 // `Window_Descriptor // TODO: https://github.com/facebook/zstd/blob/dev/doc/zstd_compression_format.md#window_descriptor if !self.single_segment { if let Some(window_size) = self.window_size {	https://github.com/PerryTS/turnloop/blob/a0fbb1bf9a100bb3215219f54301b9ee82ffe71f/protocols/turnloop-zstd-decoder/src/encoding/frame_header.rs#L44
protocols/turnloop-zstd-decoder/src/encoding/frame_header.rs	74	open-code	// TODO: The Frame_Content_Size field isn't set at all, we should prefer to include it always.	STILL TRUE — inherited TODO	Retained upstream decoder/encoder optimization, state/error handling or test-coverage TODO. I17; not evidence that HTTP decoding is absent.	// The Frame_Content_Size_flag specifies if // the Frame_Content_Size field is provided within the header. // TODO: The Frame_Content_Size field isn't set at all, we should prefer to include it always. // If the `Single_Segment_flag` is set and this value is zero, // the size of the FCS field is 1 byte.	https://github.com/PerryTS/turnloop/blob/a0fbb1bf9a100bb3215219f54301b9ee82ffe71f/protocols/turnloop-zstd-decoder/src/encoding/frame_header.rs#L74
protocols/turnloop-zstd-decoder/src/encoding/frame_header.rs	163	cfg-selection	#[cfg(test)]	STILL TRUE — decoder feature/target selection	N default/all-features compile/test; PW2/PW3 select decoder reuse, not the entire upstream native corpus. Native reference zstd and interop corpus branches are excluded on wasm; no-std-only combinations not separately verified. I14/I17.	}  #[cfg(test)] mod tests { use super::FrameHeader;	https://github.com/PerryTS/turnloop/blob/a0fbb1bf9a100bb3215219f54301b9ee82ffe71f/protocols/turnloop-zstd-decoder/src/encoding/frame_header.rs#L163
protocols/turnloop-zstd-decoder/src/encoding/match_generator.rs	167	cfg-selection	#[cfg(debug_assertions)]	STILL TRUE — decoder feature/target selection	N default/all-features compile/test; PW2/PW3 select decoder reuse, not the entire upstream native corpus. Native reference zstd and interop corpus branches are excluded on wasm; no-std-only combinations not separately verified. I14/I17.	window: Vec<WindowEntry>, window_size: usize, #[cfg(debug_assertions)] concat_window: Vec<u8>, /// Index in the last slice that we already processed	https://github.com/PerryTS/turnloop/blob/a0fbb1bf9a100bb3215219f54301b9ee82ffe71f/protocols/turnloop-zstd-decoder/src/encoding/match_generator.rs#L167
protocols/turnloop-zstd-decoder/src/encoding/match_generator.rs	182	cfg-selection	#[cfg(debug_assertions)]	STILL TRUE — decoder feature/target selection	N default/all-features compile/test; PW2/PW3 select decoder reuse, not the entire upstream native corpus. Native reference zstd and interop corpus branches are excluded on wasm; no-std-only combinations not separately verified. I14/I17.	window: Vec::new(), window_size: 0, #[cfg(debug_assertions)] concat_window: Vec::new(), suffix_idx: 0,	https://github.com/PerryTS/turnloop/blob/a0fbb1bf9a100bb3215219f54301b9ee82ffe71f/protocols/turnloop-zstd-decoder/src/encoding/match_generator.rs#L182
protocols/turnloop-zstd-decoder/src/encoding/match_generator.rs	191	cfg-selection	#[cfg(debug_assertions)]	STILL TRUE — decoder feature/target selection	N default/all-features compile/test; PW2/PW3 select decoder reuse, not the entire upstream native corpus. Native reference zstd and interop corpus branches are excluded on wasm; no-std-only combinations not separately verified. I14/I17.	fn reset(&mut self, mut reuse_space: impl FnMut(Vec<u8>, SuffixStore)) { self.window_size = 0; #[cfg(debug_assertions)] self.concat_window.clear(); self.suffix_idx = 0;	https://github.com/PerryTS/turnloop/blob/a0fbb1bf9a100bb3215219f54301b9ee82ffe71f/protocols/turnloop-zstd-decoder/src/encoding/match_generator.rs#L191
protocols/turnloop-zstd-decoder/src/encoding/match_generator.rs	255	cfg-selection	#[cfg(debug_assertions)]	STILL TRUE — decoder feature/target selection	N default/all-features compile/test; PW2/PW3 select decoder reuse, not the entire upstream native corpus. Native reference zstd and interop corpus branches are excluded on wasm; no-std-only combinations not separately verified. I14/I17.	 // If we are in debug/tests make sure the match we found is actually at the offset we calculated #[cfg(debug_assertions)] { let unprocessed = last_entry.data.len() - self.suffix_idx;	https://github.com/PerryTS/turnloop/blob/a0fbb1bf9a100bb3215219f54301b9ee82ffe71f/protocols/turnloop-zstd-decoder/src/encoding/match_generator.rs#L255
protocols/turnloop-zstd-decoder/src/encoding/match_generator.rs	360	cfg-selection	#[cfg(debug_assertions)]	STILL TRUE — decoder feature/target selection	N default/all-features compile/test; PW2/PW3 select decoder reuse, not the entire upstream native corpus. Native reference zstd and interop corpus branches are excluded on wasm; no-std-only combinations not separately verified. I14/I17.	); self.reserve(data.len(), reuse_space); #[cfg(debug_assertions)] self.concat_window.extend_from_slice(&data); 	https://github.com/PerryTS/turnloop/blob/a0fbb1bf9a100bb3215219f54301b9ee82ffe71f/protocols/turnloop-zstd-decoder/src/encoding/match_generator.rs#L360
protocols/turnloop-zstd-decoder/src/encoding/match_generator.rs	387	cfg-selection	#[cfg(debug_assertions)]	STILL TRUE — decoder feature/target selection	N default/all-features compile/test; PW2/PW3 select decoder reuse, not the entire upstream native corpus. Native reference zstd and interop corpus branches are excluded on wasm; no-std-only combinations not separately verified. I14/I17.	let removed = self.window.remove(0); self.window_size -= removed.data.len(); #[cfg(debug_assertions)] self.concat_window.drain(0..removed.data.len()); 	https://github.com/PerryTS/turnloop/blob/a0fbb1bf9a100bb3215219f54301b9ee82ffe71f/protocols/turnloop-zstd-decoder/src/encoding/match_generator.rs#L387
protocols/turnloop-zstd-decoder/src/encoding/util.rs	32	cfg-selection	#[cfg(test)]	STILL TRUE — decoder feature/target selection	N default/all-features compile/test; PW2/PW3 select decoder reuse, not the entire upstream native corpus. Native reference zstd and interop corpus branches are excluded on wasm; no-std-only combinations not separately verified. I14/I17.	}  #[cfg(test)] mod tests { use super::find_min_size;	https://github.com/PerryTS/turnloop/blob/a0fbb1bf9a100bb3215219f54301b9ee82ffe71f/protocols/turnloop-zstd-decoder/src/encoding/util.rs#L32
protocols/turnloop-zstd-decoder/src/fse/fse_encoder.rs	14	cfg-selection	"#[cfg(any(test, feature = ""fuzz_exports""))]"	STILL TRUE — decoder feature/target selection	N default/all-features compile/test; PW2/PW3 select decoder reuse, not the entire upstream native corpus. Native reference zstd and interop corpus branches are excluded on wasm; no-std-only combinations not separately verified. I14/I17.	"}  #[cfg(any(test, feature = ""fuzz_exports""))] pub fn into_table(self) -> FSETable { self.table"	https://github.com/PerryTS/turnloop/blob/a0fbb1bf9a100bb3215219f54301b9ee82ffe71f/protocols/turnloop-zstd-decoder/src/fse/fse_encoder.rs#L14
protocols/turnloop-zstd-decoder/src/fse/fse_encoder.rs	25	cfg-selection	"#[cfg(any(test, feature = ""fuzz_exports""))]"	STILL TRUE — decoder feature/target selection	N default/all-features compile/test; PW2/PW3 select decoder reuse, not the entire upstream native corpus. Native reference zstd and interop corpus branches are excluded on wasm; no-std-only combinations not separately verified. I14/I17.	"/// * Last state index /// * Padding bits to fill up last byte #[cfg(any(test, feature = ""fuzz_exports""))] pub fn encode(&mut self, data: &[u8]) { self.write_table();"	https://github.com/PerryTS/turnloop/blob/a0fbb1bf9a100bb3215219f54301b9ee82ffe71f/protocols/turnloop-zstd-decoder/src/fse/fse_encoder.rs#L25
protocols/turnloop-zstd-decoder/src/fse/fse_encoder.rs	283	open-code	// TODO is this optimal?	STILL TRUE — inherited TODO	Retained upstream decoder/encoder optimization, state/error handling or test-coverage TODO. I17; not evidence that HTTP decoding is absent.	if sum < 1 << acc_log { // just raise the maximum probability as much as possible // TODO is this optimal? let diff = (1 << acc_log) - sum; let max = probs.iter_mut().max().unwrap();	https://github.com/PerryTS/turnloop/blob/a0fbb1bf9a100bb3215219f54301b9ee82ffe71f/protocols/turnloop-zstd-decoder/src/fse/fse_encoder.rs#L283
protocols/turnloop-zstd-decoder/src/fse/mod.rs	31	cfg-selection	"#[cfg(any(test, feature = ""fuzz_exports""))]"	STILL TRUE — decoder feature/target selection	N default/all-features compile/test; PW2/PW3 select decoder reuse, not the entire upstream native corpus. Native reference zstd and interop corpus branches are excluded on wasm; no-std-only combinations not separately verified. I14/I17.	"}  #[cfg(any(test, feature = ""fuzz_exports""))] fn check_tables(dec_table: &fse_decoder::FSETable, enc_table: &fse_encoder::FSETable) { for (idx, dec_state) in dec_table.decode.iter().enumerate() {"	https://github.com/PerryTS/turnloop/blob/a0fbb1bf9a100bb3215219f54301b9ee82ffe71f/protocols/turnloop-zstd-decoder/src/fse/mod.rs#L31
protocols/turnloop-zstd-decoder/src/fse/mod.rs	63	cfg-selection	"#[cfg(feature = ""std"")]"	STILL TRUE — decoder feature/target selection	N default/all-features compile/test; PW2/PW3 select decoder reuse, not the entire upstream native corpus. Native reference zstd and interop corpus branches are excluded on wasm; no-std-only combinations not separately verified. I14/I17.	"round_trip(&data);  #[cfg(feature = ""std"")] if std::fs::exists(""fuzz/artifacts/fse"").unwrap_or(false) { for file in std::fs::read_dir(""fuzz/artifacts/fse"").unwrap() {"	https://github.com/PerryTS/turnloop/blob/a0fbb1bf9a100bb3215219f54301b9ee82ffe71f/protocols/turnloop-zstd-decoder/src/fse/mod.rs#L63
protocols/turnloop-zstd-decoder/src/fse/mod.rs	79	cfg-selection	"#[cfg(any(test, feature = ""fuzz_exports""))]"	STILL TRUE — decoder feature/target selection	N default/all-features compile/test; PW2/PW3 select decoder reuse, not the entire upstream native corpus. Native reference zstd and interop corpus branches are excluded on wasm; no-std-only combinations not separately verified. I14/I17.	"/// Decodes the result again by first decoding the table and then the data /// Asserts that the decoded data equals the input #[cfg(any(test, feature = ""fuzz_exports""))] pub fn round_trip(data: &[u8]) { use crate::bit_io::{BitReaderReversed, BitWriter};"	https://github.com/PerryTS/turnloop/blob/a0fbb1bf9a100bb3215219f54301b9ee82ffe71f/protocols/turnloop-zstd-decoder/src/fse/mod.rs#L79
protocols/turnloop-zstd-decoder/src/huff0/huff0_encoder.rs	120	open-code	// TODO strategy for determining this?	STILL TRUE — inherited TODO	Retained upstream decoder/encoder optimization, state/error handling or test-coverage TODO. I17; not evidence that HTTP decoding is absent.	 fn write_table(&mut self) { // TODO strategy for determining this? let weights = self.weights(); let weights = &weights[..weights.len() - 1]; // dont encode last weight	https://github.com/PerryTS/turnloop/blob/a0fbb1bf9a100bb3215219f54301b9ee82ffe71f/protocols/turnloop-zstd-decoder/src/huff0/huff0_encoder.rs#L120
protocols/turnloop-zstd-decoder/src/huff0/huff0_encoder.rs	202	open-code	// TODO this doesn't need to be a temporary Vec, it could be done in a [_; 264]	STILL TRUE — inherited TODO	Retained upstream decoder/encoder optimization, state/error handling or test-coverage TODO. I17; not evidence that HTTP decoding is absent.	}  // TODO this doesn't need to be a temporary Vec, it could be done in a [_; 264] // only non-zero weights are interesting here for (symbol, weight) in weights.iter().copied().enumerate() {	https://github.com/PerryTS/turnloop/blob/a0fbb1bf9a100bb3215219f54301b9ee82ffe71f/protocols/turnloop-zstd-decoder/src/huff0/huff0_encoder.rs#L202
protocols/turnloop-zstd-decoder/src/huff0/huff0_encoder.rs	323	open-code	// TODO we could maybe instead do this until add_new <= available_space?	STILL TRUE — inherited TODO	Retained upstream decoder/encoder optimization, state/error handling or test-coverage TODO. I17; not evidence that HTTP decoding is absent.	// We instead add 1 of a bigger weight and start the cycle again if add_new > available_space { // TODO we could maybe instead do this until add_new <= available_space? //  target_weight += 1 //  add_new /= 2	https://github.com/PerryTS/turnloop/blob/a0fbb1bf9a100bb3215219f54301b9ee82ffe71f/protocols/turnloop-zstd-decoder/src/huff0/huff0_encoder.rs#L323
protocols/turnloop-zstd-decoder/src/huff0/mod.rs	14	cfg-selection	"#[cfg(any(test, feature = ""fuzz_exports""))]"	STILL TRUE — decoder feature/target selection	N default/all-features compile/test; PW2/PW3 select decoder reuse, not the entire upstream native corpus. Native reference zstd and interop corpus branches are excluded on wasm; no-std-only combinations not separately verified. I14/I17.	"/// Decodes the result again by first decoding the table and then the data /// Asserts that the decoded data equals the input #[cfg(any(test, feature = ""fuzz_exports""))] pub fn round_trip(data: &[u8]) { use crate::bit_io::{BitReaderReversed, BitWriter};"	https://github.com/PerryTS/turnloop/blob/a0fbb1bf9a100bb3215219f54301b9ee82ffe71f/protocols/turnloop-zstd-decoder/src/huff0/mod.rs#L14
protocols/turnloop-zstd-decoder/src/huff0/mod.rs	75	cfg-selection	"#[cfg(feature = ""std"")]"	STILL TRUE — decoder feature/target selection	N default/all-features compile/test; PW2/PW3 select decoder reuse, not the entire upstream native corpus. Native reference zstd and interop corpus branches are excluded on wasm; no-std-only combinations not separately verified. I14/I17.	"}  #[cfg(feature = ""std"")] if std::fs::exists(""fuzz/artifacts/huff0"").unwrap_or(false) { for file in std::fs::read_dir(""fuzz/artifacts/huff0"").unwrap() {"	https://github.com/PerryTS/turnloop/blob/a0fbb1bf9a100bb3215219f54301b9ee82ffe71f/protocols/turnloop-zstd-decoder/src/huff0/mod.rs#L75
protocols/turnloop-zstd-decoder/src/io_std.rs	2	cfg-selection	"#[cfg(feature = ""std"")]"	STILL TRUE — decoder feature/target selection	N default/all-features compile/test; PW2/PW3 select decoder reuse, not the entire upstream native corpus. Native reference zstd and interop corpus branches are excluded on wasm; no-std-only combinations not separately verified. I14/I17.	"//! Re-exports of std traits or local reimplementations if std is not available #[cfg(feature = ""std"")] pub use std::io::{Error, ErrorKind, Read, Write};"	https://github.com/PerryTS/turnloop/blob/a0fbb1bf9a100bb3215219f54301b9ee82ffe71f/protocols/turnloop-zstd-decoder/src/io_std.rs#L2
protocols/turnloop-zstd-decoder/src/lib.rs	17	cfg-selection	"#[cfg(feature = ""std"")]"	STILL TRUE — decoder feature/target selection	N default/all-features compile/test; PW2/PW3 select decoder reuse, not the entire upstream native corpus. Native reference zstd and interop corpus branches are excluded on wasm; no-std-only combinations not separately verified. I14/I17.	"#![deny(trivial_casts, trivial_numeric_casts, rust_2018_idioms)]  #[cfg(feature = ""std"")] extern crate std; "	https://github.com/PerryTS/turnloop/blob/a0fbb1bf9a100bb3215219f54301b9ee82ffe71f/protocols/turnloop-zstd-decoder/src/lib.rs#L17
protocols/turnloop-zstd-decoder/src/lib.rs	22	cfg-selection	"#[cfg(feature = ""std"")]"	STILL TRUE — decoder feature/target selection	N default/all-features compile/test; PW2/PW3 select decoder reuse, not the entire upstream native corpus. Native reference zstd and interop corpus branches are excluded on wasm; no-std-only combinations not separately verified. I14/I17.	"extern crate alloc;  #[cfg(feature = ""std"")] pub(crate) const VERBOSE: bool = false; "	https://github.com/PerryTS/turnloop/blob/a0fbb1bf9a100bb3215219f54301b9ee82ffe71f/protocols/turnloop-zstd-decoder/src/lib.rs#L22
protocols/turnloop-zstd-decoder/src/lib.rs	27	cfg-selection	"#[cfg(feature = ""std"")]"	STILL TRUE — decoder feature/target selection	N default/all-features compile/test; PW2/PW3 select decoder reuse, not the entire upstream native corpus. Native reference zstd and interop corpus branches are excluded on wasm; no-std-only combinations not separately verified. I14/I17.	"macro_rules! vprintln { ($($x:expr),*) => { #[cfg(feature = ""std"")] if crate::VERBOSE { std::println!($($x),*);"	https://github.com/PerryTS/turnloop/blob/a0fbb1bf9a100bb3215219f54301b9ee82ffe71f/protocols/turnloop-zstd-decoder/src/lib.rs#L27
protocols/turnloop-zstd-decoder/src/lib.rs	37	cfg-selection	"#[cfg(feature = ""dict_builder"")]"	STILL TRUE — decoder feature/target selection	N default/all-features compile/test; PW2/PW3 select decoder reuse, not the entire upstream native corpus. Native reference zstd and interop corpus branches are excluded on wasm; no-std-only combinations not separately verified. I14/I17.	"mod common; pub mod decoding; #[cfg(feature = ""dict_builder"")] #[cfg_attr(docsrs, doc(cfg(feature = ""dict_builder"")))] pub mod dictionary;"	https://github.com/PerryTS/turnloop/blob/a0fbb1bf9a100bb3215219f54301b9ee82ffe71f/protocols/turnloop-zstd-decoder/src/lib.rs#L37
protocols/turnloop-zstd-decoder/src/lib.rs	38	cfg-selection	"#[cfg_attr(docsrs, doc(cfg(feature = ""dict_builder"")))]"	STILL TRUE — decoder feature/target selection	N default/all-features compile/test; PW2/PW3 select decoder reuse, not the entire upstream native corpus. Native reference zstd and interop corpus branches are excluded on wasm; no-std-only combinations not separately verified. I14/I17.	"pub mod decoding; #[cfg(feature = ""dict_builder"")] #[cfg_attr(docsrs, doc(cfg(feature = ""dict_builder"")))] pub mod dictionary; pub mod encoding;"	https://github.com/PerryTS/turnloop/blob/a0fbb1bf9a100bb3215219f54301b9ee82ffe71f/protocols/turnloop-zstd-decoder/src/lib.rs#L38
protocols/turnloop-zstd-decoder/src/lib.rs	44	cfg-selection	"#[cfg(feature = ""fuzz_exports"")]"	STILL TRUE — decoder feature/target selection	N default/all-features compile/test; PW2/PW3 select decoder reuse, not the entire upstream native corpus. Native reference zstd and interop corpus branches are excluded on wasm; no-std-only combinations not separately verified. I14/I17.	"pub(crate) mod blocks;  #[cfg(feature = ""fuzz_exports"")] pub mod fse; #[cfg(feature = ""fuzz_exports"")]"	https://github.com/PerryTS/turnloop/blob/a0fbb1bf9a100bb3215219f54301b9ee82ffe71f/protocols/turnloop-zstd-decoder/src/lib.rs#L44
protocols/turnloop-zstd-decoder/src/lib.rs	46	cfg-selection	"#[cfg(feature = ""fuzz_exports"")]"	STILL TRUE — decoder feature/target selection	N default/all-features compile/test; PW2/PW3 select decoder reuse, not the entire upstream native corpus. Native reference zstd and interop corpus branches are excluded on wasm; no-std-only combinations not separately verified. I14/I17.	"#[cfg(feature = ""fuzz_exports"")] pub mod fse; #[cfg(feature = ""fuzz_exports"")] pub mod huff0; "	https://github.com/PerryTS/turnloop/blob/a0fbb1bf9a100bb3215219f54301b9ee82ffe71f/protocols/turnloop-zstd-decoder/src/lib.rs#L46
protocols/turnloop-zstd-decoder/src/lib.rs	49	cfg-selection	"#[cfg(not(feature = ""fuzz_exports""))]"	STILL TRUE — decoder feature/target selection	N default/all-features compile/test; PW2/PW3 select decoder reuse, not the entire upstream native corpus. Native reference zstd and interop corpus branches are excluded on wasm; no-std-only combinations not separately verified. I14/I17.	"pub mod huff0;  #[cfg(not(feature = ""fuzz_exports""))] pub(crate) mod fse; #[cfg(not(feature = ""fuzz_exports""))]"	https://github.com/PerryTS/turnloop/blob/a0fbb1bf9a100bb3215219f54301b9ee82ffe71f/protocols/turnloop-zstd-decoder/src/lib.rs#L49
protocols/turnloop-zstd-decoder/src/lib.rs	51	cfg-selection	"#[cfg(not(feature = ""fuzz_exports""))]"	STILL TRUE — decoder feature/target selection	N default/all-features compile/test; PW2/PW3 select decoder reuse, not the entire upstream native corpus. Native reference zstd and interop corpus branches are excluded on wasm; no-std-only combinations not separately verified. I14/I17.	"#[cfg(not(feature = ""fuzz_exports""))] pub(crate) mod fse; #[cfg(not(feature = ""fuzz_exports""))] pub(crate) mod huff0; "	https://github.com/PerryTS/turnloop/blob/a0fbb1bf9a100bb3215219f54301b9ee82ffe71f/protocols/turnloop-zstd-decoder/src/lib.rs#L51
protocols/turnloop-zstd-decoder/src/lib.rs	54	cfg-selection	"#[cfg(feature = ""std"")]"	STILL TRUE — decoder feature/target selection	N default/all-features compile/test; PW2/PW3 select decoder reuse, not the entire upstream native corpus. Native reference zstd and interop corpus branches are excluded on wasm; no-std-only combinations not separately verified. I14/I17.	"pub(crate) mod huff0;  #[cfg(feature = ""std"")] pub mod io_std; "	https://github.com/PerryTS/turnloop/blob/a0fbb1bf9a100bb3215219f54301b9ee82ffe71f/protocols/turnloop-zstd-decoder/src/lib.rs#L54
protocols/turnloop-zstd-decoder/src/lib.rs	57	cfg-selection	"#[cfg(feature = ""std"")]"	STILL TRUE — decoder feature/target selection	N default/all-features compile/test; PW2/PW3 select decoder reuse, not the entire upstream native corpus. Native reference zstd and interop corpus branches are excluded on wasm; no-std-only combinations not separately verified. I14/I17.	"pub mod io_std;  #[cfg(feature = ""std"")] pub use io_std as io; "	https://github.com/PerryTS/turnloop/blob/a0fbb1bf9a100bb3215219f54301b9ee82ffe71f/protocols/turnloop-zstd-decoder/src/lib.rs#L57
protocols/turnloop-zstd-decoder/src/lib.rs	60	cfg-selection	"#[cfg(not(feature = ""std""))]"	STILL TRUE — decoder feature/target selection	N default/all-features compile/test; PW2/PW3 select decoder reuse, not the entire upstream native corpus. Native reference zstd and interop corpus branches are excluded on wasm; no-std-only combinations not separately verified. I14/I17.	"pub use io_std as io;  #[cfg(not(feature = ""std""))] pub mod io_nostd; "	https://github.com/PerryTS/turnloop/blob/a0fbb1bf9a100bb3215219f54301b9ee82ffe71f/protocols/turnloop-zstd-decoder/src/lib.rs#L60
protocols/turnloop-zstd-decoder/src/lib.rs	63	cfg-selection	"#[cfg(not(feature = ""std""))]"	STILL TRUE — decoder feature/target selection	N default/all-features compile/test; PW2/PW3 select decoder reuse, not the entire upstream native corpus. Native reference zstd and interop corpus branches are excluded on wasm; no-std-only combinations not separately verified. I14/I17.	"pub mod io_nostd;  #[cfg(not(feature = ""std""))] pub use io_nostd as io; "	https://github.com/PerryTS/turnloop/blob/a0fbb1bf9a100bb3215219f54301b9ee82ffe71f/protocols/turnloop-zstd-decoder/src/lib.rs#L63
protocols/turnloop-zstd-decoder/src/tests/decode_corpus.rs	18	cfg-selection	"#[cfg_attr(not(feature = ""hash""), allow(unused_mut))]"	STILL TRUE — decoder feature/target selection	N default/all-features compile/test; PW2/PW3 select decoder reuse, not the entire upstream native corpus. Native reference zstd and interop corpus branches are excluded on wasm; no-std-only combinations not separately verified. I14/I17.	"let mut fail_counter_size = 0; let mut fail_counter_bytes_read = 0; #[cfg_attr(not(feature = ""hash""), allow(unused_mut))] let mut fail_counter_chksum = 0; let mut total_counter = 0;"	https://github.com/PerryTS/turnloop/blob/a0fbb1bf9a100bb3215219f54301b9ee82ffe71f/protocols/turnloop-zstd-decoder/src/tests/decode_corpus.rs#L18
protocols/turnloop-zstd-decoder/src/tests/decode_corpus.rs	63	cfg-selection	"#[cfg(feature = ""hash"")]"	STILL TRUE — decoder feature/target selection	N default/all-features compile/test; PW2/PW3 select decoder reuse, not the entire upstream native corpus. Native reference zstd and interop corpus branches are excluded on wasm; no-std-only combinations not separately verified. I14/I17.	"match frame_dec.get_checksum_from_data() { Some(chksum) => { #[cfg(feature = ""hash"")] if frame_dec.get_calculated_checksum().unwrap() != chksum { println!("	https://github.com/PerryTS/turnloop/blob/a0fbb1bf9a100bb3215219f54301b9ee82ffe71f/protocols/turnloop-zstd-decoder/src/tests/decode_corpus.rs#L63
protocols/turnloop-zstd-decoder/src/tests/decode_corpus.rs	75	cfg-selection	"#[cfg(not(feature = ""hash""))]"	STILL TRUE — decoder feature/target selection	N default/all-features compile/test; PW2/PW3 select decoder reuse, not the entire upstream native corpus. Native reference zstd and interop corpus branches are excluded on wasm; no-std-only combinations not separately verified. I14/I17.	"println!(""Checksums are ok!\n""); } #[cfg(not(feature = ""hash""))] println!( ""Checksum feature not enabled, skipping. From data: {}\n"","	https://github.com/PerryTS/turnloop/blob/a0fbb1bf9a100bb3215219f54301b9ee82ffe71f/protocols/turnloop-zstd-decoder/src/tests/decode_corpus.rs#L75
protocols/turnloop-zstd-decoder/src/tests/dict_test.rs	138	cfg-selection	"#[cfg(feature = ""hash"")]"	STILL TRUE — decoder feature/target selection	N default/all-features compile/test; PW2/PW3 select decoder reuse, not the entire upstream native corpus. Native reference zstd and interop corpus branches are excluded on wasm; no-std-only combinations not separately verified. I14/I17.	"match frame_dec.get_checksum_from_data() { Some(chksum) => { #[cfg(feature = ""hash"")] if frame_dec.get_calculated_checksum().unwrap() != chksum { println!("	https://github.com/PerryTS/turnloop/blob/a0fbb1bf9a100bb3215219f54301b9ee82ffe71f/protocols/turnloop-zstd-decoder/src/tests/dict_test.rs#L138
protocols/turnloop-zstd-decoder/src/tests/dict_test.rs	148	cfg-selection	"#[cfg(not(feature = ""hash""))]"	STILL TRUE — decoder feature/target selection	N default/all-features compile/test; PW2/PW3 select decoder reuse, not the entire upstream native corpus. Native reference zstd and interop corpus branches are excluded on wasm; no-std-only combinations not separately verified. I14/I17.	"println!(""Checksums are ok!\n""); } #[cfg(not(feature = ""hash""))] println!( ""Checksum feature not enabled, skipping. From data: {}\n"","	https://github.com/PerryTS/turnloop/blob/a0fbb1bf9a100bb3215219f54301b9ee82ffe71f/protocols/turnloop-zstd-decoder/src/tests/dict_test.rs#L148
protocols/turnloop-zstd-decoder/src/tests/encode_corpus.rs	56	cfg-selection	"#[cfg(not(target_arch = ""wasm32""))]"	STILL TRUE — decoder feature/target selection	N default/all-features compile/test; PW2/PW3 select decoder reuse, not the entire upstream native corpus. Native reference zstd and interop corpus branches are excluded on wasm; no-std-only combinations not separately verified. I14/I17.	"}  #[cfg(not(target_arch = ""wasm32""))] #[test] fn test_encode_corpus_files_uncompressed_original_decompressor() {"	https://github.com/PerryTS/turnloop/blob/a0fbb1bf9a100bb3215219f54301b9ee82ffe71f/protocols/turnloop-zstd-decoder/src/tests/encode_corpus.rs#L56
protocols/turnloop-zstd-decoder/src/tests/encode_corpus.rs	174	cfg-selection	"#[cfg(not(target_arch = ""wasm32""))]"	STILL TRUE — decoder feature/target selection	N default/all-features compile/test; PW2/PW3 select decoder reuse, not the entire upstream native corpus. Native reference zstd and interop corpus branches are excluded on wasm; no-std-only combinations not separately verified. I14/I17.	"}  #[cfg(not(target_arch = ""wasm32""))] #[test] fn test_encode_corpus_files_compressed_original_decompressor() {"	https://github.com/PerryTS/turnloop/blob/a0fbb1bf9a100bb3215219f54301b9ee82ffe71f/protocols/turnloop-zstd-decoder/src/tests/encode_corpus.rs#L174
protocols/turnloop-zstd-decoder/src/tests/mod.rs	1	cfg-selection	#[cfg(test)]	STILL TRUE — decoder feature/target selection	N default/all-features compile/test; PW2/PW3 select decoder reuse, not the entire upstream native corpus. Native reference zstd and interop corpus branches are excluded on wasm; no-std-only combinations not separately verified. I14/I17.	#[cfg(test)] use alloc::vec; 	https://github.com/PerryTS/turnloop/blob/a0fbb1bf9a100bb3215219f54301b9ee82ffe71f/protocols/turnloop-zstd-decoder/src/tests/mod.rs#L1
protocols/turnloop-zstd-decoder/src/tests/mod.rs	4	cfg-selection	#[cfg(test)]	STILL TRUE — decoder feature/target selection	N default/all-features compile/test; PW2/PW3 select decoder reuse, not the entire upstream native corpus. Native reference zstd and interop corpus branches are excluded on wasm; no-std-only combinations not separately verified. I14/I17.	use alloc::vec;  #[cfg(test)] use alloc::vec::Vec; 	https://github.com/PerryTS/turnloop/blob/a0fbb1bf9a100bb3215219f54301b9ee82ffe71f/protocols/turnloop-zstd-decoder/src/tests/mod.rs#L4
protocols/turnloop-zstd-decoder/src/tests/mod.rs	7	cfg-selection	#[cfg(test)]	STILL TRUE — decoder feature/target selection	N default/all-features compile/test; PW2/PW3 select decoder reuse, not the entire upstream native corpus. Native reference zstd and interop corpus branches are excluded on wasm; no-std-only combinations not separately verified. I14/I17.	use alloc::vec::Vec;  #[cfg(test)] extern crate std; 	https://github.com/PerryTS/turnloop/blob/a0fbb1bf9a100bb3215219f54301b9ee82ffe71f/protocols/turnloop-zstd-decoder/src/tests/mod.rs#L7
protocols/turnloop-zstd-decoder/src/tests/mod.rs	10	cfg-selection	"#[cfg(all(test, not(feature = ""std"")))]"	STILL TRUE — decoder feature/target selection	N default/all-features compile/test; PW2/PW3 select decoder reuse, not the entire upstream native corpus. Native reference zstd and interop corpus branches are excluded on wasm; no-std-only combinations not separately verified. I14/I17.	"extern crate std;  #[cfg(all(test, not(feature = ""std"")))] impl crate::io_nostd::Read for std::fs::File { fn read(&mut self, buf: &mut [u8]) -> Result<usize, crate::io_nostd::Error> {"	https://github.com/PerryTS/turnloop/blob/a0fbb1bf9a100bb3215219f54301b9ee82ffe71f/protocols/turnloop-zstd-decoder/src/tests/mod.rs#L10
protocols/turnloop-zstd-decoder/src/tests/mod.rs	26	cfg-selection	"#[cfg(all(test, feature = ""std""))]"	STILL TRUE — decoder feature/target selection	N default/all-features compile/test; PW2/PW3 select decoder reuse, not the entire upstream native corpus. Native reference zstd and interop corpus branches are excluded on wasm; no-std-only combinations not separately verified. I14/I17.	"}  #[cfg(all(test, feature = ""std""))] #[allow(dead_code)] fn assure_error_impl() {"	https://github.com/PerryTS/turnloop/blob/a0fbb1bf9a100bb3215219f54301b9ee82ffe71f/protocols/turnloop-zstd-decoder/src/tests/mod.rs#L26
protocols/turnloop-zstd-decoder/src/tests/mod.rs	35	cfg-selection	"#[cfg(all(test, feature = ""std""))]"	STILL TRUE — decoder feature/target selection	N default/all-features compile/test; PW2/PW3 select decoder reuse, not the entire upstream native corpus. Native reference zstd and interop corpus branches are excluded on wasm; no-std-only combinations not separately verified. I14/I17.	"}  #[cfg(all(test, feature = ""std""))] #[allow(dead_code)] fn assure_decoder_send_sync() {"	https://github.com/PerryTS/turnloop/blob/a0fbb1bf9a100bb3215219f54301b9ee82ffe71f/protocols/turnloop-zstd-decoder/src/tests/mod.rs#L35
protocols/turnloop-zstd-decoder/src/tests/mod.rs	79	cfg-selection	#[cfg(test)]	STILL TRUE — decoder feature/target selection	N default/all-features compile/test; PW2/PW3 select decoder reuse, not the entire upstream native corpus. Native reference zstd and interop corpus branches are excluded on wasm; no-std-only combinations not separately verified. I14/I17.	}  #[cfg(test)] #[test] fn test_frame_header_reading() {	https://github.com/PerryTS/turnloop/blob/a0fbb1bf9a100bb3215219f54301b9ee82ffe71f/protocols/turnloop-zstd-decoder/src/tests/mod.rs#L79
protocols/turnloop-zstd-decoder/src/tests/mod.rs	100	open-code	let _ = block_header; //TODO validate blockheader in a smart way	STILL TRUE — inherited TODO	Retained upstream decoder/encoder optimization, state/error handling or test-coverage TODO. I17; not evidence that HTTP decoding is absent.	let mut block_dec = decoding::block_decoder::new(); let block_header = block_dec.read_block_header(&mut content).unwrap(); let _ = block_header; //TODO validate blockheader in a smart way } 	https://github.com/PerryTS/turnloop/blob/a0fbb1bf9a100bb3215219f54301b9ee82ffe71f/protocols/turnloop-zstd-decoder/src/tests/mod.rs#L100
protocols/turnloop-zstd-decoder/src/tests/mod.rs	182	cfg-selection	"#[cfg(feature = ""hash"")]"	STILL TRUE — decoder feature/target selection	N default/all-features compile/test; PW2/PW3 select decoder reuse, not the entire upstream native corpus. Native reference zstd and interop corpus branches are excluded on wasm; no-std-only combinations not separately verified. I14/I17.	"match frame_dec.get_checksum_from_data() { Some(chksum) => { #[cfg(feature = ""hash"")] if frame_dec.get_calculated_checksum().unwrap() != chksum { std::println!("	https://github.com/PerryTS/turnloop/blob/a0fbb1bf9a100bb3215219f54301b9ee82ffe71f/protocols/turnloop-zstd-decoder/src/tests/mod.rs#L182
protocols/turnloop-zstd-decoder/src/tests/mod.rs	192	cfg-selection	"#[cfg(not(feature = ""hash""))]"	STILL TRUE — decoder feature/target selection	N default/all-features compile/test; PW2/PW3 select decoder reuse, not the entire upstream native corpus. Native reference zstd and interop corpus branches are excluded on wasm; no-std-only combinations not separately verified. I14/I17.	"std::println!(""Checksums are ok!\n""); } #[cfg(not(feature = ""hash""))] std::println!( ""Checksum feature not enabled, skipping. From data: {}\n"","	https://github.com/PerryTS/turnloop/blob/a0fbb1bf9a100bb3215219f54301b9ee82ffe71f/protocols/turnloop-zstd-decoder/src/tests/mod.rs#L192
protocols/turnloop-zstd-decoder/src/tests/mod.rs	295	cfg-selection	"#[cfg(feature = ""std"")]"	STILL TRUE — decoder feature/target selection	N default/all-features compile/test; PW2/PW3 select decoder reuse, not the entire upstream native corpus. Native reference zstd and interop corpus branches are excluded on wasm; no-std-only combinations not separately verified. I14/I17.	" #[test] #[cfg(feature = ""std"")] fn test_streaming() { use std::fs;"	https://github.com/PerryTS/turnloop/blob/a0fbb1bf9a100bb3215219f54301b9ee82ffe71f/protocols/turnloop-zstd-decoder/src/tests/mod.rs#L295
protocols/turnloop-zstd-decoder/src/tests/mod.rs	407	cfg-selection	"#[cfg(not(feature = ""std""))]"	STILL TRUE — decoder feature/target selection	N default/all-features compile/test; PW2/PW3 select decoder reuse, not the entire upstream native corpus. Native reference zstd and interop corpus branches are excluded on wasm; no-std-only combinations not separately verified. I14/I17.	" #[test] #[cfg(not(feature = ""std""))] fn test_streaming_no_std() { use crate::io::Read;"	https://github.com/PerryTS/turnloop/blob/a0fbb1bf9a100bb3215219f54301b9ee82ffe71f/protocols/turnloop-zstd-decoder/src/tests/mod.rs#L407
protocols/turnloop-zstd-decoder/src/tests/mod.rs	579	cfg-selection	"#[cfg(feature = ""std"")]"	STILL TRUE — decoder feature/target selection	N default/all-features compile/test; PW2/PW3 select decoder reuse, not the entire upstream native corpus. Native reference zstd and interop corpus branches are excluded on wasm; no-std-only combinations not separately verified. I14/I17.	"pub mod decode_corpus; pub mod dict_test; #[cfg(feature = ""std"")] pub mod encode_corpus; pub mod fuzz_regressions;"	https://github.com/PerryTS/turnloop/blob/a0fbb1bf9a100bb3215219f54301b9ee82ffe71f/protocols/turnloop-zstd-decoder/src/tests/mod.rs#L579
protocols/turnloop-zstd-decoder/src/tests/mod.rs	583	cfg-selection	"#[cfg(feature = ""std"")]"	STILL TRUE — decoder feature/target selection	N default/all-features compile/test; PW2/PW3 select decoder reuse, not the entire upstream native corpus. Native reference zstd and interop corpus branches are excluded on wasm; no-std-only combinations not separately verified. I14/I17.	"pub mod fuzz_regressions;  #[cfg(feature = ""std"")] #[test] fn verbose_disabled() {"	https://github.com/PerryTS/turnloop/blob/a0fbb1bf9a100bb3215219f54301b9ee82ffe71f/protocols/turnloop-zstd-decoder/src/tests/mod.rs#L583
spikes/WASM_EVALUATION.md	14	doc-progress	| p2 cancel/close/error | PASS: 128 pending reads cancelled, each before Closed; listener Closed; an accepted failing operation completes once; delayed subscription/stream/socket destruction does not trap |	STILL TRUE — behavior/policy, not open work	Pending means operation/queue/phase state or a reporting rule. Read linked context; no missing implementation inferred.	|---|---| | p2 / Wasmtime 44, TCP | PASS: 64 simultaneous clients plus 64 accepted peers, 16,448 echoed bytes verified; 256 read/write completions | | p2 cancel/close/error | PASS: 128 pending reads cancelled, each before Closed; listener Closed; an accepted failing operation completes once; delayed subscription/stream/socket destruction does not trap | | p2 timers | PASS: 32 samples each at 100 µs, 500 µs, 1 ms, 5 ms; observed lateness ~0.15–2.61 ms across runs, never early | | p3 / Wasmtime 46 | PASS: genuine final-0.3 timer futures + TCP accept/byte streams and result futures; 257 bytes echoed and verified concurrently with timers |	https://github.com/PerryTS/turnloop/blob/a0fbb1bf9a100bb3215219f54301b9ee82ffe71f/spikes/WASM_EVALUATION.md#L14
spikes/WASM_EVALUATION.md	17	doc-progress	| p3 timers | Eight 100 µs requests: 1.295–2.559 ms using p2 packaging; 0.893–5.516 ms using pure p3 on newer nightly; one 20 ms timer pending concurrently |	STILL TRUE — behavior/policy, not open work	Pending means operation/queue/phase state or a reporting rule. Read linked context; no missing implementation inferred.	| p2 timers | PASS: 32 samples each at 100 µs, 500 µs, 1 ms, 5 ms; observed lateness ~0.15–2.61 ms across runs, never early | | p3 / Wasmtime 46 | PASS: genuine final-0.3 timer futures + TCP accept/byte streams and result futures; 257 bytes echoed and verified concurrently with timers | | p3 timers | Eight 100 µs requests: 1.295–2.559 ms using p2 packaging; 0.893–5.516 ms using pure p3 on newer nightly; one 20 ms timer pending concurrently | | Node wasm host contract | PASS: ten groups of assertions, 257 fetch bytes, one actual fetch abort, 257 WebSocket bytes, lossless u64 tokens, stale callbacks, close ordering, capacity, scheduling, two-loop routing | | Node timers after deadline recheck | Sixteen 1 ms requests: callback elapsed 1.283–2.136 ms. Earlier raw setTimeout run included a 0.044 ms early callback; deadline checking now prevents this |	https://github.com/PerryTS/turnloop/blob/a0fbb1bf9a100bb3215219f54301b9ee82ffe71f/spikes/WASM_EVALUATION.md#L17
spikes/WASM_EVALUATION.md	21	doc-progress	| Chrome contract and isolated Worker | UNRUN assertions: startup commands FAIL before test execution. See web README and verification ledger |	STILL TRUE — historical spike scope	WEB: 13 production tests each Chrome/Firefox/Node. Historical standalone spike command was not rerun by these jobs. Production coverage supersedes broad platform-unrun conclusions; it does not certify every old spike command.	| Node timers after deadline recheck | Sixteen 1 ms requests: callback elapsed 1.283–2.136 ms. Earlier raw setTimeout run included a 0.044 ms early callback; deadline checking now prevents this | | Node worker Poster | PASS: two concurrent producers, 2,000 unique verified completions; notify count > 0 when parked, zero while running; full-ring backpressure | | Chrome contract and isolated Worker | UNRUN assertions: startup commands FAIL before test execution. See web README and verification ledger | | Strict zero-allocation gate | p2 poll FAIL: 200 allocations / 100 waits. Idle and timer-cancel PASS: 0 / 10,000. p3/full JS path not zero-allocation implementations | 	https://github.com/PerryTS/turnloop/blob/a0fbb1bf9a100bb3215219f54301b9ee82ffe71f/spikes/WASM_EVALUATION.md#L21
spikes/WASM_EVALUATION.md	47	doc-progress	| Wait | pollable list; one poll per turn demonstrated | ABI waitable sets; multiplexing demonstrated, bounded synchronous step pending | Now-only drain; coalesced scheduling callback |	MIXED — superseded execution and live limits	WEB: 13 production tests each Chrome/Firefox/Node. Historical standalone spike command was not rerun by these jobs. Historical host limits and remaining requirements stay valid; not a blanket pass.	| Capability | WASI 0.2 | WASI 0.3 | Browser host | |---|---|---|---| | Wait | pollable list; one poll per turn demonstrated | ABI waitable sets; multiplexing demonstrated, bounded synchronous step pending | Now-only drain; coalesced scheduling callback | | Wake/post | same-agent flag; no portable OS-thread wake for blocked poll | task/waitable event scheduling; no demonstrated Send+Sync OS-thread Poster | runnable host posts callbacks; postMessage across workers; SAB ring with isolation | | Timers | ns timestamp representation; measured ms-scale runtime wake | same distinction; wait-until/wait-for futures | browser clamps/throttles setTimeout; explicitly check deadline to avoid early completion |	https://github.com/PerryTS/turnloop/blob/a0fbb1bf9a100bb3215219f54301b9ee82ffe71f/spikes/WASM_EVALUATION.md#L47
spikes/WASM_EVALUATION.md	50	doc-progress	| TCP/UDP | wasi:sockets; TCP tested, UDP UNRUN | wasi:sockets; TCP tested, UDP UNRUN | unsupported raw sockets/listeners |	STILL TRUE — historical spike scope	WEB: 13 production tests each Chrome/Firefox/Node. Historical standalone spike command was not rerun by these jobs. Production coverage supersedes broad platform-unrun conclusions; it does not certify every old spike command.	| Wake/post | same-agent flag; no portable OS-thread wake for blocked poll | task/waitable event scheduling; no demonstrated Send+Sync OS-thread Poster | runnable host posts callbacks; postMessage across workers; SAB ring with isolation | | Timers | ns timestamp representation; measured ms-scale runtime wake | same distinction; wait-until/wait-for futures | browser clamps/throttles setTimeout; explicitly check deadline to avoid early completion | | TCP/UDP | wasi:sockets; TCP tested, UDP UNRUN | wasi:sockets; TCP tested, UDP UNRUN | unsupported raw sockets/listeners | | HTTP outbound | wasi:http or protocol layer; UNRUN | wasi:http async or protocol layer; UNRUN | fetch tested in Node; browser assertions UNRUN; browser CORS applies | | WebSocket | protocol layer on TCP/TLS; UNRUN | protocol layer; UNRUN | host WebSocket; one exchange tested in Node |	https://github.com/PerryTS/turnloop/blob/a0fbb1bf9a100bb3215219f54301b9ee82ffe71f/spikes/WASM_EVALUATION.md#L50
spikes/WASM_EVALUATION.md	51	doc-progress	| HTTP outbound | wasi:http or protocol layer; UNRUN | wasi:http async or protocol layer; UNRUN | fetch tested in Node; browser assertions UNRUN; browser CORS applies |	MIXED — superseded execution and live limits	WEB: 13 production tests each Chrome/Firefox/Node. Historical standalone spike command was not rerun by these jobs. Historical host limits and remaining requirements stay valid; not a blanket pass.	| Timers | ns timestamp representation; measured ms-scale runtime wake | same distinction; wait-until/wait-for futures | browser clamps/throttles setTimeout; explicitly check deadline to avoid early completion | | TCP/UDP | wasi:sockets; TCP tested, UDP UNRUN | wasi:sockets; TCP tested, UDP UNRUN | unsupported raw sockets/listeners | | HTTP outbound | wasi:http or protocol layer; UNRUN | wasi:http async or protocol layer; UNRUN | fetch tested in Node; browser assertions UNRUN; browser CORS applies | | WebSocket | protocol layer on TCP/TLS; UNRUN | protocol layer; UNRUN | host WebSocket; one exchange tested in Node | | Local IPC / handle transfer | no standardized Unix socket/named pipe or cross-process fd passing | same limitation | postMessage transfers only supported JS transferables; WebSockets/TCP handles are not portable transferables |	https://github.com/PerryTS/turnloop/blob/a0fbb1bf9a100bb3215219f54301b9ee82ffe71f/spikes/WASM_EVALUATION.md#L51
spikes/WASM_EVALUATION.md	52	doc-progress	| WebSocket | protocol layer on TCP/TLS; UNRUN | protocol layer; UNRUN | host WebSocket; one exchange tested in Node |	STILL TRUE — historical spike scope	WEB: 13 production tests each Chrome/Firefox/Node. Historical standalone spike command was not rerun by these jobs. Production coverage supersedes broad platform-unrun conclusions; it does not certify every old spike command.	| TCP/UDP | wasi:sockets; TCP tested, UDP UNRUN | wasi:sockets; TCP tested, UDP UNRUN | unsupported raw sockets/listeners | | HTTP outbound | wasi:http or protocol layer; UNRUN | wasi:http async or protocol layer; UNRUN | fetch tested in Node; browser assertions UNRUN; browser CORS applies | | WebSocket | protocol layer on TCP/TLS; UNRUN | protocol layer; UNRUN | host WebSocket; one exchange tested in Node | | Local IPC / handle transfer | no standardized Unix socket/named pipe or cross-process fd passing | same limitation | postMessage transfers only supported JS transferables; WebSockets/TCP handles are not portable transferables | | Stdio | wasi:cli input/output streams, readiness through wasi:io; UNRUN | native byte streams/result futures; UNRUN | no process stdio pipe API |	https://github.com/PerryTS/turnloop/blob/a0fbb1bf9a100bb3215219f54301b9ee82ffe71f/spikes/WASM_EVALUATION.md#L52
spikes/WASM_EVALUATION.md	54	doc-progress	| Stdio | wasi:cli input/output streams, readiness through wasi:io; UNRUN | native byte streams/result futures; UNRUN | no process stdio pipe API |	STILL TRUE — historical spike scope	WEB: 13 production tests each Chrome/Firefox/Node. Historical standalone spike command was not rerun by these jobs. Production coverage supersedes broad platform-unrun conclusions; it does not certify every old spike command.	| WebSocket | protocol layer on TCP/TLS; UNRUN | protocol layer; UNRUN | host WebSocket; one exchange tested in Node | | Local IPC / handle transfer | no standardized Unix socket/named pipe or cross-process fd passing | same limitation | postMessage transfers only supported JS transferables; WebSockets/TCP handles are not portable transferables | | Stdio | wasi:cli input/output streams, readiness through wasi:io; UNRUN | native byte streams/result futures; UNRUN | no process stdio pipe API | | TTY | terminal-presence detection, **not size** in inspected interfaces | terminal-presence detection, **not size** | no TTY API | | Processes/signals | unsupported | unsupported | unsupported |	https://github.com/PerryTS/turnloop/blob/a0fbb1bf9a100bb3215219f54301b9ee82ffe71f/spikes/WASM_EVALUATION.md#L54
spikes/WASM_EVALUATION.md	57	doc-progress	| Files | capability-scoped wasi:filesystem; some calls synchronous; UNRUN | async metadata operations, stream/future data paths; UNRUN | host-mapped OPFS only; UNRUN |	MIXED — superseded execution and live limits	WEB: 13 production tests each Chrome/Firefox/Node. Historical standalone spike command was not rerun by these jobs. Historical host limits and remaining requirements stay valid; not a blanket pass.	| TTY | terminal-presence detection, **not size** in inspected interfaces | terminal-presence detection, **not size** | no TTY API | | Processes/signals | unsupported | unsupported | unsupported | | Files | capability-scoped wasi:filesystem; some calls synchronous; UNRUN | async metadata operations, stream/future data paths; UNRUN | host-mapped OPFS only; UNRUN | | DNS | wasi:sockets/ip-name-lookup; host permission; UNRUN | lookup-ip-addresses async stream; UNRUN | implicit resolution through fetch/WebSocket, no general DNS query API | | Pool / arbitrary host jobs | no OS thread pool; inline jobs violate bounded turn | no demonstrated OS thread pool; host async operations instead | no main-thread blocking pool; explicit workers for supported serialized jobs |	https://github.com/PerryTS/turnloop/blob/a0fbb1bf9a100bb3215219f54301b9ee82ffe71f/spikes/WASM_EVALUATION.md#L57
spikes/WASM_EVALUATION.md	58	doc-progress	| DNS | wasi:sockets/ip-name-lookup; host permission; UNRUN | lookup-ip-addresses async stream; UNRUN | implicit resolution through fetch/WebSocket, no general DNS query API |	MIXED — superseded execution and live limits	WEB: 13 production tests each Chrome/Firefox/Node. Historical standalone spike command was not rerun by these jobs. Historical host limits and remaining requirements stay valid; not a blanket pass.	| Processes/signals | unsupported | unsupported | unsupported | | Files | capability-scoped wasi:filesystem; some calls synchronous; UNRUN | async metadata operations, stream/future data paths; UNRUN | host-mapped OPFS only; UNRUN | | DNS | wasi:sockets/ip-name-lookup; host permission; UNRUN | lookup-ip-addresses async stream; UNRUN | implicit resolution through fetch/WebSocket, no general DNS query API | | Pool / arbitrary host jobs | no OS thread pool; inline jobs violate bounded turn | no demonstrated OS thread pool; host async operations instead | no main-thread blocking pool; explicit workers for supported serialized jobs | | Integration | RuntimeOwned | RuntimeOwned, with unresolved synchronous step boundary | HostCallback |	https://github.com/PerryTS/turnloop/blob/a0fbb1bf9a100bb3215219f54301b9ee82ffe71f/spikes/WASM_EVALUATION.md#L58
spikes/WASM_EVALUATION.md	76	doc-progress	blocking pools, multi-loop cross-thread posting and detach/attach are UNRUN for	STILL TRUE — historical spike scope	W2/W3 and PW2/PW3 execute. p3 bounded-host questions I04, files I06, p3 DNS I05 and compressed Mongo allocations I03 remain. Production coverage supersedes broad platform-unrun conclusions; it does not certify every old spike command.	`wasm32-wasip1-threads` is a separate shared-memory/host-thread target. Its installed presence does not confer threads on 0.2/0.3 components. Thread spawning, shared blocking pools, multi-loop cross-thread posting and detach/attach are UNRUN for WASI; do not infer them from component async concurrency. The 0.3 runtime's cooperative tasks progress on an agent, not automatically on separate OS threads.	https://github.com/PerryTS/turnloop/blob/a0fbb1bf9a100bb3215219f54301b9ee82ffe71f/spikes/WASM_EVALUATION.md#L76
spikes/WASM_EVALUATION.md	112	doc-progress	completions. Coalesce schedule requests per loop, invalidate a pending scheduling	STILL TRUE — behavior/policy, not open work	Pending means operation/queue/phase state or a reporting rule. Read linked context; no missing implementation inferred.	memory-lifetime auditing before D3/D4 can be claimed. - **web:** callbacks post generational op IDs; core resolves tokens and drains completions. Coalesce schedule requests per loop, invalidate a pending scheduling task when the host already turned, and reject blocking timeout modes. Schedule imported JS callbacks outside the Rust turn. A fixed completion buffer can be	https://github.com/PerryTS/turnloop/blob/a0fbb1bf9a100bb3215219f54301b9ee82ffe71f/spikes/WASM_EVALUATION.md#L112
spikes/backend_draft/Cargo.toml	9	cfg-selection	"[target.'cfg(all(target_os = ""wasi"", target_env = ""p2""))'.dependencies]"	STILL TRUE — historical spike selection	Standalone workspace excluded from production members; current runtime evidence is production N/W2/W3/WEB, not a claim that every old spike runs in CI.	"[workspace]  [target.'cfg(all(target_os = ""wasi"", target_env = ""p2""))'.dependencies] turnloop-wasi-p2-spike = { path = ""../wasi-p2"" } wasi = ""=0.14.7"""	https://github.com/PerryTS/turnloop/blob/a0fbb1bf9a100bb3215219f54301b9ee82ffe71f/spikes/backend_draft/Cargo.toml#L9
spikes/backend_draft/README.md	13	doc-progress	Unsupported timeout and insufficient output capacity leave pending records intact.	STILL TRUE — behavior/policy, not open work	Pending means operation/queue/phase state or a reporting rule. Read linked context; no missing implementation inferred.	- `web.rs`: fixed-capacity generic Rust completion inbox with explicit backpressure and a ScheduleTurn/Coalesced return value. The caller schedules JS after posting. Unsupported timeout and insufficient output capacity leave pending records intact. Its native pure-Rust test verifies 256 ordered completions after both rejected turns. The actual browser imports, generation guards and scheduling-epoch behavior	https://github.com/PerryTS/turnloop/blob/a0fbb1bf9a100bb3215219f54301b9ee82ffe71f/spikes/backend_draft/README.md#L13
spikes/backend_draft/examples/wasi_p2.rs	2	cfg-selection	"#[cfg(all(target_os = ""wasi"", target_env = ""p2""))]"	STILL TRUE — historical spike selection	Standalone workspace excluded from production members; current runtime evidence is production N/W2/W3/WEB, not a claim that every old spike runs in CI.	"#![deny(unsafe_op_in_unsafe_fn)] #[cfg(all(target_os = ""wasi"", target_env = ""p2""))] fn main() -> Result<(), wasi::sockets::network::ErrorCode> { use turnloop_wasi_p2_spike::{Completion, ResultKind};"	https://github.com/PerryTS/turnloop/blob/a0fbb1bf9a100bb3215219f54301b9ee82ffe71f/spikes/backend_draft/examples/wasi_p2.rs#L2
spikes/backend_draft/examples/wasi_p2.rs	61	cfg-selection	"#[cfg(not(all(target_os = ""wasi"", target_env = ""p2"")))]"	STILL TRUE — historical spike selection	Standalone workspace excluded from production members; current runtime evidence is production N/W2/W3/WEB, not a claim that every old spike runs in CI.	"Ok(()) } #[cfg(not(all(target_os = ""wasi"", target_env = ""p2"")))] fn main() {}"	https://github.com/PerryTS/turnloop/blob/a0fbb1bf9a100bb3215219f54301b9ee82ffe71f/spikes/backend_draft/examples/wasi_p2.rs#L61
spikes/backend_draft/src/lib.rs	4	cfg-selection	"#[cfg(all(target_os = ""wasi"", target_env = ""p2""))]"	STILL TRUE — historical spike selection	Standalone workspace excluded from production members; current runtime evidence is production N/W2/W3/WEB, not a claim that every old spike runs in CI.	"//! Temporary adaptation surface based on DESIGN §6; NOT the unpublished core trait. use std::time::{Duration, Instant}; #[cfg(all(target_os = ""wasi"", target_env = ""p2""))] pub mod wasi_p2; pub mod wasi_p3;"	https://github.com/PerryTS/turnloop/blob/a0fbb1bf9a100bb3215219f54301b9ee82ffe71f/spikes/backend_draft/src/lib.rs#L4
spikes/backend_draft/src/web.rs	77	cfg-selection	#[cfg(test)]	STILL TRUE — historical spike selection	Standalone workspace excluded from production members; current runtime evidence is production N/W2/W3/WEB, not a claim that every old spike runs in CI.	} } #[cfg(test)] mod tests { use super::*;	https://github.com/PerryTS/turnloop/blob/a0fbb1bf9a100bb3215219f54301b9ee82ffe71f/spikes/backend_draft/src/web.rs#L77
spikes/iocp/CONTRACT_TEST_PLAN.md	5	doc-progress	All Windows runtime tests in this lane are **UNRUN**; cross-check and Clippy only	STILL TRUE — historical spike scope	N-W: required Windows default/executor/all-feature production suites execute; standalone spike reruns, ETW/cycles/minimum-version/long-soak are not implied. Production coverage supersedes broad platform-unrun conclusions; it does not certify every old spike command.	The core trait and turnloop-contract crate are not available in this clone yet. The rows below map DESIGN §11/§5a **contract subjects**, not invented test names. All Windows runtime tests in this lane are **UNRUN**; cross-check and Clippy only verify compilation. Run the standalone probes unchanged on Windows before merge. 	https://github.com/PerryTS/turnloop/blob/a0fbb1bf9a100bb3215219f54301b9ee82ffe71f/spikes/iocp/CONTRACT_TEST_PLAN.md#L5
spikes/iocp/CONTRACT_TEST_PLAN.md	29	doc-progress	| Local IPC | Named pipes replace AF_UNIX. Test pending ConnectNamedPipe and ERROR_PIPE_CONNECTED; byte mode, overlapped ReadFile/WriteFile, EOF, cancellation and one Closed event. `pipe` covers both connect races and payloads. Add multiple pipe instances and busy clients. |	STILL TRUE — behavior/policy, not open work	Pending means operation/queue/phase state or a reporting rule. Read linked context; no missing implementation inferred.	| --- | --- | | External host integration | Replace fd polling with auto-reset Event + MsgWaitForMultipleObjectsEx. `integration` forwards 1,024 unique packets, a timer, partial drains of seven and proves helper queue reached capacity before shutdown. Direct turns cease when helper takes over. | | Local IPC | Named pipes replace AF_UNIX. Test pending ConnectNamedPipe and ERROR_PIPE_CONNECTED; byte mode, overlapped ReadFile/WriteFile, EOF, cancellation and one Closed event. `pipe` covers both connect races and payloads. Add multiple pipe instances and busy clients. | | TCP | AcceptEx unbound accept socket and address buffer, ConnectEx explicit bind, both context updates, per-provider extension pointers. Zero-byte reads must not consume payload or allocate an idle payload buffer; recv may return WSAEWOULDBLOCK and must rearm. Test skip-success true and provider fallback/error handling separately. | | Non-overlapped stdio | Dedicated opt-in reader thread with real synchronous pipe. `stdio` checks received bytes and EOF posts. Add explicit cancellation/shutdown while blocked and console-input modes. |	https://github.com/PerryTS/turnloop/blob/a0fbb1bf9a100bb3215219f54301b9ee82ffe71f/spikes/iocp/CONTRACT_TEST_PLAN.md#L29
spikes/iocp/CONTRACT_TEST_PLAN.md	34	doc-progress	| Console/TTY | Add ReadConsoleInputW reader-thread input, resize -> WinCh, VT mode restore, cancellation and non-console handle errors. These are contract-plan work, not implemented by the current signal probe. |	STILL TRUE — scoped statement	Read exact source context. No wider current CI guarantee inferred; see DESIGN_AUDIT.md and REMAINING_WORK.md.	| Process | Three independent pipe pairs, parent ends overlapped, child ends synchronous. STARTUPINFOEX handle list, suspended creation, job assignment before ResumeThread, one-shot wait, unregister join. `process` checks all stdio, exit=23, exit-before-registration, and Job Object termination of a live child AND grandchild. | | Signals | Process-global dispatcher fans out to loops. `console` isolates real C/BREAK delivery in CREATE_NEW_CONSOLE child and checks mappings. SIGTERM is unsupported as a console signal. CTRL_CLOSE-to-HUP is best-effort; process termination prevents ordinary deferred cleanup guarantees. Add fan-out/storm tests without affecting the test runner console. | | Console/TTY | Add ReadConsoleInputW reader-thread input, resize -> WinCh, VT mode restore, cancellation and non-console handle errors. These are contract-plan work, not implemented by the current signal probe. | | Detach/attach | IOCP association is permanent until close, including duplicated file objects. Do not run Unix reassociation test unchanged or claim DuplicateHandle fixes it. Resolve socket reconstruction/routing and named-pipe transfer policy, then test with outstanding cancellation. | | Leak/churn | `handles` verifies exactly 128 posted/dequeued packets and port handle count returns to baseline every round. Add full socket/pipe/process/helper handle and thread baselines after OS/runtime warm-up, with serial test execution. |	https://github.com/PerryTS/turnloop/blob/a0fbb1bf9a100bb3215219f54301b9ee82ffe71f/spikes/iocp/CONTRACT_TEST_PLAN.md#L34
spikes/iocp/CONTRACT_TEST_PLAN.md	70	doc-progress	All actual Windows executions above are **UNRUN** here. Integrator should add these	STILL TRUE — historical spike scope	N-W: required Windows default/executor/all-feature production suites execute; standalone spike reruns, ETW/cycles/minimum-version/long-soak are not implied. Production coverage supersedes broad platform-unrun conclusions; it does not certify every old spike command.	 `console_child` is a harness helper, not a binary to run against a shared console. All actual Windows executions above are **UNRUN** here. Integrator should add these standalone tests to its Windows CI arm and wire the adapted tests into turnloop-contract when the trait is available. No Unix/WASI/web backend changes.	https://github.com/PerryTS/turnloop/blob/a0fbb1bf9a100bb3215219f54301b9ee82ffe71f/spikes/iocp/CONTRACT_TEST_PLAN.md#L70
spikes/iocp/Cargo.toml	9	cfg-selection	[target.'cfg(windows)'.dependencies]	STILL TRUE — historical spike selection	Standalone workspace excluded from production members; current runtime evidence is production N/W2/W3/WEB, not a claim that every old spike runs in CI.	"[workspace]  [target.'cfg(windows)'.dependencies] windows-sys = { version = ""=0.61.2"", features = [ ""Win32_Foundation"", ""Win32_Networking_WinSock"", ""Win32_Security"","	https://github.com/PerryTS/turnloop/blob/a0fbb1bf9a100bb3215219f54301b9ee82ffe71f/spikes/iocp/Cargo.toml#L9
spikes/iocp/EVALUATION.md	5	doc-progress	allocation/cycle measurements are **UNRUN** on the macOS host.	MIXED — superseded execution and live limits	N-W: required Windows default/executor/all-feature production suites execute; standalone spike reruns, ETW/cycles/minimum-version/long-soak are not implied. Historical host limits and remaining requirements stay valid; not a blanket pass.	Recommendation: **own the thin IOCP implementation; borrow techniques**. This is a source-level recommendation, not a performance result. All Windows execution and allocation/cycle measurements are **UNRUN** on the macOS host.  ## Reproducible source	https://github.com/PerryTS/turnloop/blob/a0fbb1bf9a100bb3215219f54301b9ee82ffe71f/spikes/iocp/EVALUATION.md#L5
spikes/iocp/EVALUATION.md	22	doc-progress	immediate success. A pending submission returns `Key<T>`; a ready submission returns	STILL TRUE — behavior/policy, not open work	Pending means operation/queue/phase state or a reporting rule. Read linked context; no missing implementation inferred.	 `Proactor::push_with_extra` constructs `Key::new` before submitting, including on immediate success. A pending submission returns `Key<T>`; a ready submission returns `BufResult<usize, T>`. `poll` records results internally; the consumer obtains its operation back through typed `pop(key)`. It does not fill a caller-supplied token	https://github.com/PerryTS/turnloop/blob/a0fbb1bf9a100bb3215219f54301b9ee82ffe71f/spikes/iocp/EVALUATION.md#L22
spikes/iocp/EVALUATION.md	31	doc-progress	ownership; pending kernel work retains a reference. `take_result` requires unique	STILL TRUE — behavior/policy, not open work	Pending means operation/queue/phase state or a reporting rule. Read linked context; no missing implementation inferred.	result/optional waker and the operation/control pair. The first-field layout lets the kernel's `OVERLAPPED` pointer locate the operation. Keys have reference-counted ownership; pending kernel work retains a reference. `take_result` requires unique ownership and moves the operation out. Reusing a buffer does not reuse the key allocation. [Key storage](https://docs.rs/crate/compio-driver/0.12.5/source/src/key.rs)	https://github.com/PerryTS/turnloop/blob/a0fbb1bf9a100bb3215219f54301b9ee82ffe71f/spikes/iocp/EVALUATION.md#L31
spikes/iocp/EVALUATION.md	54	doc-progress	return `Poll::Ready` on immediate success, and `Pending` on `ERROR_IO_PENDING`, so	STILL TRUE — behavior/policy, not open work	Pending means operation/queue/phase state or a reporting rule. Read linked context; no missing implementation inferred.	 Attach sets both skip-port-on-success and skip-event-on-handle. The socket helpers return `Poll::Ready` on immediate success, and `Pending` on `ERROR_IO_PENDING`, so the driver does not await a second packet for a synchronous result. The same source normalizes several pipe/error statuses into successful zero-byte results. Turnloop	https://github.com/PerryTS/turnloop/blob/a0fbb1bf9a100bb3215219f54301b9ee82ffe71f/spikes/iocp/EVALUATION.md#L54
spikes/iocp/EVALUATION.md	62	doc-progress	Pending operation ownership survives until the kernel result. At the public API,	STILL TRUE — behavior/policy, not open work	Pending means operation/queue/phase state or a reporting rule. Read linked context; no missing implementation inferred.	 `OpCode::cancel` for sockets calls `CancelIoEx`; `ERROR_NOT_FOUND` is tolerated. Pending operation ownership survives until the kernel result. At the public API, `cancel` sets cancellation state and may return an already completed uniquely owned operation, or return `None` and request cancellation. This is an ownership-oriented	https://github.com/PerryTS/turnloop/blob/a0fbb1bf9a100bb3215219f54301b9ee82ffe71f/spikes/iocp/EVALUATION.md#L62
spikes/iocp/EVALUATION.md	105	doc-progress	lookup, immediate/pending distinction, stable control storage, result conversion,	STILL TRUE — behavior/policy, not open work	Pending means operation/queue/phase state or a reporting rule. Read linked context; no missing implementation inferred.	compio's operation model and additional dependencies beyond windows-sys. Own a small stable-slab backend instead, and borrow the provider-specific extension lookup, immediate/pending distinction, stable control storage, result conversion, and explicit callback teardown techniques. 	https://github.com/PerryTS/turnloop/blob/a0fbb1bf9a100bb3215219f54301b9ee82ffe71f/spikes/iocp/EVALUATION.md#L105
spikes/iocp/EVALUATION.md	135	doc-progress	Runtime precision/support matrix remains UNRUN: test on the actual minimum Windows	STILL TRUE — limitation or scoped statement	Minimum Windows version/VM timer support remains unverified; N-W verifies one hosted Windows image. I10.	[Cancellation](https://learn.microsoft.com/en-us/windows/win32/devnotes/ntcancelwaitcompletionpacket)  Runtime precision/support matrix remains UNRUN: test on the actual minimum Windows version, current Windows client/server and CI virtual machines before choosing the production default or claiming sub-millisecond observed precision.	https://github.com/PerryTS/turnloop/blob/a0fbb1bf9a100bb3215219f54301b9ee82ffe71f/spikes/iocp/EVALUATION.md#L135
spikes/iocp/WINDOWS_RESULTS.md	82	doc-progress	The Windows pending-contract marker is removed: shared contracts execute natively.	STILL TRUE — behavior/policy, not open work	Pending means operation/queue/phase state or a reporting rule. Read linked context; no missing implementation inferred.	 The production adapter is integrated at `crates/turnloop/src/backend/iocp/`. The Windows pending-contract marker is removed: shared contracts execute natively.  PASS on this host:	https://github.com/PerryTS/turnloop/blob/a0fbb1bf9a100bb3215219f54301b9ee82ffe71f/spikes/iocp/WINDOWS_RESULTS.md#L82
spikes/iocp/WINDOWS_RESULTS.md	134	doc-progress	scenario intentionally logs its curl leg UNRUN while requiring Node's 100 streams.	STILL TRUE — limitation or scoped statement	Intentional curl-unavailable regression logs one unrun curl leg while asserting Node traffic; ordinary pinned curl H2 run succeeds.	PASS after merging main, 17 tests (HTTP 9, TLS 5, WebSocket 3), including real Node 26 and curl HTTP/2 transfers. The additional upstream no-curl capability scenario intentionally logs its curl leg UNRUN while requiring Node's 100 streams. - `RUSTDOCFLAGS='-D warnings' cargo +nightly-2026-08-20 doc --locked --workspace --all-features --no-deps`: PASS (set RUSTDOCFLAGS with PowerShell environment syntax on Windows).	https://github.com/PerryTS/turnloop/blob/a0fbb1bf9a100bb3215219f54301b9ee82ffe71f/spikes/iocp/WINDOWS_RESULTS.md#L134
spikes/iocp/WINDOWS_RESULTS.md	152	doc-progress	Inspection of the hosted interop log found its curl HTTP/2 leg was UNRUN despite	MIXED — superseded execution and live limits	N-W: required Windows default/executor/all-feature production suites execute; standalone spike reruns, ETW/cycles/minimum-version/long-soak are not implied. Historical host limits and remaining requirements stay valid; not a blanket pass.	native runner also passed 215/230 and 40/47 after merging main.  Inspection of the hosted interop log found its curl HTTP/2 leg was UNRUN despite the green job: the runner still selected a curl without HTTP/2 from PATH. CI now sets `TURNLOOP_TEST_CURL` to the installed absolute path. Both capability probing	https://github.com/PerryTS/turnloop/blob/a0fbb1bf9a100bb3215219f54301b9ee82ffe71f/spikes/iocp/WINDOWS_RESULTS.md#L152
spikes/iocp/WINDOWS_RESULTS.md	168	doc-progress	Unrun wider gates: ETW syscall traces, CPU-cycle A/B attribution, overnight soak,	STILL TRUE — historical environment	Do not erase historical read-only Git/absent-tag records; production main/trait revision is now integrated.	gates, pass after this merge; existing timing and allocation bounds are unchanged.  Unrun wider gates: ETW syscall traces, CPU-cycle A/B attribution, overnight soak, Windows 10 minimum-version coverage, and VM/power-state precision matrices. Console resize dispatch currently requires an active console input read.	https://github.com/PerryTS/turnloop/blob/a0fbb1bf9a100bb3215219f54301b9ee82ffe71f/spikes/iocp/WINDOWS_RESULTS.md#L168
spikes/iocp/backend_draft/README.md	15	doc-progress	allocation count, notifier syscall count, and cancellation order; all **UNRUN**.	STILL TRUE — historical spike scope	N-W: required Windows default/executor/all-feature production suites execute; standalone spike reruns, ETW/cycles/minimum-version/long-soak are not implied. Production coverage supersedes broad platform-unrun conclusions; it does not certify every old spike command.	event helper. No heap allocation on read/write/turn after construction. Capacity exhaustion rejects before submission. Windows tests assert actual transfers, allocation count, notifier syscall count, and cancellation order; all **UNRUN**.  Kernel OVERLAPPED storage is separate from mutable Rust operation metadata, so	https://github.com/PerryTS/turnloop/blob/a0fbb1bf9a100bb3215219f54301b9ee82ffe71f/spikes/iocp/backend_draft/README.md#L15
spikes/iocp/backend_draft/README.md	22	doc-progress	They are not yet public operations of this draft. The draft is a compile-checked	STILL TRUE — limitation or scoped statement	True of standalone draft only; production IOCP implements those native services. N-W.	AcceptEx/ConnectEx, child process/job/wait, synchronous stdio and console mechanisms are implemented in the sibling spike modules and have their own test binaries. They are not yet public operations of this draft. The draft is a compile-checked integration starting point, **not a complete turnloop Loop or shipping backend**. 	https://github.com/PerryTS/turnloop/blob/a0fbb1bf9a100bb3215219f54301b9ee82ffe71f/spikes/iocp/backend_draft/README.md#L22
spikes/iocp/backend_draft/README.md	31	doc-progress	ownership. The current boxed slice cannot move/grow while operations are pending.	STILL TRUE — behavior/policy, not open work	Pending means operation/queue/phase state or a reporting rule. Read linked context; no missing implementation inferred.	the distinction between rejected submissions and accepted immediate completion. 2. Embed/reuse the stable kernel storage according to core's operation table ownership. The current boxed slice cannot move/grow while operations are pending. Keep slots until their completion has reached the caller, not just CancelIoEx. 3. Use core's timer heap and effective timeout; current draft handles the wait	https://github.com/PerryTS/turnloop/blob/a0fbb1bf9a100bb3215219f54301b9ee82ffe71f/spikes/iocp/backend_draft/README.md#L31
spikes/iocp/backend_draft/mod.rs	247	unsupported	"return Err(io::Error::new(io::ErrorKind::Unsupported, ""non-IFS socket""));"	STILL TRUE — test/spike capability assertion	Negative test, mock provider, or historical spike. Passing rejection proves the error/cleanup subject, not successful unsupported I/O.	"} if info.dwServiceFlags1 & XP1_IFS_HANDLES == 0 { return Err(io::Error::new(io::ErrorKind::Unsupported, ""non-IFS socket"")); } let mut nonblocking = 1;"	https://github.com/PerryTS/turnloop/blob/a0fbb1bf9a100bb3215219f54301b9ee82ffe71f/spikes/iocp/backend_draft/mod.rs#L247
spikes/iocp/src/bin/console_child.rs	2	cfg-selection	#[cfg(windows)]	STILL TRUE — historical spike selection	Standalone workspace excluded from production members; current runtime evidence is production N/W2/W3/WEB, not a claim that every old spike runs in CI.	#![deny(unsafe_op_in_unsafe_fn)] #[cfg(windows)] fn main() -> std::io::Result<()> { // This binary is launched by tests/console.rs with CREATE_NEW_CONSOLE.	https://github.com/PerryTS/turnloop/blob/a0fbb1bf9a100bb3215219f54301b9ee82ffe71f/spikes/iocp/src/bin/console_child.rs#L2
spikes/iocp/src/bin/console_child.rs	17	cfg-selection	#[cfg(not(windows))]	STILL TRUE — historical spike selection	Standalone workspace excluded from production members; current runtime evidence is production N/W2/W3/WEB, not a claim that every old spike runs in CI.	"std::process::exit(42); } #[cfg(not(windows))] fn main() { eprintln!(""Windows-only console test helper"");"	https://github.com/PerryTS/turnloop/blob/a0fbb1bf9a100bb3215219f54301b9ee82ffe71f/spikes/iocp/src/bin/console_child.rs#L17
spikes/iocp/src/lib.rs	4	cfg-selection	#[cfg(windows)]	STILL TRUE — historical spike selection	Standalone workspace excluded from production members; current runtime evidence is production N/W2/W3/WEB, not a claim that every old spike runs in CI.	"//! Standalone Windows mechanism probes. Runtime tests require a Windows host.  #[cfg(windows)] #[path = ""../backend_draft/mod.rs""] pub mod backend_draft;"	https://github.com/PerryTS/turnloop/blob/a0fbb1bf9a100bb3215219f54301b9ee82ffe71f/spikes/iocp/src/lib.rs#L4
spikes/iocp/src/lib.rs	7	cfg-selection	#[cfg(windows)]	STILL TRUE — historical spike selection	Standalone workspace excluded from production members; current runtime evidence is production N/W2/W3/WEB, not a claim that every old spike runs in CI.	"#[path = ""../backend_draft/mod.rs""] pub mod backend_draft; #[cfg(windows)] pub mod console; #[cfg(windows)]"	https://github.com/PerryTS/turnloop/blob/a0fbb1bf9a100bb3215219f54301b9ee82ffe71f/spikes/iocp/src/lib.rs#L7
spikes/iocp/src/lib.rs	9	cfg-selection	#[cfg(windows)]	STILL TRUE — historical spike selection	Standalone workspace excluded from production members; current runtime evidence is production N/W2/W3/WEB, not a claim that every old spike runs in CI.	#[cfg(windows)] pub mod console; #[cfg(windows)] pub mod integration; #[cfg(windows)]	https://github.com/PerryTS/turnloop/blob/a0fbb1bf9a100bb3215219f54301b9ee82ffe71f/spikes/iocp/src/lib.rs#L9
spikes/iocp/src/lib.rs	11	cfg-selection	#[cfg(windows)]	STILL TRUE — historical spike selection	Standalone workspace excluded from production members; current runtime evidence is production N/W2/W3/WEB, not a claim that every old spike runs in CI.	#[cfg(windows)] pub mod integration; #[cfg(windows)] mod operation; #[cfg(windows)]	https://github.com/PerryTS/turnloop/blob/a0fbb1bf9a100bb3215219f54301b9ee82ffe71f/spikes/iocp/src/lib.rs#L11
spikes/iocp/src/lib.rs	13	cfg-selection	#[cfg(windows)]	STILL TRUE — historical spike selection	Standalone workspace excluded from production members; current runtime evidence is production N/W2/W3/WEB, not a claim that every old spike runs in CI.	#[cfg(windows)] mod operation; #[cfg(windows)] pub mod pipe; #[cfg(windows)]	https://github.com/PerryTS/turnloop/blob/a0fbb1bf9a100bb3215219f54301b9ee82ffe71f/spikes/iocp/src/lib.rs#L13
spikes/iocp/src/lib.rs	15	cfg-selection	#[cfg(windows)]	STILL TRUE — historical spike selection	Standalone workspace excluded from production members; current runtime evidence is production N/W2/W3/WEB, not a claim that every old spike runs in CI.	#[cfg(windows)] pub mod pipe; #[cfg(windows)] pub mod port; #[cfg(windows)]	https://github.com/PerryTS/turnloop/blob/a0fbb1bf9a100bb3215219f54301b9ee82ffe71f/spikes/iocp/src/lib.rs#L15
spikes/iocp/src/lib.rs	17	cfg-selection	#[cfg(windows)]	STILL TRUE — historical spike selection	Standalone workspace excluded from production members; current runtime evidence is production N/W2/W3/WEB, not a claim that every old spike runs in CI.	#[cfg(windows)] pub mod port; #[cfg(windows)] pub mod process; #[cfg(windows)]	https://github.com/PerryTS/turnloop/blob/a0fbb1bf9a100bb3215219f54301b9ee82ffe71f/spikes/iocp/src/lib.rs#L17
spikes/iocp/src/lib.rs	19	cfg-selection	#[cfg(windows)]	STILL TRUE — historical spike selection	Standalone workspace excluded from production members; current runtime evidence is production N/W2/W3/WEB, not a claim that every old spike runs in CI.	#[cfg(windows)] pub mod process; #[cfg(windows)] pub mod stdio; #[cfg(windows)]	https://github.com/PerryTS/turnloop/blob/a0fbb1bf9a100bb3215219f54301b9ee82ffe71f/spikes/iocp/src/lib.rs#L19
spikes/iocp/src/lib.rs	21	cfg-selection	#[cfg(windows)]	STILL TRUE — historical spike selection	Standalone workspace excluded from production members; current runtime evidence is production N/W2/W3/WEB, not a claim that every old spike runs in CI.	#[cfg(windows)] pub mod stdio; #[cfg(windows)] pub mod tcp; #[cfg(windows)]	https://github.com/PerryTS/turnloop/blob/a0fbb1bf9a100bb3215219f54301b9ee82ffe71f/spikes/iocp/src/lib.rs#L21
spikes/iocp/src/lib.rs	23	cfg-selection	#[cfg(windows)]	STILL TRUE — historical spike selection	Standalone workspace excluded from production members; current runtime evidence is production N/W2/W3/WEB, not a claim that every old spike runs in CI.	#[cfg(windows)] pub mod tcp; #[cfg(windows)] pub mod timer;	https://github.com/PerryTS/turnloop/blob/a0fbb1bf9a100bb3215219f54301b9ee82ffe71f/spikes/iocp/src/lib.rs#L23
spikes/iocp/src/tcp.rs	32	unsupported	io::ErrorKind::Unsupported,	STILL TRUE — test/spike capability assertion	Negative test, mock provider, or historical spike. Passing rejection proves the error/cleanup subject, not successful unsupported I/O.	"if data.wVersion != 0x202 { return Err(io::Error::new( io::ErrorKind::Unsupported, ""Winsock 2.2 required"", ));"	https://github.com/PerryTS/turnloop/blob/a0fbb1bf9a100bb3215219f54301b9ee82ffe71f/spikes/iocp/src/tcp.rs#L32
spikes/iocp/src/tcp.rs	143	unsupported	io::ErrorKind::Unsupported,	STILL TRUE — test/spike capability assertion	Negative test, mock provider, or historical spike. Passing rejection proves the error/cleanup subject, not successful unsupported I/O.	"if info.dwServiceFlags1 & XP1_IFS_HANDLES == 0 { return Err(io::Error::new( io::ErrorKind::Unsupported, ""skip-success requires an IFS provider"", ));"	https://github.com/PerryTS/turnloop/blob/a0fbb1bf9a100bb3215219f54301b9ee82ffe71f/spikes/iocp/src/tcp.rs#L143
spikes/iocp/src/timer.rs	31	unsupported	// Windows 10 1803+: do not silently downgrade precision if unsupported.	STILL TRUE — test/spike capability assertion	Negative test, mock provider, or historical spike. Passing rejection proves the error/cleanup subject, not successful unsupported I/O.	fn high_resolution() -> io::Result<OwnedHandle> { // SAFETY: unnamed, noninheritable timer; ownership transferred once. // Windows 10 1803+: do not silently downgrade precision if unsupported. // https://learn.microsoft.com/en-us/windows/win32/api/synchapi/nf-synchapi-createwaitabletimerexw unsafe {	https://github.com/PerryTS/turnloop/blob/a0fbb1bf9a100bb3215219f54301b9ee82ffe71f/spikes/iocp/src/timer.rs#L31
spikes/iocp/src/timer.rs	120	unsupported	io::ErrorKind::Unsupported,	STILL TRUE — test/spike capability assertion	Negative test, mock provider, or historical spike. Passing rejection proves the error/cleanup subject, not successful unsupported I/O.	"unsafe { GetProcAddress(module, name.as_ptr().cast()) }.ok_or_else(|| { io::Error::new( io::ErrorKind::Unsupported, format!(""{} is unavailable"", name.to_string_lossy()), )"	https://github.com/PerryTS/turnloop/blob/a0fbb1bf9a100bb3215219f54301b9ee82ffe71f/spikes/iocp/src/timer.rs#L120
spikes/iocp/tests/console.rs	1	cfg-selection	#![cfg(windows)]	STILL TRUE — historical spike selection	Standalone workspace excluded from production members; current runtime evidence is production N/W2/W3/WEB, not a claim that every old spike runs in CI.	#![cfg(windows)] #![deny(unsafe_op_in_unsafe_fn)] use std::{	https://github.com/PerryTS/turnloop/blob/a0fbb1bf9a100bb3215219f54301b9ee82ffe71f/spikes/iocp/tests/console.rs#L1
spikes/iocp/tests/draft.rs	1	cfg-selection	#![cfg(windows)]	STILL TRUE — historical spike selection	Standalone workspace excluded from production members; current runtime evidence is production N/W2/W3/WEB, not a claim that every old spike runs in CI.	#![cfg(windows)] #![deny(unsafe_op_in_unsafe_fn)] use std::{	https://github.com/PerryTS/turnloop/blob/a0fbb1bf9a100bb3215219f54301b9ee82ffe71f/spikes/iocp/tests/draft.rs#L1
spikes/iocp/tests/handles.rs	1	cfg-selection	#![cfg(windows)]	STILL TRUE — historical spike selection	Standalone workspace excluded from production members; current runtime evidence is production N/W2/W3/WEB, not a claim that every old spike runs in CI.	#![cfg(windows)] #![deny(unsafe_op_in_unsafe_fn)] use std::{io, time::Duration};	https://github.com/PerryTS/turnloop/blob/a0fbb1bf9a100bb3215219f54301b9ee82ffe71f/spikes/iocp/tests/handles.rs#L1
spikes/iocp/tests/integration.rs	1	cfg-selection	#![cfg(windows)]	STILL TRUE — historical spike selection	Standalone workspace excluded from production members; current runtime evidence is production N/W2/W3/WEB, not a claim that every old spike runs in CI.	#![cfg(windows)] #![deny(unsafe_op_in_unsafe_fn)] use std::{	https://github.com/PerryTS/turnloop/blob/a0fbb1bf9a100bb3215219f54301b9ee82ffe71f/spikes/iocp/tests/integration.rs#L1
spikes/iocp/tests/pipe.rs	1	cfg-selection	#![cfg(windows)]	STILL TRUE — historical spike selection	Standalone workspace excluded from production members; current runtime evidence is production N/W2/W3/WEB, not a claim that every old spike runs in CI.	#![cfg(windows)] #![deny(unsafe_op_in_unsafe_fn)] #[test]	https://github.com/PerryTS/turnloop/blob/a0fbb1bf9a100bb3215219f54301b9ee82ffe71f/spikes/iocp/tests/pipe.rs#L1
spikes/iocp/tests/port.rs	1	cfg-selection	#![cfg(windows)]	STILL TRUE — historical spike selection	Standalone workspace excluded from production members; current runtime evidence is production N/W2/W3/WEB, not a claim that every old spike runs in CI.	#![cfg(windows)] #![deny(unsafe_op_in_unsafe_fn)] use std::{	https://github.com/PerryTS/turnloop/blob/a0fbb1bf9a100bb3215219f54301b9ee82ffe71f/spikes/iocp/tests/port.rs#L1
spikes/iocp/tests/process.rs	1	cfg-selection	#![cfg(windows)]	STILL TRUE — historical spike selection	Standalone workspace excluded from production members; current runtime evidence is production N/W2/W3/WEB, not a claim that every old spike runs in CI.	#![cfg(windows)] #![deny(unsafe_op_in_unsafe_fn)] #[test]	https://github.com/PerryTS/turnloop/blob/a0fbb1bf9a100bb3215219f54301b9ee82ffe71f/spikes/iocp/tests/process.rs#L1
spikes/iocp/tests/stdio.rs	1	cfg-selection	#![cfg(windows)]	STILL TRUE — historical spike selection	Standalone workspace excluded from production members; current runtime evidence is production N/W2/W3/WEB, not a claim that every old spike runs in CI.	#![cfg(windows)] #![deny(unsafe_op_in_unsafe_fn)] #[test]	https://github.com/PerryTS/turnloop/blob/a0fbb1bf9a100bb3215219f54301b9ee82ffe71f/spikes/iocp/tests/stdio.rs#L1
spikes/iocp/tests/tcp.rs	1	cfg-selection	#![cfg(windows)]	STILL TRUE — historical spike selection	Standalone workspace excluded from production members; current runtime evidence is production N/W2/W3/WEB, not a claim that every old spike runs in CI.	#![cfg(windows)] #![deny(unsafe_op_in_unsafe_fn)] #[test]	https://github.com/PerryTS/turnloop/blob/a0fbb1bf9a100bb3215219f54301b9ee82ffe71f/spikes/iocp/tests/tcp.rs#L1
spikes/iocp/tests/timer.rs	1	cfg-selection	#![cfg(windows)]	STILL TRUE — historical spike selection	Standalone workspace excluded from production members; current runtime evidence is production N/W2/W3/WEB, not a claim that every old spike runs in CI.	#![cfg(windows)] #![deny(unsafe_op_in_unsafe_fn)] use std::{	https://github.com/PerryTS/turnloop/blob/a0fbb1bf9a100bb3215219f54301b9ee82ffe71f/spikes/iocp/tests/timer.rs#L1
spikes/wasi-p3/README.md	9	doc-progress	Eight 100 µs timer futures complete while a 20 ms timer is pending. The two TCP	STILL TRUE — behavior/policy, not open work	Pending means operation/queue/phase state or a reporting rule. Read linked context; no missing implementation inferred.	TCP connect futures, an accept stream, byte streams and result futures run concurrently. A server echoes 257 received bytes; the client verifies every byte. Eight 100 µs timer futures complete while a 20 ms timer is pending. The two TCP tasks and timer tasks are joined by a tiny dependency-free Rust combinator. No tokio or private Rust executor crate is in the guest dependency graph.	https://github.com/PerryTS/turnloop/blob/a0fbb1bf9a100bb3215219f54301b9ee82ffe71f/spikes/wasi-p3/README.md#L9
spikes/wasi-p3/README.md	49	doc-progress	## How many pending operations share a wait	STILL TRUE — behavior/policy, not open work	Pending means operation/queue/phase state or a reporting rule. Read linked context; no missing implementation inferred.	[Bytecode Alliance release announcement](https://bytecodealliance.org/articles/WASI-0.3).  ## How many pending operations share a wait  The [Canonical ABI](https://github.com/WebAssembly/component-model/blob/main/design/mvp/CanonicalABI.md)	https://github.com/PerryTS/turnloop/blob/a0fbb1bf9a100bb3215219f54301b9ee82ffe71f/spikes/wasi-p3/README.md#L49
spikes/web/README.md	46	doc-progress	**Chrome assertions UNRUN**. `wasm-pack test --headless --chrome` was attempted:	STILL TRUE — historical spike scope	WEB: 13 production tests each Chrome/Firefox/Node. Historical standalone spike command was not rerun by these jobs. Production coverage supersedes broad platform-unrun conclusions; it does not certify every old spike command.	1 aborted response, 1 WebSocket and 257 bytes echoed.  **Chrome assertions UNRUN**. `wasm-pack test --headless --chrome` was attempted: ChromeDriver 153.0.8010.36 starts, emits `FromSockAddr failed on netmask`, and the 0.2.108 test runner treats *any stderr* as fatal, kills/retries it, then reports	https://github.com/PerryTS/turnloop/blob/a0fbb1bf9a100bb3215219f54301b9ee82ffe71f/spikes/web/README.md#L46
spikes/web/README.md	55	doc-progress	No Chrome timer precision has been measured. Firefox is UNRUN/not installed.	STILL TRUE — historical spike scope	WEB: 13 production tests each Chrome/Firefox/Node. Historical standalone spike command was not rerun by these jobs. Production coverage supersedes broad platform-unrun conclusions; it does not certify every old spike command.	with HTTP 404 during navigation. The browser and isolated Worker contracts are retained for a host where Chrome launches. Their command failures are in `../verification.jsonl`. No Chrome timer precision has been measured. Firefox is UNRUN/not installed.  ## Tool installation and soak	https://github.com/PerryTS/turnloop/blob/a0fbb1bf9a100bb3215219f54301b9ee82ffe71f/spikes/web/README.md#L55
spikes/web/README.md	85	doc-progress	browser Worker with 1,000 completions; its assertions are UNRUN due to Chrome startup.	STILL TRUE — historical spike scope	WEB: 13 production tests each Chrome/Firefox/Node. Historical standalone spike command was not rerun by these jobs. Production coverage supersedes broad platform-unrun conclusions; it does not certify every old spike command.	actually parked consumer was awakened; fast-path notify count zero. Full-ring backpressure and lossless high token bits are asserted. `isolated.html` tests a browser Worker with 1,000 completions; its assertions are UNRUN due to Chrome startup.  The browser test server serves `Cross-Origin-Opener-Policy: same-origin` and	https://github.com/PerryTS/turnloop/blob/a0fbb1bf9a100bb3215219f54301b9ee82ffe71f/spikes/web/README.md#L85
spikes/web/src/lib.rs	179	unsupported	"return Err(JsValue::from_str(""Unsupported: web turn accepts Now only""));"	STILL TRUE — test/spike capability assertion	Negative test, mock provider, or historical spike. Passing rejection proves the error/cleanup subject, not successful unsupported I/O.	"pub fn turn(&self, timeout: i32) -> Result<Array, JsValue> { if timeout != 0 { return Err(JsValue::from_str(""Unsupported: web turn accepts Now only"")); } self.host.begin_turn();"	https://github.com/PerryTS/turnloop/blob/a0fbb1bf9a100bb3215219f54301b9ee82ffe71f/spikes/web/src/lib.rs#L179
spikes/web/src/lib.rs	230	cfg-selection	#[cfg(test)]	STILL TRUE — historical spike selection	Standalone workspace excluded from production members; current runtime evidence is production N/W2/W3/WEB, not a claim that every old spike runs in CI.	}  #[cfg(test)] mod tests { use super::*;	https://github.com/PerryTS/turnloop/blob/a0fbb1bf9a100bb3215219f54301b9ee82ffe71f/spikes/web/src/lib.rs#L230
spikes/web/src/lib.rs	236	cfg-selection	"#[cfg(feature = ""browser"")]"	STILL TRUE — historical spike selection	Standalone workspace excluded from production members; current runtime evidence is production N/W2/W3/WEB, not a claim that every old spike runs in CI.	"use wasm_bindgen_futures::JsFuture; use wasm_bindgen_test::*; #[cfg(feature = ""browser"")] wasm_bindgen_test_configure!(run_in_browser); #[wasm_bindgen(module = ""/tests/contract.js"")]"	https://github.com/PerryTS/turnloop/blob/a0fbb1bf9a100bb3215219f54301b9ee82ffe71f/spikes/web/src/lib.rs#L236
